City Name,City URL
Ajo,https://www.allmenus.com/az/ajo/
Alpine,https://www.allmenus.com/az/alpine/
Apache Junction,https://www.allmenus.com/az/apache-junction/
Benson,https://www.allmenus.com/az/benson/
Bisbee,https://www.allmenus.com/az/bisbee/
Black Canyon City,https://www.allmenus.com/az/black-canyon-city/
Buckeye,https://www.allmenus.com/az/buckeye/
Bullhead City,https://www.allmenus.com/az/bullhead-city/
Camp Verde,https://www.allmenus.com/az/camp-verde/
Casa Grande,https://www.allmenus.com/az/casa-grande/
Cave Creek,https://www.allmenus.com/az/cave-creek/
Chandler,https://www.allmenus.com/az/chandler/
Chinle,https://www.allmenus.com/az/chinle/
Chino Valley,https://www.allmenus.com/az/chino-valley/
Clarkdale,https://www.allmenus.com/az/clarkdale/
Coolidge,https://www.allmenus.com/az/coolidge/
Cornville,https://www.allmenus.com/az/cornville/
Cottonwood,https://www.allmenus.com/az/cottonwood/
Dewey,https://www.allmenus.com/az/dewey/
Douglas,https://www.allmenus.com/az/douglas/
Eagar,https://www.allmenus.com/az/eagar/
El Mirage,https://www.allmenus.com/az/el-mirage/
Eloy,https://www.allmenus.com/az/eloy/
Flagstaff,https://www.allmenus.com/az/flagstaff/
Florence,https://www.allmenus.com/az/florence/
Fort Huachuca,https://www.allmenus.com/az/fort-huachuca/
Fort Mohave,https://www.allmenus.com/az/fort-mohave/
Gila Bend,https://www.allmenus.com/az/gila-bend/
Gilbert,https://www.allmenus.com/az/gilbert/
Glendale,https://www.allmenus.com/az/glendale/
Globe,https://www.allmenus.com/az/globe/
Green Valley,https://www.allmenus.com/az/green-valley/
Higley,https://www.allmenus.com/az/higley/
Holbrook,https://www.allmenus.com/az/holbrook/
Huachuca City,https://www.allmenus.com/az/huachuca-city/
Kingman,https://www.allmenus.com/az/kingman/
Lake Havasu City,https://www.allmenus.com/az/lake-havasu-city/
Lakeside,https://www.allmenus.com/az/lakeside/
Laveen,https://www.allmenus.com/az/laveen/
Litchfield Park,https://www.allmenus.com/az/litchfield-park/
Marana,https://www.allmenus.com/az/marana/
Maricopa,https://www.allmenus.com/az/maricopa/
Mayer,https://www.allmenus.com/az/mayer/
Mesa,https://www.allmenus.com/az/mesa/
Miami,https://www.allmenus.com/az/miami/
Mohave Valley,https://www.allmenus.com/az/mohave-valley/
Morenci,https://www.allmenus.com/az/morenci/
Morristown,https://www.allmenus.com/az/morristown/
Nogales,https://www.allmenus.com/az/nogales/
Oracle,https://www.allmenus.com/az/oracle/
Oro Valley,https://www.allmenus.com/az/oro-valley/
Page,https://www.allmenus.com/az/page/
Parker,https://www.allmenus.com/az/parker/
Payson,https://www.allmenus.com/az/payson/
Pearce,https://www.allmenus.com/az/pearce/
Peoria,https://www.allmenus.com/az/peoria/
Phoenix,https://www.allmenus.com/az/phoenix/
Pine,https://www.allmenus.com/az/pine/
Pinetop,https://www.allmenus.com/az/pinetop/
Prescott,https://www.allmenus.com/az/prescott/
Prescott Valley,https://www.allmenus.com/az/prescott-valley/
Queen Creek,https://www.allmenus.com/az/queen-creek/
Rimrock,https://www.allmenus.com/az/rimrock/
Rio Rico,https://www.allmenus.com/az/rio-rico/
Safford,https://www.allmenus.com/az/safford/
Sahuarita,https://www.allmenus.com/az/sahuarita/
Salome,https://www.allmenus.com/az/salome/
San Manuel,https://www.allmenus.com/az/san-manuel/
San Simon,https://www.allmenus.com/az/san-simon/
Scottsdale,https://www.allmenus.com/az/scottsdale/
Sedona,https://www.allmenus.com/az/sedona/
Sells,https://www.allmenus.com/az/sells/
Show Low,https://www.allmenus.com/az/show-low/
Sierra Vista,https://www.allmenus.com/az/sierra-vista/
Snowflake,https://www.allmenus.com/az/snowflake/
Somerton,https://www.allmenus.com/az/somerton/
Sonoita,https://www.allmenus.com/az/sonoita/
Springerville,https://www.allmenus.com/az/springerville/
Sun City,https://www.allmenus.com/az/sun-city/
Sun City West,https://www.allmenus.com/az/sun-city-west/
Surprise,https://www.allmenus.com/az/surprise/
Tempe,https://www.allmenus.com/az/tempe/
Thatcher,https://www.allmenus.com/az/thatcher/
Tolleson,https://www.allmenus.com/az/tolleson/
Tombstone,https://www.allmenus.com/az/tombstone/
Tonopah,https://www.allmenus.com/az/tonopah/
Tucson,https://www.allmenus.com/az/tucson/
Vail,https://www.allmenus.com/az/vail/
Waddell,https://www.allmenus.com/az/waddell/
Wellton,https://www.allmenus.com/az/wellton/
Wickenburg,https://www.allmenus.com/az/wickenburg/
Willcox,https://www.allmenus.com/az/willcox/
Williams,https://www.allmenus.com/az/williams/
Winslow,https://www.allmenus.com/az/winslow/
Youngtown,https://www.allmenus.com/az/youngtown/
Yuma,https://www.allmenus.com/az/yuma/
