City Name,City URL
Alexander,https://www.allmenus.com/ar/alexander/
Alma,https://www.allmenus.com/ar/alma/
Arkadelphia,https://www.allmenus.com/ar/arkadelphia/
Ash Flat,https://www.allmenus.com/ar/ash-flat/
Ashdown,https://www.allmenus.com/ar/ashdown/
Atkins,https://www.allmenus.com/ar/atkins/
Augusta,https://www.allmenus.com/ar/augusta/
Austin,https://www.allmenus.com/ar/austin/
Bald Knob,https://www.allmenus.com/ar/bald-knob/
Barling,https://www.allmenus.com/ar/barling/
Batesville,https://www.allmenus.com/ar/batesville/
Bauxite,https://www.allmenus.com/ar/bauxite/
Beebe,https://www.allmenus.com/ar/beebe/
Bella Vista,https://www.allmenus.com/ar/bella-vista/
Benton,https://www.allmenus.com/ar/benton/
Bentonville,https://www.allmenus.com/ar/bentonville/
Berryville,https://www.allmenus.com/ar/berryville/
Black Rock,https://www.allmenus.com/ar/black-rock/
Blytheville,https://www.allmenus.com/ar/blytheville/
Bono,https://www.allmenus.com/ar/bono/
Booneville,https://www.allmenus.com/ar/booneville/
Bradford,https://www.allmenus.com/ar/bradford/
Brinkley,https://www.allmenus.com/ar/brinkley/
Brookland,https://www.allmenus.com/ar/brookland/
Bryant,https://www.allmenus.com/ar/bryant/
Bull Shoals,https://www.allmenus.com/ar/bull-shoals/
Cabot,https://www.allmenus.com/ar/cabot/
Calico Rock,https://www.allmenus.com/ar/calico-rock/
Camden,https://www.allmenus.com/ar/camden/
Carlisle,https://www.allmenus.com/ar/carlisle/
Cash,https://www.allmenus.com/ar/cash/
Cave City,https://www.allmenus.com/ar/cave-city/
Cave Springs,https://www.allmenus.com/ar/cave-springs/
Cedarville,https://www.allmenus.com/ar/cedarville/
Centerton,https://www.allmenus.com/ar/centerton/
Charleston,https://www.allmenus.com/ar/charleston/
Clarksville,https://www.allmenus.com/ar/clarksville/
Clinton,https://www.allmenus.com/ar/clinton/
Colt,https://www.allmenus.com/ar/colt/
Conway,https://www.allmenus.com/ar/conway/
Corning,https://www.allmenus.com/ar/corning/
Crossett,https://www.allmenus.com/ar/crossett/
Damascus,https://www.allmenus.com/ar/damascus/
Danville,https://www.allmenus.com/ar/danville/
Dardanelle,https://www.allmenus.com/ar/dardanelle/
De Queen,https://www.allmenus.com/ar/de-queen/
De Witt,https://www.allmenus.com/ar/de-witt/
Delight,https://www.allmenus.com/ar/delight/
Des Arc,https://www.allmenus.com/ar/des-arc/
Dierks,https://www.allmenus.com/ar/dierks/
Doddridge,https://www.allmenus.com/ar/doddridge/
Dover,https://www.allmenus.com/ar/dover/
Dumas,https://www.allmenus.com/ar/dumas/
El Dorado,https://www.allmenus.com/ar/el-dorado/
El Paso,https://www.allmenus.com/ar/el-paso/
England,https://www.allmenus.com/ar/england/
Eudora,https://www.allmenus.com/ar/eudora/
Eureka Springs,https://www.allmenus.com/ar/eureka-springs/
Evening Shade,https://www.allmenus.com/ar/evening-shade/
Farmington,https://www.allmenus.com/ar/farmington/
Fayetteville,https://www.allmenus.com/ar/fayetteville/
Flippin,https://www.allmenus.com/ar/flippin/
Fordyce,https://www.allmenus.com/ar/fordyce/
Foreman,https://www.allmenus.com/ar/foreman/
Forrest City,https://www.allmenus.com/ar/forrest-city/
Fort Smith,https://www.allmenus.com/ar/fort-smith/
Fouke,https://www.allmenus.com/ar/fouke/
Gamaliel,https://www.allmenus.com/ar/gamaliel/
Gassville,https://www.allmenus.com/ar/gassville/
Gentry,https://www.allmenus.com/ar/gentry/
Glenwood,https://www.allmenus.com/ar/glenwood/
Gravel Ridge,https://www.allmenus.com/ar/gravel-ridge/
Gravette,https://www.allmenus.com/ar/gravette/
Green Forest,https://www.allmenus.com/ar/green-forest/
Greenbrier,https://www.allmenus.com/ar/greenbrier/
Greenwood,https://www.allmenus.com/ar/greenwood/
Gurdon,https://www.allmenus.com/ar/gurdon/
Hackett,https://www.allmenus.com/ar/hackett/
Hamburg,https://www.allmenus.com/ar/hamburg/
Hampton,https://www.allmenus.com/ar/hampton/
Hardy,https://www.allmenus.com/ar/hardy/
Harrisburg,https://www.allmenus.com/ar/harrisburg/
Harrison,https://www.allmenus.com/ar/harrison/
Hatfield,https://www.allmenus.com/ar/hatfield/
Hazen,https://www.allmenus.com/ar/hazen/
Heber Springs,https://www.allmenus.com/ar/heber-springs/
Hector,https://www.allmenus.com/ar/hector/
Helena,https://www.allmenus.com/ar/helena/
Henderson,https://www.allmenus.com/ar/henderson/
Hensley,https://www.allmenus.com/ar/hensley/
Heth,https://www.allmenus.com/ar/heth/
Higden,https://www.allmenus.com/ar/higden/
Holiday Island,https://www.allmenus.com/ar/holiday-island/
Hope,https://www.allmenus.com/ar/hope/
Hot Springs National Park,https://www.allmenus.com/ar/hot-springs-national-park/
Hot Springs Village,https://www.allmenus.com/ar/hot-springs-village/
Hoxie,https://www.allmenus.com/ar/hoxie/
Humnoke,https://www.allmenus.com/ar/humnoke/
Huntsville,https://www.allmenus.com/ar/huntsville/
Imboden,https://www.allmenus.com/ar/imboden/
Jacksonville,https://www.allmenus.com/ar/jacksonville/
Jasper,https://www.allmenus.com/ar/jasper/
Jonesboro,https://www.allmenus.com/ar/jonesboro/
Lake City,https://www.allmenus.com/ar/lake-city/
Lake Hamilton,https://www.allmenus.com/ar/lake-hamilton/
Lake Village,https://www.allmenus.com/ar/lake-village/
Lamar,https://www.allmenus.com/ar/lamar/
Lavaca,https://www.allmenus.com/ar/lavaca/
Lead Hill,https://www.allmenus.com/ar/lead-hill/
Leola,https://www.allmenus.com/ar/leola/
Lepanto,https://www.allmenus.com/ar/lepanto/
Lewisville,https://www.allmenus.com/ar/lewisville/
Lincoln,https://www.allmenus.com/ar/lincoln/
Little Rock,https://www.allmenus.com/ar/little-rock/
Lonoke,https://www.allmenus.com/ar/lonoke/
Lonsdale,https://www.allmenus.com/ar/lonsdale/
Lowell,https://www.allmenus.com/ar/lowell/
Mabelvale,https://www.allmenus.com/ar/mabelvale/
Magazine,https://www.allmenus.com/ar/magazine/
Magnolia,https://www.allmenus.com/ar/magnolia/
Malvern,https://www.allmenus.com/ar/malvern/
Mammoth Spring,https://www.allmenus.com/ar/mammoth-spring/
Manila,https://www.allmenus.com/ar/manila/
Mansfield,https://www.allmenus.com/ar/mansfield/
Marianna,https://www.allmenus.com/ar/marianna/
Marion,https://www.allmenus.com/ar/marion/
Marked Tree,https://www.allmenus.com/ar/marked-tree/
Marmaduke,https://www.allmenus.com/ar/marmaduke/
Marshall,https://www.allmenus.com/ar/marshall/
Marvell,https://www.allmenus.com/ar/marvell/
Maumelle,https://www.allmenus.com/ar/maumelle/
Mayflower,https://www.allmenus.com/ar/mayflower/
Mc Crory,https://www.allmenus.com/ar/mc-crory/
Mc Rae,https://www.allmenus.com/ar/mc-rae/
Melbourne,https://www.allmenus.com/ar/melbourne/
Mena,https://www.allmenus.com/ar/mena/
Monette,https://www.allmenus.com/ar/monette/
Monticello,https://www.allmenus.com/ar/monticello/
Morrilton,https://www.allmenus.com/ar/morrilton/
Mount Ida,https://www.allmenus.com/ar/mount-ida/
Mountain Home,https://www.allmenus.com/ar/mountain-home/
Mountain View,https://www.allmenus.com/ar/mountain-view/
Mulberry,https://www.allmenus.com/ar/mulberry/
Murfreesboro,https://www.allmenus.com/ar/murfreesboro/
Nashville,https://www.allmenus.com/ar/nashville/
Newport,https://www.allmenus.com/ar/newport/
North Little Rock,https://www.allmenus.com/ar/north-little-rock/
Oak Grove,https://www.allmenus.com/ar/oak-grove/
Ola,https://www.allmenus.com/ar/ola/
Osceola,https://www.allmenus.com/ar/osceola/
Ozark,https://www.allmenus.com/ar/ozark/
Palestine,https://www.allmenus.com/ar/palestine/
Pangburn,https://www.allmenus.com/ar/pangburn/
Paragould,https://www.allmenus.com/ar/paragould/
Paris,https://www.allmenus.com/ar/paris/
Parkin,https://www.allmenus.com/ar/parkin/
Pea Ridge,https://www.allmenus.com/ar/pea-ridge/
Pearcy,https://www.allmenus.com/ar/pearcy/
Perryville,https://www.allmenus.com/ar/perryville/
Piggott,https://www.allmenus.com/ar/piggott/
Pine Bluff,https://www.allmenus.com/ar/pine-bluff/
Pleasant Plains,https://www.allmenus.com/ar/pleasant-plains/
Pocahontas,https://www.allmenus.com/ar/pocahontas/
Pottsville,https://www.allmenus.com/ar/pottsville/
Prairie Grove,https://www.allmenus.com/ar/prairie-grove/
Prattsville,https://www.allmenus.com/ar/prattsville/
Prescott,https://www.allmenus.com/ar/prescott/
Quitman,https://www.allmenus.com/ar/quitman/
Ratcliff,https://www.allmenus.com/ar/ratcliff/
Rector,https://www.allmenus.com/ar/rector/
Redfield,https://www.allmenus.com/ar/redfield/
Rison,https://www.allmenus.com/ar/rison/
Rogers,https://www.allmenus.com/ar/rogers/
Rose Bud,https://www.allmenus.com/ar/rose-bud/
Russellville,https://www.allmenus.com/ar/russellville/
Salem,https://www.allmenus.com/ar/salem/
Searcy,https://www.allmenus.com/ar/searcy/
Sheridan,https://www.allmenus.com/ar/sheridan/
Sherwood,https://www.allmenus.com/ar/sherwood/
Shirley,https://www.allmenus.com/ar/shirley/
Siloam Springs,https://www.allmenus.com/ar/siloam-springs/
Smackover,https://www.allmenus.com/ar/smackover/
Springdale,https://www.allmenus.com/ar/springdale/
Stamps,https://www.allmenus.com/ar/stamps/
Star City,https://www.allmenus.com/ar/star-city/
Stuttgart,https://www.allmenus.com/ar/stuttgart/
Texarkana,https://www.allmenus.com/ar/texarkana/
Trumann,https://www.allmenus.com/ar/trumann/
Tuckerman,https://www.allmenus.com/ar/tuckerman/
Van Buren,https://www.allmenus.com/ar/van-buren/
Vilonia,https://www.allmenus.com/ar/vilonia/
Viola,https://www.allmenus.com/ar/viola/
Waldron,https://www.allmenus.com/ar/waldron/
Walnut Ridge,https://www.allmenus.com/ar/walnut-ridge/
Ward,https://www.allmenus.com/ar/ward/
Warren,https://www.allmenus.com/ar/warren/
West Helena,https://www.allmenus.com/ar/west-helena/
West Memphis,https://www.allmenus.com/ar/west-memphis/
White Hall,https://www.allmenus.com/ar/white-hall/
Wickes,https://www.allmenus.com/ar/wickes/
Wilmar,https://www.allmenus.com/ar/wilmar/
Wilson,https://www.allmenus.com/ar/wilson/
Wynne,https://www.allmenus.com/ar/wynne/
Yellville,https://www.allmenus.com/ar/yellville/
