City Name,City URL
Acampo,https://www.allmenus.com/ca/acampo/
Acton,https://www.allmenus.com/ca/acton/
Adelanto,https://www.allmenus.com/ca/adelanto/
Agoura Hills,https://www.allmenus.com/ca/agoura-hills/
Aguanga,https://www.allmenus.com/ca/aguanga/
Ahwahnee,https://www.allmenus.com/ca/ahwahnee/
Alameda,https://www.allmenus.com/ca/alameda/
Alamo,https://www.allmenus.com/ca/alamo/
Albany,https://www.allmenus.com/ca/albany/
Albion,https://www.allmenus.com/ca/albion/
Alhambra,https://www.allmenus.com/ca/alhambra/
Alpine,https://www.allmenus.com/ca/alpine/
Altadena,https://www.allmenus.com/ca/altadena/
Alturas,https://www.allmenus.com/ca/alturas/
American Canyon,https://www.allmenus.com/ca/american-canyon/
Anaheim,https://www.allmenus.com/ca/anaheim/
Anderson,https://www.allmenus.com/ca/anderson/
Angels Camp,https://www.allmenus.com/ca/angels-camp/
Angelus Oaks,https://www.allmenus.com/ca/angelus-oaks/
Antioch,https://www.allmenus.com/ca/antioch/
Apple Valley,https://www.allmenus.com/ca/apple-valley/
Aptos,https://www.allmenus.com/ca/aptos/
Arbuckle,https://www.allmenus.com/ca/arbuckle/
Arcadia,https://www.allmenus.com/ca/arcadia/
Arcata,https://www.allmenus.com/ca/arcata/
Arleta,https://www.allmenus.com/ca/arleta/
Armona,https://www.allmenus.com/ca/armona/
Arnold,https://www.allmenus.com/ca/arnold/
Arroyo Grande,https://www.allmenus.com/ca/arroyo-grande/
Artesia,https://www.allmenus.com/ca/artesia/
Arvin,https://www.allmenus.com/ca/arvin/
Atascadero,https://www.allmenus.com/ca/atascadero/
Atwater,https://www.allmenus.com/ca/atwater/
Auburn,https://www.allmenus.com/ca/auburn/
Avenal,https://www.allmenus.com/ca/avenal/
Azusa,https://www.allmenus.com/ca/azusa/
Baker,https://www.allmenus.com/ca/baker/
Bakersfield,https://www.allmenus.com/ca/bakersfield/
Baldwin Park,https://www.allmenus.com/ca/baldwin-park/
Banning,https://www.allmenus.com/ca/banning/
Barstow,https://www.allmenus.com/ca/barstow/
Bay Point,https://www.allmenus.com/ca/bay-point/
Beaumont,https://www.allmenus.com/ca/beaumont/
Bell,https://www.allmenus.com/ca/bell/
Bell Gardens,https://www.allmenus.com/ca/bell-gardens/
Bellflower,https://www.allmenus.com/ca/bellflower/
Belmont,https://www.allmenus.com/ca/belmont/
Belvedere Tiburon,https://www.allmenus.com/ca/belvedere-tiburon/
Ben Lomond,https://www.allmenus.com/ca/ben-lomond/
Benicia,https://www.allmenus.com/ca/benicia/
Berkeley,https://www.allmenus.com/ca/berkeley/
Beverly Hills,https://www.allmenus.com/ca/beverly-hills/
Big Bear City,https://www.allmenus.com/ca/big-bear-city/
Big Bear Lake,https://www.allmenus.com/ca/big-bear-lake/
Big Sur,https://www.allmenus.com/ca/big-sur/
Biggs,https://www.allmenus.com/ca/biggs/
Bishop,https://www.allmenus.com/ca/bishop/
Blairsden-Graeagle,https://www.allmenus.com/ca/blairsden-graeagle/
Bloomington,https://www.allmenus.com/ca/bloomington/
Blythe,https://www.allmenus.com/ca/blythe/
Bodega Bay,https://www.allmenus.com/ca/bodega-bay/
Bolinas,https://www.allmenus.com/ca/bolinas/
Bonita,https://www.allmenus.com/ca/bonita/
Bonsall,https://www.allmenus.com/ca/bonsall/
Boonville,https://www.allmenus.com/ca/boonville/
Boron,https://www.allmenus.com/ca/boron/
Borrego Springs,https://www.allmenus.com/ca/borrego-springs/
Boulder Creek,https://www.allmenus.com/ca/boulder-creek/
Boulevard,https://www.allmenus.com/ca/boulevard/
Brawley,https://www.allmenus.com/ca/brawley/
Brea,https://www.allmenus.com/ca/brea/
Brentwood,https://www.allmenus.com/ca/brentwood/
Bridgeport,https://www.allmenus.com/ca/bridgeport/
Brisbane,https://www.allmenus.com/ca/brisbane/
Broderick,https://www.allmenus.com/ca/broderick/
Browns Valley,https://www.allmenus.com/ca/browns-valley/
Buellton,https://www.allmenus.com/ca/buellton/
Buena Park,https://www.allmenus.com/ca/buena-park/
Burbank,https://www.allmenus.com/ca/burbank/
Burlingame,https://www.allmenus.com/ca/burlingame/
Burney,https://www.allmenus.com/ca/burney/
Buttonwillow,https://www.allmenus.com/ca/buttonwillow/
Byron,https://www.allmenus.com/ca/byron/
Cabazon,https://www.allmenus.com/ca/cabazon/
Calabasas,https://www.allmenus.com/ca/calabasas/
Calexico,https://www.allmenus.com/ca/calexico/
California City,https://www.allmenus.com/ca/california-city/
Calimesa,https://www.allmenus.com/ca/calimesa/
Calistoga,https://www.allmenus.com/ca/calistoga/
Camarillo,https://www.allmenus.com/ca/camarillo/
Cambria,https://www.allmenus.com/ca/cambria/
Camino,https://www.allmenus.com/ca/camino/
Camp Pendleton,https://www.allmenus.com/ca/camp-pendleton/
Campbell,https://www.allmenus.com/ca/campbell/
Campo,https://www.allmenus.com/ca/campo/
Canoga Park,https://www.allmenus.com/ca/canoga-park/
Canyon Country,https://www.allmenus.com/ca/canyon-country/
Capistrano Beach,https://www.allmenus.com/ca/capistrano-beach/
Capitola,https://www.allmenus.com/ca/capitola/
Cardiff By The Sea,https://www.allmenus.com/ca/cardiff-by-the-sea/
Carlsbad,https://www.allmenus.com/ca/carlsbad/
Carmel,https://www.allmenus.com/ca/carmel/
Carmel Valley,https://www.allmenus.com/ca/carmel-valley/
Carmichael,https://www.allmenus.com/ca/carmichael/
Carpinteria,https://www.allmenus.com/ca/carpinteria/
Carson,https://www.allmenus.com/ca/carson/
Caruthers,https://www.allmenus.com/ca/caruthers/
Castaic,https://www.allmenus.com/ca/castaic/
Castro Valley,https://www.allmenus.com/ca/castro-valley/
Castroville,https://www.allmenus.com/ca/castroville/
Cathedral City,https://www.allmenus.com/ca/cathedral-city/
Cayucos,https://www.allmenus.com/ca/cayucos/
Ceres,https://www.allmenus.com/ca/ceres/
Cerritos,https://www.allmenus.com/ca/cerritos/
Chatsworth,https://www.allmenus.com/ca/chatsworth/
Chester,https://www.allmenus.com/ca/chester/
Chico,https://www.allmenus.com/ca/chico/
Chino,https://www.allmenus.com/ca/chino/
Chino Hills,https://www.allmenus.com/ca/chino-hills/
Chowchilla,https://www.allmenus.com/ca/chowchilla/
Chula Vista,https://www.allmenus.com/ca/chula-vista/
Citrus Heights,https://www.allmenus.com/ca/citrus-heights/
City Of Industry,https://www.allmenus.com/ca/city-of-industry/
Claremont,https://www.allmenus.com/ca/claremont/
Clayton,https://www.allmenus.com/ca/clayton/
Clearlake,https://www.allmenus.com/ca/clearlake/
Cloverdale,https://www.allmenus.com/ca/cloverdale/
Clovis,https://www.allmenus.com/ca/clovis/
Coachella,https://www.allmenus.com/ca/coachella/
Coalinga,https://www.allmenus.com/ca/coalinga/
Coarsegold,https://www.allmenus.com/ca/coarsegold/
Coleville,https://www.allmenus.com/ca/coleville/
Colfax,https://www.allmenus.com/ca/colfax/
Colton,https://www.allmenus.com/ca/colton/
Columbia,https://www.allmenus.com/ca/columbia/
Colusa,https://www.allmenus.com/ca/colusa/
Compton,https://www.allmenus.com/ca/compton/
Concord,https://www.allmenus.com/ca/concord/
Cool,https://www.allmenus.com/ca/cool/
Copperopolis,https://www.allmenus.com/ca/copperopolis/
Corcoran,https://www.allmenus.com/ca/corcoran/
Corning,https://www.allmenus.com/ca/corning/
Corona,https://www.allmenus.com/ca/corona/
Corona Del Mar,https://www.allmenus.com/ca/corona-del-mar/
Coronado,https://www.allmenus.com/ca/coronado/
Corte Madera,https://www.allmenus.com/ca/corte-madera/
Costa Mesa,https://www.allmenus.com/ca/costa-mesa/
Cotati,https://www.allmenus.com/ca/cotati/
Cottonwood,https://www.allmenus.com/ca/cottonwood/
Coulterville,https://www.allmenus.com/ca/coulterville/
Covina,https://www.allmenus.com/ca/covina/
Crescent City,https://www.allmenus.com/ca/crescent-city/
Crockett,https://www.allmenus.com/ca/crockett/
Crows Landing,https://www.allmenus.com/ca/crows-landing/
Cudahy,https://www.allmenus.com/ca/cudahy/
Culver City,https://www.allmenus.com/ca/culver-city/
Cupertino,https://www.allmenus.com/ca/cupertino/
Cutler,https://www.allmenus.com/ca/cutler/
Cypress,https://www.allmenus.com/ca/cypress/
Daly City,https://www.allmenus.com/ca/daly-city/
Dana Point,https://www.allmenus.com/ca/dana-point/
Danville,https://www.allmenus.com/ca/danville/
Davenport,https://www.allmenus.com/ca/davenport/
Davis,https://www.allmenus.com/ca/davis/
Del Mar,https://www.allmenus.com/ca/del-mar/
Del Rey,https://www.allmenus.com/ca/del-rey/
Delano,https://www.allmenus.com/ca/delano/
Delhi,https://www.allmenus.com/ca/delhi/
Denair,https://www.allmenus.com/ca/denair/
Descanso,https://www.allmenus.com/ca/descanso/
Desert Hot Springs,https://www.allmenus.com/ca/desert-hot-springs/
Diamond Bar,https://www.allmenus.com/ca/diamond-bar/
Diamond Springs,https://www.allmenus.com/ca/diamond-springs/
Dinuba,https://www.allmenus.com/ca/dinuba/
Dixon,https://www.allmenus.com/ca/dixon/
Dos Palos,https://www.allmenus.com/ca/dos-palos/
Downey,https://www.allmenus.com/ca/downey/
Duarte,https://www.allmenus.com/ca/duarte/
Dublin,https://www.allmenus.com/ca/dublin/
Dunsmuir,https://www.allmenus.com/ca/dunsmuir/
Durham,https://www.allmenus.com/ca/durham/
Earlimart,https://www.allmenus.com/ca/earlimart/
East Los Angeles,https://www.allmenus.com/ca/east-los-angeles/
East Palo Alto,https://www.allmenus.com/ca/east-palo-alto/
Edwards,https://www.allmenus.com/ca/edwards/
El Cajon,https://www.allmenus.com/ca/el-cajon/
El Centro,https://www.allmenus.com/ca/el-centro/
El Cerrito,https://www.allmenus.com/ca/el-cerrito/
El Dorado Hills,https://www.allmenus.com/ca/el-dorado-hills/
El Monte,https://www.allmenus.com/ca/el-monte/
El Sobrante,https://www.allmenus.com/ca/el-sobrante/
El Toro,https://www.allmenus.com/ca/el-toro/
Elk Grove,https://www.allmenus.com/ca/elk-grove/
Elverta,https://www.allmenus.com/ca/elverta/
Emeryville,https://www.allmenus.com/ca/emeryville/
Encinitas,https://www.allmenus.com/ca/encinitas/
Encino,https://www.allmenus.com/ca/encino/
Escalon,https://www.allmenus.com/ca/escalon/
Escondido,https://www.allmenus.com/ca/escondido/
Etiwanda,https://www.allmenus.com/ca/etiwanda/
Eureka,https://www.allmenus.com/ca/eureka/
Exeter,https://www.allmenus.com/ca/exeter/
Fair Oaks,https://www.allmenus.com/ca/fair-oaks/
Fairfax,https://www.allmenus.com/ca/fairfax/
Fairfield,https://www.allmenus.com/ca/fairfield/
Fall River Mills,https://www.allmenus.com/ca/fall-river-mills/
Fallbrook,https://www.allmenus.com/ca/fallbrook/
Farmersville,https://www.allmenus.com/ca/farmersville/
Farmington,https://www.allmenus.com/ca/farmington/
Felton,https://www.allmenus.com/ca/felton/
Fillmore,https://www.allmenus.com/ca/fillmore/
Firebaugh,https://www.allmenus.com/ca/firebaugh/
Folsom,https://www.allmenus.com/ca/folsom/
Fontana,https://www.allmenus.com/ca/fontana/
Foresthill,https://www.allmenus.com/ca/foresthill/
Forestville,https://www.allmenus.com/ca/forestville/
Fort Bragg,https://www.allmenus.com/ca/fort-bragg/
Fort Irwin,https://www.allmenus.com/ca/fort-irwin/
Fortuna,https://www.allmenus.com/ca/fortuna/
Foster City,https://www.allmenus.com/ca/foster-city/
Fountain Valley,https://www.allmenus.com/ca/fountain-valley/
Fowler,https://www.allmenus.com/ca/fowler/
Freedom,https://www.allmenus.com/ca/freedom/
Fremont,https://www.allmenus.com/ca/fremont/
French Camp,https://www.allmenus.com/ca/french-camp/
Fresno,https://www.allmenus.com/ca/fresno/
Friant,https://www.allmenus.com/ca/friant/
Fullerton,https://www.allmenus.com/ca/fullerton/
Galt,https://www.allmenus.com/ca/galt/
Garberville,https://www.allmenus.com/ca/garberville/
Garden Grove,https://www.allmenus.com/ca/garden-grove/
Gardena,https://www.allmenus.com/ca/gardena/
Geyserville,https://www.allmenus.com/ca/geyserville/
Gilroy,https://www.allmenus.com/ca/gilroy/
Glen Ellen,https://www.allmenus.com/ca/glen-ellen/
Glendale,https://www.allmenus.com/ca/glendale/
Glendora,https://www.allmenus.com/ca/glendora/
Goleta,https://www.allmenus.com/ca/goleta/
Gonzales,https://www.allmenus.com/ca/gonzales/
Granada Hills,https://www.allmenus.com/ca/granada-hills/
Granite Bay,https://www.allmenus.com/ca/granite-bay/
Grass Valley,https://www.allmenus.com/ca/grass-valley/
Graton,https://www.allmenus.com/ca/graton/
Greenfield,https://www.allmenus.com/ca/greenfield/
Gridley,https://www.allmenus.com/ca/gridley/
Groveland,https://www.allmenus.com/ca/groveland/
Grover Beach,https://www.allmenus.com/ca/grover-beach/
Guadalupe,https://www.allmenus.com/ca/guadalupe/
Gualala,https://www.allmenus.com/ca/gualala/
Guerneville,https://www.allmenus.com/ca/guerneville/
Gustine,https://www.allmenus.com/ca/gustine/
Hacienda Heights,https://www.allmenus.com/ca/hacienda-heights/
Half Moon Bay,https://www.allmenus.com/ca/half-moon-bay/
Hanford,https://www.allmenus.com/ca/hanford/
Harbor City,https://www.allmenus.com/ca/harbor-city/
Hawaiian Gardens,https://www.allmenus.com/ca/hawaiian-gardens/
Hawthorne,https://www.allmenus.com/ca/hawthorne/
Hayward,https://www.allmenus.com/ca/hayward/
Healdsburg,https://www.allmenus.com/ca/healdsburg/
Heber,https://www.allmenus.com/ca/heber/
Hemet,https://www.allmenus.com/ca/hemet/
Hercules,https://www.allmenus.com/ca/hercules/
Hermosa Beach,https://www.allmenus.com/ca/hermosa-beach/
Hesperia,https://www.allmenus.com/ca/hesperia/
Highland,https://www.allmenus.com/ca/highland/
Hilmar,https://www.allmenus.com/ca/hilmar/
Hollister,https://www.allmenus.com/ca/hollister/
Holtville,https://www.allmenus.com/ca/holtville/
Hopland,https://www.allmenus.com/ca/hopland/
Hornbrook,https://www.allmenus.com/ca/hornbrook/
Hughson,https://www.allmenus.com/ca/hughson/
Huntington Beach,https://www.allmenus.com/ca/huntington-beach/
Huntington Park,https://www.allmenus.com/ca/huntington-park/
Huron,https://www.allmenus.com/ca/huron/
Idyllwild,https://www.allmenus.com/ca/idyllwild/
Imperial,https://www.allmenus.com/ca/imperial/
Imperial Beach,https://www.allmenus.com/ca/imperial-beach/
Indio,https://www.allmenus.com/ca/indio/
Inglewood,https://www.allmenus.com/ca/inglewood/
Inyokern,https://www.allmenus.com/ca/inyokern/
Ione,https://www.allmenus.com/ca/ione/
Irvine,https://www.allmenus.com/ca/irvine/
Irwindale,https://www.allmenus.com/ca/irwindale/
Isleton,https://www.allmenus.com/ca/isleton/
Jackson,https://www.allmenus.com/ca/jackson/
Jacumba,https://www.allmenus.com/ca/jacumba/
Jamestown,https://www.allmenus.com/ca/jamestown/
Jamul,https://www.allmenus.com/ca/jamul/
Janesville,https://www.allmenus.com/ca/janesville/
Jenner,https://www.allmenus.com/ca/jenner/
Joshua Tree,https://www.allmenus.com/ca/joshua-tree/
Julian,https://www.allmenus.com/ca/julian/
June Lake,https://www.allmenus.com/ca/june-lake/
Kelseyville,https://www.allmenus.com/ca/kelseyville/
Kentfield,https://www.allmenus.com/ca/kentfield/
Kenwood,https://www.allmenus.com/ca/kenwood/
Kerman,https://www.allmenus.com/ca/kerman/
Kernville,https://www.allmenus.com/ca/kernville/
Kettleman City,https://www.allmenus.com/ca/kettleman-city/
Keyes,https://www.allmenus.com/ca/keyes/
King City,https://www.allmenus.com/ca/king-city/
Kingsburg,https://www.allmenus.com/ca/kingsburg/
La Canada Flintridge,https://www.allmenus.com/ca/la-canada-flintridge/
La Crescenta,https://www.allmenus.com/ca/la-crescenta/
La Habra,https://www.allmenus.com/ca/la-habra/
La Jolla,https://www.allmenus.com/ca/la-jolla/
La Mesa,https://www.allmenus.com/ca/la-mesa/
La Mirada,https://www.allmenus.com/ca/la-mirada/
La Puente,https://www.allmenus.com/ca/la-puente/
La Quinta,https://www.allmenus.com/ca/la-quinta/
La Verne,https://www.allmenus.com/ca/la-verne/
Lafayette,https://www.allmenus.com/ca/lafayette/
Laguna Beach,https://www.allmenus.com/ca/laguna-beach/
Laguna Hills,https://www.allmenus.com/ca/laguna-hills/
Lake Elsinore,https://www.allmenus.com/ca/lake-elsinore/
Lake Hughes,https://www.allmenus.com/ca/lake-hughes/
Lake Isabella,https://www.allmenus.com/ca/lake-isabella/
Lakehead,https://www.allmenus.com/ca/lakehead/
Lakeport,https://www.allmenus.com/ca/lakeport/
Lakeside,https://www.allmenus.com/ca/lakeside/
Lakewood,https://www.allmenus.com/ca/lakewood/
Lamont,https://www.allmenus.com/ca/lamont/
Lancaster,https://www.allmenus.com/ca/lancaster/
Larkspur,https://www.allmenus.com/ca/larkspur/
Lathrop,https://www.allmenus.com/ca/lathrop/
Lawndale,https://www.allmenus.com/ca/lawndale/
Laytonville,https://www.allmenus.com/ca/laytonville/
Le Grand,https://www.allmenus.com/ca/le-grand/
Lebec,https://www.allmenus.com/ca/lebec/
Lemon Grove,https://www.allmenus.com/ca/lemon-grove/
Lemoore,https://www.allmenus.com/ca/lemoore/
Lennox,https://www.allmenus.com/ca/lennox/
Lincoln,https://www.allmenus.com/ca/lincoln/
Linden,https://www.allmenus.com/ca/linden/
Lindsay,https://www.allmenus.com/ca/lindsay/
Little River,https://www.allmenus.com/ca/little-river/
Littlerock,https://www.allmenus.com/ca/littlerock/
Live Oak,https://www.allmenus.com/ca/live-oak/
Livermore,https://www.allmenus.com/ca/livermore/
Livingston,https://www.allmenus.com/ca/livingston/
Lockeford,https://www.allmenus.com/ca/lockeford/
Lodi,https://www.allmenus.com/ca/lodi/
Loma Linda,https://www.allmenus.com/ca/loma-linda/
Lomita,https://www.allmenus.com/ca/lomita/
Lompoc,https://www.allmenus.com/ca/lompoc/
Lone Pine,https://www.allmenus.com/ca/lone-pine/
Long Barn,https://www.allmenus.com/ca/long-barn/
Long Beach,https://www.allmenus.com/ca/long-beach/
Loomis,https://www.allmenus.com/ca/loomis/
Los Alamitos,https://www.allmenus.com/ca/los-alamitos/
Los Altos,https://www.allmenus.com/ca/los-altos/
Los Angeles,https://www.allmenus.com/ca/los-angeles/
Los Banos,https://www.allmenus.com/ca/los-banos/
Los Gatos,https://www.allmenus.com/ca/los-gatos/
Los Osos,https://www.allmenus.com/ca/los-osos/
Lost Hills,https://www.allmenus.com/ca/lost-hills/
Lotus,https://www.allmenus.com/ca/lotus/
Lower Lake,https://www.allmenus.com/ca/lower-lake/
Lucerne,https://www.allmenus.com/ca/lucerne/
Lynwood,https://www.allmenus.com/ca/lynwood/
Mad River,https://www.allmenus.com/ca/mad-river/
Madera,https://www.allmenus.com/ca/madera/
Malibu,https://www.allmenus.com/ca/malibu/
Mammoth Lakes,https://www.allmenus.com/ca/mammoth-lakes/
Manhattan Beach,https://www.allmenus.com/ca/manhattan-beach/
Manteca,https://www.allmenus.com/ca/manteca/
Maricopa,https://www.allmenus.com/ca/maricopa/
Marina,https://www.allmenus.com/ca/marina/
Marina Del Rey,https://www.allmenus.com/ca/marina-del-rey/
Mariposa,https://www.allmenus.com/ca/mariposa/
Marshall,https://www.allmenus.com/ca/marshall/
Martinez,https://www.allmenus.com/ca/martinez/
Marysville,https://www.allmenus.com/ca/marysville/
Maywood,https://www.allmenus.com/ca/maywood/
Mc Farland,https://www.allmenus.com/ca/mc-farland/
Meadow Vista,https://www.allmenus.com/ca/meadow-vista/
Mecca,https://www.allmenus.com/ca/mecca/
Mendocino,https://www.allmenus.com/ca/mendocino/
Mendota,https://www.allmenus.com/ca/mendota/
Menlo Park,https://www.allmenus.com/ca/menlo-park/
Mentone,https://www.allmenus.com/ca/mentone/
Merced,https://www.allmenus.com/ca/merced/
Midway City,https://www.allmenus.com/ca/midway-city/
Mill Valley,https://www.allmenus.com/ca/mill-valley/
Millbrae,https://www.allmenus.com/ca/millbrae/
Milpitas,https://www.allmenus.com/ca/milpitas/
Mira Loma,https://www.allmenus.com/ca/mira-loma/
Mission Hills,https://www.allmenus.com/ca/mission-hills/
Modesto,https://www.allmenus.com/ca/modesto/
Mojave,https://www.allmenus.com/ca/mojave/
Mokelumne Hill,https://www.allmenus.com/ca/mokelumne-hill/
Monrovia,https://www.allmenus.com/ca/monrovia/
Montclair,https://www.allmenus.com/ca/montclair/
Monte Rio,https://www.allmenus.com/ca/monte-rio/
Montebello,https://www.allmenus.com/ca/montebello/
Montecito,https://www.allmenus.com/ca/montecito/
Monterey,https://www.allmenus.com/ca/monterey/
Monterey Park,https://www.allmenus.com/ca/monterey-park/
Montrose,https://www.allmenus.com/ca/montrose/
Moorpark,https://www.allmenus.com/ca/moorpark/
Moraga,https://www.allmenus.com/ca/moraga/
Moreno Valley,https://www.allmenus.com/ca/moreno-valley/
Morgan Hill,https://www.allmenus.com/ca/morgan-hill/
Morongo Valley,https://www.allmenus.com/ca/morongo-valley/
Morro Bay,https://www.allmenus.com/ca/morro-bay/
Moss Beach,https://www.allmenus.com/ca/moss-beach/
Moss Landing,https://www.allmenus.com/ca/moss-landing/
Mount Shasta,https://www.allmenus.com/ca/mount-shasta/
Mountain View,https://www.allmenus.com/ca/mountain-view/
Murphys,https://www.allmenus.com/ca/murphys/
Murrieta,https://www.allmenus.com/ca/murrieta/
Napa,https://www.allmenus.com/ca/napa/
National City,https://www.allmenus.com/ca/national-city/
Needles,https://www.allmenus.com/ca/needles/
Nevada City,https://www.allmenus.com/ca/nevada-city/
Newark,https://www.allmenus.com/ca/newark/
Newberry Springs,https://www.allmenus.com/ca/newberry-springs/
Newbury Park,https://www.allmenus.com/ca/newbury-park/
Newcastle,https://www.allmenus.com/ca/newcastle/
Newhall,https://www.allmenus.com/ca/newhall/
Newman,https://www.allmenus.com/ca/newman/
Newport Beach,https://www.allmenus.com/ca/newport-beach/
Nipomo,https://www.allmenus.com/ca/nipomo/
Norco,https://www.allmenus.com/ca/norco/
North Fork,https://www.allmenus.com/ca/north-fork/
North Highlands,https://www.allmenus.com/ca/north-highlands/
North Hills,https://www.allmenus.com/ca/north-hills/
North Hollywood,https://www.allmenus.com/ca/north-hollywood/
Northridge,https://www.allmenus.com/ca/northridge/
Norwalk,https://www.allmenus.com/ca/norwalk/
Novato,https://www.allmenus.com/ca/novato/
Nuevo,https://www.allmenus.com/ca/nuevo/
Oak View,https://www.allmenus.com/ca/oak-view/
Oakdale,https://www.allmenus.com/ca/oakdale/
Oakhurst,https://www.allmenus.com/ca/oakhurst/
Oakland,https://www.allmenus.com/ca/oakland/
Oakley,https://www.allmenus.com/ca/oakley/
Occidental,https://www.allmenus.com/ca/occidental/
Oceano,https://www.allmenus.com/ca/oceano/
Oceanside,https://www.allmenus.com/ca/oceanside/
Ojai,https://www.allmenus.com/ca/ojai/
Olivehurst,https://www.allmenus.com/ca/olivehurst/
Olympic Valley,https://www.allmenus.com/ca/olympic-valley/
Ontario,https://www.allmenus.com/ca/ontario/
Orange,https://www.allmenus.com/ca/orange/
Orange Cove,https://www.allmenus.com/ca/orange-cove/
Orangevale,https://www.allmenus.com/ca/orangevale/
Orcutt,https://www.allmenus.com/ca/orcutt/
Orinda,https://www.allmenus.com/ca/orinda/
Orland,https://www.allmenus.com/ca/orland/
Oro Grande,https://www.allmenus.com/ca/oro-grande/
Orosi,https://www.allmenus.com/ca/orosi/
Oroville,https://www.allmenus.com/ca/oroville/
Oxnard,https://www.allmenus.com/ca/oxnard/
Pacheco,https://www.allmenus.com/ca/pacheco/
Pacific Grove,https://www.allmenus.com/ca/pacific-grove/
Pacific Palisades,https://www.allmenus.com/ca/pacific-palisades/
Pacifica,https://www.allmenus.com/ca/pacifica/
Pacoima,https://www.allmenus.com/ca/pacoima/
Palm Desert,https://www.allmenus.com/ca/palm-desert/
Palm Springs,https://www.allmenus.com/ca/palm-springs/
Palmdale,https://www.allmenus.com/ca/palmdale/
Palo Alto,https://www.allmenus.com/ca/palo-alto/
Palo Cedro,https://www.allmenus.com/ca/palo-cedro/
Palos Verdes Estates,https://www.allmenus.com/ca/palos-verdes-estates/
Palos Verdes Peninsula,https://www.allmenus.com/ca/palos-verdes-peninsula/
Panorama City,https://www.allmenus.com/ca/panorama-city/
Paradise,https://www.allmenus.com/ca/paradise/
Paramount,https://www.allmenus.com/ca/paramount/
Parlier,https://www.allmenus.com/ca/parlier/
Pasadena,https://www.allmenus.com/ca/pasadena/
Paso Robles,https://www.allmenus.com/ca/paso-robles/
Patterson,https://www.allmenus.com/ca/patterson/
Pebble Beach,https://www.allmenus.com/ca/pebble-beach/
Penn Valley,https://www.allmenus.com/ca/penn-valley/
Penngrove,https://www.allmenus.com/ca/penngrove/
Penryn,https://www.allmenus.com/ca/penryn/
Perris,https://www.allmenus.com/ca/perris/
Petaluma,https://www.allmenus.com/ca/petaluma/
Phelan,https://www.allmenus.com/ca/phelan/
Pico Rivera,https://www.allmenus.com/ca/pico-rivera/
Piedmont,https://www.allmenus.com/ca/piedmont/
Pine Grove,https://www.allmenus.com/ca/pine-grove/
Pinole,https://www.allmenus.com/ca/pinole/
Pinon Hills,https://www.allmenus.com/ca/pinon-hills/
Pioneer,https://www.allmenus.com/ca/pioneer/
Pismo Beach,https://www.allmenus.com/ca/pismo-beach/
Pittsburg,https://www.allmenus.com/ca/pittsburg/
Placentia,https://www.allmenus.com/ca/placentia/
Placerville,https://www.allmenus.com/ca/placerville/
Playa Del Rey,https://www.allmenus.com/ca/playa-del-rey/
Pleasant Hill,https://www.allmenus.com/ca/pleasant-hill/
Pleasanton,https://www.allmenus.com/ca/pleasanton/
Plymouth,https://www.allmenus.com/ca/plymouth/
Point Reyes Station,https://www.allmenus.com/ca/point-reyes-station/
Pollock Pines,https://www.allmenus.com/ca/pollock-pines/
Pomona,https://www.allmenus.com/ca/pomona/
Port Hueneme,https://www.allmenus.com/ca/port-hueneme/
Porterville,https://www.allmenus.com/ca/porterville/
Portola,https://www.allmenus.com/ca/portola/
Poway,https://www.allmenus.com/ca/poway/
Prather,https://www.allmenus.com/ca/prather/
Quincy,https://www.allmenus.com/ca/quincy/
Ramona,https://www.allmenus.com/ca/ramona/
Rancho Cordova,https://www.allmenus.com/ca/rancho-cordova/
Rancho Cucamonga,https://www.allmenus.com/ca/rancho-cucamonga/
Rancho Mirage,https://www.allmenus.com/ca/rancho-mirage/
Rancho Santa Fe,https://www.allmenus.com/ca/rancho-santa-fe/
Rancho Santa Margarita,https://www.allmenus.com/ca/rancho-santa-margarita/
Red Bluff,https://www.allmenus.com/ca/red-bluff/
Redding,https://www.allmenus.com/ca/redding/
Redlands,https://www.allmenus.com/ca/redlands/
Redondo Beach,https://www.allmenus.com/ca/redondo-beach/
Redwood City,https://www.allmenus.com/ca/redwood-city/
Redwood Valley,https://www.allmenus.com/ca/redwood-valley/
Reedley,https://www.allmenus.com/ca/reedley/
Rescue,https://www.allmenus.com/ca/rescue/
Reseda,https://www.allmenus.com/ca/reseda/
Rialto,https://www.allmenus.com/ca/rialto/
Richmond,https://www.allmenus.com/ca/richmond/
Ridgecrest,https://www.allmenus.com/ca/ridgecrest/
Rio Dell,https://www.allmenus.com/ca/rio-dell/
Rio Linda,https://www.allmenus.com/ca/rio-linda/
Rio Vista,https://www.allmenus.com/ca/rio-vista/
Ripon,https://www.allmenus.com/ca/ripon/
Riverbank,https://www.allmenus.com/ca/riverbank/
Riverdale,https://www.allmenus.com/ca/riverdale/
Riverside,https://www.allmenus.com/ca/riverside/
Rocklin,https://www.allmenus.com/ca/rocklin/
Rodeo,https://www.allmenus.com/ca/rodeo/
Rohnert Park,https://www.allmenus.com/ca/rohnert-park/
Rosamond,https://www.allmenus.com/ca/rosamond/
Rosemead,https://www.allmenus.com/ca/rosemead/
Roseville,https://www.allmenus.com/ca/roseville/
Rowland Heights,https://www.allmenus.com/ca/rowland-heights/
Rubidoux,https://www.allmenus.com/ca/rubidoux/
Sacramento,https://www.allmenus.com/ca/sacramento/
Saint Helena,https://www.allmenus.com/ca/saint-helena/
Salida,https://www.allmenus.com/ca/salida/
Salinas,https://www.allmenus.com/ca/salinas/
San Andreas,https://www.allmenus.com/ca/san-andreas/
San Anselmo,https://www.allmenus.com/ca/san-anselmo/
San Bernardino,https://www.allmenus.com/ca/san-bernardino/
San Bruno,https://www.allmenus.com/ca/san-bruno/
San Carlos,https://www.allmenus.com/ca/san-carlos/
San Clemente,https://www.allmenus.com/ca/san-clemente/
San Diego,https://www.allmenus.com/ca/san-diego/
San Dimas,https://www.allmenus.com/ca/san-dimas/
San Fernando,https://www.allmenus.com/ca/san-fernando/
San Francisco,https://www.allmenus.com/ca/san-francisco/
San Gabriel,https://www.allmenus.com/ca/san-gabriel/
San Jacinto,https://www.allmenus.com/ca/san-jacinto/
San Joaquin,https://www.allmenus.com/ca/san-joaquin/
San Jose,https://www.allmenus.com/ca/san-jose/
San Juan Bautista,https://www.allmenus.com/ca/san-juan-bautista/
San Juan Capistrano,https://www.allmenus.com/ca/san-juan-capistrano/
San Leandro,https://www.allmenus.com/ca/san-leandro/
San Lorenzo,https://www.allmenus.com/ca/san-lorenzo/
San Luis Obispo,https://www.allmenus.com/ca/san-luis-obispo/
San Marcos,https://www.allmenus.com/ca/san-marcos/
San Marino,https://www.allmenus.com/ca/san-marino/
San Mateo,https://www.allmenus.com/ca/san-mateo/
San Pablo,https://www.allmenus.com/ca/san-pablo/
San Pedro,https://www.allmenus.com/ca/san-pedro/
San Rafael,https://www.allmenus.com/ca/san-rafael/
San Ramon,https://www.allmenus.com/ca/san-ramon/
San Ysidro,https://www.allmenus.com/ca/san-ysidro/
Sanger,https://www.allmenus.com/ca/sanger/
Santa Ana,https://www.allmenus.com/ca/santa-ana/
Santa Barbara,https://www.allmenus.com/ca/santa-barbara/
Santa Clara,https://www.allmenus.com/ca/santa-clara/
Santa Clarita,https://www.allmenus.com/ca/santa-clarita/
Santa Cruz,https://www.allmenus.com/ca/santa-cruz/
Santa Fe Springs,https://www.allmenus.com/ca/santa-fe-springs/
Santa Margarita,https://www.allmenus.com/ca/santa-margarita/
Santa Maria,https://www.allmenus.com/ca/santa-maria/
Santa Monica,https://www.allmenus.com/ca/santa-monica/
Santa Paula,https://www.allmenus.com/ca/santa-paula/
Santa Rosa,https://www.allmenus.com/ca/santa-rosa/
Santa Ynez,https://www.allmenus.com/ca/santa-ynez/
Santee,https://www.allmenus.com/ca/santee/
Saratoga,https://www.allmenus.com/ca/saratoga/
Sausalito,https://www.allmenus.com/ca/sausalito/
Scotts Valley,https://www.allmenus.com/ca/scotts-valley/
Seal Beach,https://www.allmenus.com/ca/seal-beach/
Seaside,https://www.allmenus.com/ca/seaside/
Sebastopol,https://www.allmenus.com/ca/sebastopol/
Selma,https://www.allmenus.com/ca/selma/
Shafter,https://www.allmenus.com/ca/shafter/
Shasta Lake,https://www.allmenus.com/ca/shasta-lake/
Shaver Lake,https://www.allmenus.com/ca/shaver-lake/
Sherman Oaks,https://www.allmenus.com/ca/sherman-oaks/
Shingle Springs,https://www.allmenus.com/ca/shingle-springs/
Sierra Madre,https://www.allmenus.com/ca/sierra-madre/
Silverado,https://www.allmenus.com/ca/silverado/
Simi Valley,https://www.allmenus.com/ca/simi-valley/
Sloughhouse,https://www.allmenus.com/ca/sloughhouse/
Solana Beach,https://www.allmenus.com/ca/solana-beach/
Soledad,https://www.allmenus.com/ca/soledad/
Solvang,https://www.allmenus.com/ca/solvang/
Sonoma,https://www.allmenus.com/ca/sonoma/
Sonora,https://www.allmenus.com/ca/sonora/
Soquel,https://www.allmenus.com/ca/soquel/
South El Monte,https://www.allmenus.com/ca/south-el-monte/
South Gate,https://www.allmenus.com/ca/south-gate/
South Lake Tahoe,https://www.allmenus.com/ca/south-lake-tahoe/
South Pasadena,https://www.allmenus.com/ca/south-pasadena/
South San Francisco,https://www.allmenus.com/ca/south-san-francisco/
Spring Valley,https://www.allmenus.com/ca/spring-valley/
Springville,https://www.allmenus.com/ca/springville/
Stanford,https://www.allmenus.com/ca/stanford/
Stanton,https://www.allmenus.com/ca/stanton/
Stockton,https://www.allmenus.com/ca/stockton/
Strathmore,https://www.allmenus.com/ca/strathmore/
Studio City,https://www.allmenus.com/ca/studio-city/
Suisun City,https://www.allmenus.com/ca/suisun-city/
Sun City,https://www.allmenus.com/ca/sun-city/
Sun Valley,https://www.allmenus.com/ca/sun-valley/
Sunland,https://www.allmenus.com/ca/sunland/
Sunnyvale,https://www.allmenus.com/ca/sunnyvale/
Susanville,https://www.allmenus.com/ca/susanville/
Sutter Creek,https://www.allmenus.com/ca/sutter-creek/
Sylmar,https://www.allmenus.com/ca/sylmar/
Taft,https://www.allmenus.com/ca/taft/
Tahoe City,https://www.allmenus.com/ca/tahoe-city/
Tarzana,https://www.allmenus.com/ca/tarzana/
Tehachapi,https://www.allmenus.com/ca/tehachapi/
Temecula,https://www.allmenus.com/ca/temecula/
Temple City,https://www.allmenus.com/ca/temple-city/
Templeton,https://www.allmenus.com/ca/templeton/
Thousand Oaks,https://www.allmenus.com/ca/thousand-oaks/
Thousand Palms,https://www.allmenus.com/ca/thousand-palms/
Three Rivers,https://www.allmenus.com/ca/three-rivers/
Tipton,https://www.allmenus.com/ca/tipton/
Toluca Lake,https://www.allmenus.com/ca/toluca-lake/
Topanga,https://www.allmenus.com/ca/topanga/
Torrance,https://www.allmenus.com/ca/torrance/
Trabuco Canyon,https://www.allmenus.com/ca/trabuco-canyon/
Tracy,https://www.allmenus.com/ca/tracy/
Travis Afb,https://www.allmenus.com/ca/travis-afb/
Tres Pinos,https://www.allmenus.com/ca/tres-pinos/
Trinidad,https://www.allmenus.com/ca/trinidad/
Truckee,https://www.allmenus.com/ca/truckee/
Tujunga,https://www.allmenus.com/ca/tujunga/
Tulare,https://www.allmenus.com/ca/tulare/
Tuolumne,https://www.allmenus.com/ca/tuolumne/
Turlock,https://www.allmenus.com/ca/turlock/
Tustin,https://www.allmenus.com/ca/tustin/
Twain Harte,https://www.allmenus.com/ca/twain-harte/
Twentynine Palms,https://www.allmenus.com/ca/twentynine-palms/
Ukiah,https://www.allmenus.com/ca/ukiah/
Union City,https://www.allmenus.com/ca/union-city/
Upland,https://www.allmenus.com/ca/upland/
Upper Lake,https://www.allmenus.com/ca/upper-lake/
Vacaville,https://www.allmenus.com/ca/vacaville/
Valencia,https://www.allmenus.com/ca/valencia/
Vallejo,https://www.allmenus.com/ca/vallejo/
Valley Center,https://www.allmenus.com/ca/valley-center/
Valley Ford,https://www.allmenus.com/ca/valley-ford/
Valley Springs,https://www.allmenus.com/ca/valley-springs/
Valley Village,https://www.allmenus.com/ca/valley-village/
Van Nuys,https://www.allmenus.com/ca/van-nuys/
Venice,https://www.allmenus.com/ca/venice/
Ventura,https://www.allmenus.com/ca/ventura/
Vernon,https://www.allmenus.com/ca/vernon/
Victorville,https://www.allmenus.com/ca/victorville/
Visalia,https://www.allmenus.com/ca/visalia/
Vista,https://www.allmenus.com/ca/vista/
Volcano,https://www.allmenus.com/ca/volcano/
Walnut,https://www.allmenus.com/ca/walnut/
Walnut Creek,https://www.allmenus.com/ca/walnut-creek/
Walnut Grove,https://www.allmenus.com/ca/walnut-grove/
Wasco,https://www.allmenus.com/ca/wasco/
Waterford,https://www.allmenus.com/ca/waterford/
Watsonville,https://www.allmenus.com/ca/watsonville/
Weed,https://www.allmenus.com/ca/weed/
West Covina,https://www.allmenus.com/ca/west-covina/
West Hills,https://www.allmenus.com/ca/west-hills/
West Menlo Park,https://www.allmenus.com/ca/west-menlo-park/
West Sacramento,https://www.allmenus.com/ca/west-sacramento/
Westminster,https://www.allmenus.com/ca/westminster/
Westmorland,https://www.allmenus.com/ca/westmorland/
Westwood,https://www.allmenus.com/ca/westwood/
Wheatland,https://www.allmenus.com/ca/wheatland/
Whittier,https://www.allmenus.com/ca/whittier/
Wildomar,https://www.allmenus.com/ca/wildomar/
Williams,https://www.allmenus.com/ca/williams/
Willits,https://www.allmenus.com/ca/willits/
Willow Creek,https://www.allmenus.com/ca/willow-creek/
Willows,https://www.allmenus.com/ca/willows/
Wilmington,https://www.allmenus.com/ca/wilmington/
Winchester,https://www.allmenus.com/ca/winchester/
Windsor,https://www.allmenus.com/ca/windsor/
Winnetka,https://www.allmenus.com/ca/winnetka/
Winters,https://www.allmenus.com/ca/winters/
Winton,https://www.allmenus.com/ca/winton/
Wofford Heights,https://www.allmenus.com/ca/wofford-heights/
Woodbridge,https://www.allmenus.com/ca/woodbridge/
Woodlake,https://www.allmenus.com/ca/woodlake/
Woodland,https://www.allmenus.com/ca/woodland/
Woodland Hills,https://www.allmenus.com/ca/woodland-hills/
Woodside,https://www.allmenus.com/ca/woodside/
Wrightwood,https://www.allmenus.com/ca/wrightwood/
Yorba Linda,https://www.allmenus.com/ca/yorba-linda/
Yosemite National Park,https://www.allmenus.com/ca/yosemite-national-park/
Yountville,https://www.allmenus.com/ca/yountville/
Yreka,https://www.allmenus.com/ca/yreka/
Yuba City,https://www.allmenus.com/ca/yuba-city/
Yucaipa,https://www.allmenus.com/ca/yucaipa/
Yucca Valley,https://www.allmenus.com/ca/yucca-valley/
