City Name,City URL
Alachua,https://www.allmenus.com/fl/alachua/
Alafaya,https://www.allmenus.com/fl/alafaya/
Alford,https://www.allmenus.com/fl/alford/
Altamonte Springs,https://www.allmenus.com/fl/altamonte-springs/
Altoona,https://www.allmenus.com/fl/altoona/
Alva,https://www.allmenus.com/fl/alva/
Apalachicola,https://www.allmenus.com/fl/apalachicola/
Apopka,https://www.allmenus.com/fl/apopka/
Arcadia,https://www.allmenus.com/fl/arcadia/
Archer,https://www.allmenus.com/fl/archer/
Astor,https://www.allmenus.com/fl/astor/
Atlantic Beach,https://www.allmenus.com/fl/atlantic-beach/
Auburndale,https://www.allmenus.com/fl/auburndale/
Aventura,https://www.allmenus.com/fl/aventura/
Avon Park,https://www.allmenus.com/fl/avon-park/
Babson Park,https://www.allmenus.com/fl/babson-park/
Baldwin,https://www.allmenus.com/fl/baldwin/
Bartow,https://www.allmenus.com/fl/bartow/
Belle Glade,https://www.allmenus.com/fl/belle-glade/
Belleview,https://www.allmenus.com/fl/belleview/
Beverly Hills,https://www.allmenus.com/fl/beverly-hills/
Big Pine Key,https://www.allmenus.com/fl/big-pine-key/
Blountstown,https://www.allmenus.com/fl/blountstown/
Boca Raton,https://www.allmenus.com/fl/boca-raton/
Bokeelia,https://www.allmenus.com/fl/bokeelia/
Bonifay,https://www.allmenus.com/fl/bonifay/
Bonita Springs,https://www.allmenus.com/fl/bonita-springs/
Bowling Green,https://www.allmenus.com/fl/bowling-green/
Boynton Beach,https://www.allmenus.com/fl/boynton-beach/
Bradenton,https://www.allmenus.com/fl/bradenton/
Bradenton Beach,https://www.allmenus.com/fl/bradenton-beach/
Brandon,https://www.allmenus.com/fl/brandon/
Branford,https://www.allmenus.com/fl/branford/
Bristol,https://www.allmenus.com/fl/bristol/
Bronson,https://www.allmenus.com/fl/bronson/
Brooksville,https://www.allmenus.com/fl/brooksville/
Buena Ventura Lakes,https://www.allmenus.com/fl/buena-ventura-lakes/
Bunnell,https://www.allmenus.com/fl/bunnell/
Bushnell,https://www.allmenus.com/fl/bushnell/
Callahan,https://www.allmenus.com/fl/callahan/
Cantonment,https://www.allmenus.com/fl/cantonment/
Cape Canaveral,https://www.allmenus.com/fl/cape-canaveral/
Carol City,https://www.allmenus.com/fl/carol-city/
Carrabelle,https://www.allmenus.com/fl/carrabelle/
Carrollwood,https://www.allmenus.com/fl/carrollwood/
Casselberry,https://www.allmenus.com/fl/casselberry/
Cedar Key,https://www.allmenus.com/fl/cedar-key/
Chattahoochee,https://www.allmenus.com/fl/chattahoochee/
Chiefland,https://www.allmenus.com/fl/chiefland/
Chipley,https://www.allmenus.com/fl/chipley/
Citrus Ridge,https://www.allmenus.com/fl/citrus-ridge/
Clearwater,https://www.allmenus.com/fl/clearwater/
Clermont,https://www.allmenus.com/fl/clermont/
Clewiston,https://www.allmenus.com/fl/clewiston/
Cocoa,https://www.allmenus.com/fl/cocoa/
Cocoa Beach,https://www.allmenus.com/fl/cocoa-beach/
Coconut Creek,https://www.allmenus.com/fl/coconut-creek/
Coral Gables,https://www.allmenus.com/fl/coral-gables/
Coral Springs,https://www.allmenus.com/fl/coral-springs/
Cortez,https://www.allmenus.com/fl/cortez/
Cottondale,https://www.allmenus.com/fl/cottondale/
Crawfordville,https://www.allmenus.com/fl/crawfordville/
Crescent City,https://www.allmenus.com/fl/crescent-city/
Crestview,https://www.allmenus.com/fl/crestview/
Cross City,https://www.allmenus.com/fl/cross-city/
Crystal River,https://www.allmenus.com/fl/crystal-river/
Dade City,https://www.allmenus.com/fl/dade-city/
Dania,https://www.allmenus.com/fl/dania/
Davenport,https://www.allmenus.com/fl/davenport/
Davie,https://www.allmenus.com/fl/davie/
Daytona Beach,https://www.allmenus.com/fl/daytona-beach/
Daytona Beach Shores,https://www.allmenus.com/fl/daytona-beach-shores/
De Leon Springs,https://www.allmenus.com/fl/de-leon-springs/
Debary,https://www.allmenus.com/fl/debary/
Deerfield Beach,https://www.allmenus.com/fl/deerfield-beach/
Defuniak Springs,https://www.allmenus.com/fl/defuniak-springs/
Deland,https://www.allmenus.com/fl/deland/
Delray Beach,https://www.allmenus.com/fl/delray-beach/
Deltona,https://www.allmenus.com/fl/deltona/
Destin,https://www.allmenus.com/fl/destin/
Doral,https://www.allmenus.com/fl/doral/
Dover,https://www.allmenus.com/fl/dover/
Dundee,https://www.allmenus.com/fl/dundee/
Dunedin,https://www.allmenus.com/fl/dunedin/
Dunnellon,https://www.allmenus.com/fl/dunnellon/
Eagle Lake,https://www.allmenus.com/fl/eagle-lake/
East Palatka,https://www.allmenus.com/fl/east-palatka/
Eastpoint,https://www.allmenus.com/fl/eastpoint/
Ebro,https://www.allmenus.com/fl/ebro/
Edgewater,https://www.allmenus.com/fl/edgewater/
Eglin Afb,https://www.allmenus.com/fl/eglin-afb/
Ellenton,https://www.allmenus.com/fl/ellenton/
Englewood,https://www.allmenus.com/fl/englewood/
Estero,https://www.allmenus.com/fl/estero/
Eustis,https://www.allmenus.com/fl/eustis/
Fellsmere,https://www.allmenus.com/fl/fellsmere/
Fern Park,https://www.allmenus.com/fl/fern-park/
Fernandina Beach,https://www.allmenus.com/fl/fernandina-beach/
Flagler Beach,https://www.allmenus.com/fl/flagler-beach/
Florahome,https://www.allmenus.com/fl/florahome/
Florida City,https://www.allmenus.com/fl/florida-city/
Fort Lauderdale,https://www.allmenus.com/fl/fort-lauderdale/
Fort Mc Coy,https://www.allmenus.com/fl/fort-mc-coy/
Fort Meade,https://www.allmenus.com/fl/fort-meade/
Fort Myers,https://www.allmenus.com/fl/fort-myers/
Fort Myers Beach,https://www.allmenus.com/fl/fort-myers-beach/
Fort Pierce,https://www.allmenus.com/fl/fort-pierce/
Fort Walton Beach,https://www.allmenus.com/fl/fort-walton-beach/
Fort White,https://www.allmenus.com/fl/fort-white/
Freeport,https://www.allmenus.com/fl/freeport/
Frostproof,https://www.allmenus.com/fl/frostproof/
Fruitland Park,https://www.allmenus.com/fl/fruitland-park/
Gainesville,https://www.allmenus.com/fl/gainesville/
Geneva,https://www.allmenus.com/fl/geneva/
Gibsonton,https://www.allmenus.com/fl/gibsonton/
Gotha,https://www.allmenus.com/fl/gotha/
Goulds,https://www.allmenus.com/fl/goulds/
Graceville,https://www.allmenus.com/fl/graceville/
Grant,https://www.allmenus.com/fl/grant/
Green Cove Springs,https://www.allmenus.com/fl/green-cove-springs/
Greenacres,https://www.allmenus.com/fl/greenacres/
Groveland,https://www.allmenus.com/fl/groveland/
Gulf Breeze,https://www.allmenus.com/fl/gulf-breeze/
Haines City,https://www.allmenus.com/fl/haines-city/
Hallandale,https://www.allmenus.com/fl/hallandale/
Hastings,https://www.allmenus.com/fl/hastings/
Havana,https://www.allmenus.com/fl/havana/
Hawthorne,https://www.allmenus.com/fl/hawthorne/
Hernando,https://www.allmenus.com/fl/hernando/
Hialeah,https://www.allmenus.com/fl/hialeah/
High Springs,https://www.allmenus.com/fl/high-springs/
Hilliard,https://www.allmenus.com/fl/hilliard/
Hobe Sound,https://www.allmenus.com/fl/hobe-sound/
Holiday,https://www.allmenus.com/fl/holiday/
Holly Hill,https://www.allmenus.com/fl/holly-hill/
Hollywood,https://www.allmenus.com/fl/hollywood/
Holt,https://www.allmenus.com/fl/holt/
Homestead,https://www.allmenus.com/fl/homestead/
Homosassa,https://www.allmenus.com/fl/homosassa/
Homosassa Springs,https://www.allmenus.com/fl/homosassa-springs/
Hudson,https://www.allmenus.com/fl/hudson/
Immokalee,https://www.allmenus.com/fl/immokalee/
Indialantic,https://www.allmenus.com/fl/indialantic/
Indian Rocks Beach,https://www.allmenus.com/fl/indian-rocks-beach/
Indiantown,https://www.allmenus.com/fl/indiantown/
Inglis,https://www.allmenus.com/fl/inglis/
Interlachen,https://www.allmenus.com/fl/interlachen/
Inverness,https://www.allmenus.com/fl/inverness/
Islamorada,https://www.allmenus.com/fl/islamorada/
Jacksonville,https://www.allmenus.com/fl/jacksonville/
Jacksonville Beach,https://www.allmenus.com/fl/jacksonville-beach/
Jasper,https://www.allmenus.com/fl/jasper/
Jay,https://www.allmenus.com/fl/jay/
Jensen Beach,https://www.allmenus.com/fl/jensen-beach/
Jupiter,https://www.allmenus.com/fl/jupiter/
Kenansville,https://www.allmenus.com/fl/kenansville/
Kendall,https://www.allmenus.com/fl/kendall/
Key Biscayne,https://www.allmenus.com/fl/key-biscayne/
Key Largo,https://www.allmenus.com/fl/key-largo/
Key West,https://www.allmenus.com/fl/key-west/
Keystone Heights,https://www.allmenus.com/fl/keystone-heights/
Kissimmee,https://www.allmenus.com/fl/kissimmee/
Labelle,https://www.allmenus.com/fl/labelle/
Lady Lake,https://www.allmenus.com/fl/lady-lake/
Lake Alfred,https://www.allmenus.com/fl/lake-alfred/
Lake Butler,https://www.allmenus.com/fl/lake-butler/
Lake City,https://www.allmenus.com/fl/lake-city/
Lake Helen,https://www.allmenus.com/fl/lake-helen/
Lake Mary,https://www.allmenus.com/fl/lake-mary/
Lake Panasoffkee,https://www.allmenus.com/fl/lake-panasoffkee/
Lake Park,https://www.allmenus.com/fl/lake-park/
Lake Placid,https://www.allmenus.com/fl/lake-placid/
Lake Wales,https://www.allmenus.com/fl/lake-wales/
Lake Worth,https://www.allmenus.com/fl/lake-worth/
Lakeland,https://www.allmenus.com/fl/lakeland/
Lakewood Ranch,https://www.allmenus.com/fl/lakewood-ranch/
Lamont,https://www.allmenus.com/fl/lamont/
Land O Lakes,https://www.allmenus.com/fl/land-o-lakes/
Lantana,https://www.allmenus.com/fl/lantana/
Largo,https://www.allmenus.com/fl/largo/
Laurel Hill,https://www.allmenus.com/fl/laurel-hill/
Lawtey,https://www.allmenus.com/fl/lawtey/
Lecanto,https://www.allmenus.com/fl/lecanto/
Lee,https://www.allmenus.com/fl/lee/
Leesburg,https://www.allmenus.com/fl/leesburg/
Lehigh Acres,https://www.allmenus.com/fl/lehigh-acres/
Lighthouse Point,https://www.allmenus.com/fl/lighthouse-point/
Lithia,https://www.allmenus.com/fl/lithia/
Live Oak,https://www.allmenus.com/fl/live-oak/
Lockhart,https://www.allmenus.com/fl/lockhart/
Longboat Key,https://www.allmenus.com/fl/longboat-key/
Longwood,https://www.allmenus.com/fl/longwood/
Loxahatchee,https://www.allmenus.com/fl/loxahatchee/
Lutz,https://www.allmenus.com/fl/lutz/
Lynn Haven,https://www.allmenus.com/fl/lynn-haven/
Macclenny,https://www.allmenus.com/fl/macclenny/
Madeira Beach,https://www.allmenus.com/fl/madeira-beach/
Madison,https://www.allmenus.com/fl/madison/
Maitland,https://www.allmenus.com/fl/maitland/
Malabar,https://www.allmenus.com/fl/malabar/
Malone,https://www.allmenus.com/fl/malone/
Marathon,https://www.allmenus.com/fl/marathon/
Marco Island,https://www.allmenus.com/fl/marco-island/
Margate,https://www.allmenus.com/fl/margate/
Marianna,https://www.allmenus.com/fl/marianna/
Mary Esther,https://www.allmenus.com/fl/mary-esther/
Mayo,https://www.allmenus.com/fl/mayo/
Mc Alpin,https://www.allmenus.com/fl/mc-alpin/
Melbourne,https://www.allmenus.com/fl/melbourne/
Melbourne Beach,https://www.allmenus.com/fl/melbourne-beach/
Melrose,https://www.allmenus.com/fl/melrose/
Merritt Island,https://www.allmenus.com/fl/merritt-island/
Miami,https://www.allmenus.com/fl/miami/
Miami Beach,https://www.allmenus.com/fl/miami-beach/
Miami Gardens,https://www.allmenus.com/fl/miami-gardens/
Miami Shores,https://www.allmenus.com/fl/miami-shores/
Miami Springs,https://www.allmenus.com/fl/miami-springs/
Micanopy,https://www.allmenus.com/fl/micanopy/
Middleburg,https://www.allmenus.com/fl/middleburg/
Midway,https://www.allmenus.com/fl/midway/
Milton,https://www.allmenus.com/fl/milton/
Mims,https://www.allmenus.com/fl/mims/
Minneola,https://www.allmenus.com/fl/minneola/
Miramar,https://www.allmenus.com/fl/miramar/
Miramar Beach,https://www.allmenus.com/fl/miramar-beach/
Monticello,https://www.allmenus.com/fl/monticello/
Montverde,https://www.allmenus.com/fl/montverde/
Moore Haven,https://www.allmenus.com/fl/moore-haven/
Mount Dora,https://www.allmenus.com/fl/mount-dora/
Mulberry,https://www.allmenus.com/fl/mulberry/
Naples,https://www.allmenus.com/fl/naples/
Navarre,https://www.allmenus.com/fl/navarre/
New Port Richey,https://www.allmenus.com/fl/new-port-richey/
New Smyrna Beach,https://www.allmenus.com/fl/new-smyrna-beach/
Newberry,https://www.allmenus.com/fl/newberry/
Niceville,https://www.allmenus.com/fl/niceville/
Nokomis,https://www.allmenus.com/fl/nokomis/
North Fort Myers,https://www.allmenus.com/fl/north-fort-myers/
North Miami,https://www.allmenus.com/fl/north-miami/
North Miami Beach,https://www.allmenus.com/fl/north-miami-beach/
North Palm Beach,https://www.allmenus.com/fl/north-palm-beach/
Oakland,https://www.allmenus.com/fl/oakland/
Oakland Park,https://www.allmenus.com/fl/oakland-park/
Ocala,https://www.allmenus.com/fl/ocala/
Ochopee,https://www.allmenus.com/fl/ochopee/
Ocklawaha,https://www.allmenus.com/fl/ocklawaha/
Ocoee,https://www.allmenus.com/fl/ocoee/
Odessa,https://www.allmenus.com/fl/odessa/
Okeechobee,https://www.allmenus.com/fl/okeechobee/
Old Town,https://www.allmenus.com/fl/old-town/
Oldsmar,https://www.allmenus.com/fl/oldsmar/
Opa Locka,https://www.allmenus.com/fl/opa-locka/
Orange City,https://www.allmenus.com/fl/orange-city/
Orange Park,https://www.allmenus.com/fl/orange-park/
Orlando,https://www.allmenus.com/fl/orlando/
Ormond Beach,https://www.allmenus.com/fl/ormond-beach/
Osprey,https://www.allmenus.com/fl/osprey/
Osteen,https://www.allmenus.com/fl/osteen/
Oviedo,https://www.allmenus.com/fl/oviedo/
Oxford,https://www.allmenus.com/fl/oxford/
Pahokee,https://www.allmenus.com/fl/pahokee/
Palatka,https://www.allmenus.com/fl/palatka/
Palm Bay,https://www.allmenus.com/fl/palm-bay/
Palm Beach,https://www.allmenus.com/fl/palm-beach/
Palm Beach Gardens,https://www.allmenus.com/fl/palm-beach-gardens/
Palm City,https://www.allmenus.com/fl/palm-city/
Palm Coast,https://www.allmenus.com/fl/palm-coast/
Palm Harbor,https://www.allmenus.com/fl/palm-harbor/
Palmetto,https://www.allmenus.com/fl/palmetto/
Panama City,https://www.allmenus.com/fl/panama-city/
Panama City Beach,https://www.allmenus.com/fl/panama-city-beach/
Parrish,https://www.allmenus.com/fl/parrish/
Pembroke Pines,https://www.allmenus.com/fl/pembroke-pines/
Pensacola,https://www.allmenus.com/fl/pensacola/
Perry,https://www.allmenus.com/fl/perry/
Pine Castle,https://www.allmenus.com/fl/pine-castle/
Pine Hills,https://www.allmenus.com/fl/pine-hills/
Pinellas Park,https://www.allmenus.com/fl/pinellas-park/
Plant City,https://www.allmenus.com/fl/plant-city/
Plantation,https://www.allmenus.com/fl/plantation/
Poinciana,https://www.allmenus.com/fl/poinciana/
Polk City,https://www.allmenus.com/fl/polk-city/
Pomona Park,https://www.allmenus.com/fl/pomona-park/
Pompano Beach,https://www.allmenus.com/fl/pompano-beach/
Ponce De Leon,https://www.allmenus.com/fl/ponce-de-leon/
Ponte Vedra Beach,https://www.allmenus.com/fl/ponte-vedra-beach/
Port Charlotte,https://www.allmenus.com/fl/port-charlotte/
Port Orange,https://www.allmenus.com/fl/port-orange/
Port Richey,https://www.allmenus.com/fl/port-richey/
Port Saint Joe,https://www.allmenus.com/fl/port-saint-joe/
Port Saint Lucie,https://www.allmenus.com/fl/port-saint-lucie/
Punta Gorda,https://www.allmenus.com/fl/punta-gorda/
Quincy,https://www.allmenus.com/fl/quincy/
Raiford,https://www.allmenus.com/fl/raiford/
Reddick,https://www.allmenus.com/fl/reddick/
Riverview,https://www.allmenus.com/fl/riverview/
Riviera Beach,https://www.allmenus.com/fl/riviera-beach/
Rockledge,https://www.allmenus.com/fl/rockledge/
Royal Palm Beach,https://www.allmenus.com/fl/royal-palm-beach/
Ruskin,https://www.allmenus.com/fl/ruskin/
Safety Harbor,https://www.allmenus.com/fl/safety-harbor/
Saint Augustine,https://www.allmenus.com/fl/saint-augustine/
Saint Cloud,https://www.allmenus.com/fl/saint-cloud/
Saint James City,https://www.allmenus.com/fl/saint-james-city/
Saint Pete Beach,https://www.allmenus.com/fl/saint-pete-beach/
Saint Petersburg,https://www.allmenus.com/fl/saint-petersburg/
San Antonio,https://www.allmenus.com/fl/san-antonio/
Sand Lake,https://www.allmenus.com/fl/sand-lake/
Sanford,https://www.allmenus.com/fl/sanford/
Sanibel,https://www.allmenus.com/fl/sanibel/
Santa Rosa Beach,https://www.allmenus.com/fl/santa-rosa-beach/
Sarasota,https://www.allmenus.com/fl/sarasota/
Satellite Beach,https://www.allmenus.com/fl/satellite-beach/
Sebastian,https://www.allmenus.com/fl/sebastian/
Sebring,https://www.allmenus.com/fl/sebring/
Seffner,https://www.allmenus.com/fl/seffner/
Seminole,https://www.allmenus.com/fl/seminole/
Shalimar,https://www.allmenus.com/fl/shalimar/
Silver Springs,https://www.allmenus.com/fl/silver-springs/
Singer Island,https://www.allmenus.com/fl/singer-island/
Sorrento,https://www.allmenus.com/fl/sorrento/
South Bay,https://www.allmenus.com/fl/south-bay/
South Daytona,https://www.allmenus.com/fl/south-daytona/
South Miami,https://www.allmenus.com/fl/south-miami/
Starke,https://www.allmenus.com/fl/starke/
Steinhatchee,https://www.allmenus.com/fl/steinhatchee/
Stuart,https://www.allmenus.com/fl/stuart/
Summerfield,https://www.allmenus.com/fl/summerfield/
Summerland Key,https://www.allmenus.com/fl/summerland-key/
Sun City Center,https://www.allmenus.com/fl/sun-city-center/
Sunrise,https://www.allmenus.com/fl/sunrise/
Surfside,https://www.allmenus.com/fl/surfside/
Tallahassee,https://www.allmenus.com/fl/tallahassee/
Tamarac,https://www.allmenus.com/fl/tamarac/
Tampa,https://www.allmenus.com/fl/tampa/
Tarpon Springs,https://www.allmenus.com/fl/tarpon-springs/
Tavares,https://www.allmenus.com/fl/tavares/
Tavernier,https://www.allmenus.com/fl/tavernier/
Temple Terrace,https://www.allmenus.com/fl/temple-terrace/
Tequesta,https://www.allmenus.com/fl/tequesta/
Thonotosassa,https://www.allmenus.com/fl/thonotosassa/
Tice,https://www.allmenus.com/fl/tice/
Titusville,https://www.allmenus.com/fl/titusville/
Trenton,https://www.allmenus.com/fl/trenton/
Umatilla,https://www.allmenus.com/fl/umatilla/
Union Park,https://www.allmenus.com/fl/union-park/
Valparaiso,https://www.allmenus.com/fl/valparaiso/
Valrico,https://www.allmenus.com/fl/valrico/
Venice,https://www.allmenus.com/fl/venice/
Vero Beach,https://www.allmenus.com/fl/vero-beach/
Waldo,https://www.allmenus.com/fl/waldo/
Wauchula,https://www.allmenus.com/fl/wauchula/
Webster,https://www.allmenus.com/fl/webster/
Weirsdale,https://www.allmenus.com/fl/weirsdale/
West Melbourne,https://www.allmenus.com/fl/west-melbourne/
West Palm Beach,https://www.allmenus.com/fl/west-palm-beach/
Wewahitchka,https://www.allmenus.com/fl/wewahitchka/
White Springs,https://www.allmenus.com/fl/white-springs/
Wildwood,https://www.allmenus.com/fl/wildwood/
Williston,https://www.allmenus.com/fl/williston/
Wimauma,https://www.allmenus.com/fl/wimauma/
Windermere,https://www.allmenus.com/fl/windermere/
Winter Garden,https://www.allmenus.com/fl/winter-garden/
Winter Haven,https://www.allmenus.com/fl/winter-haven/
Winter Park,https://www.allmenus.com/fl/winter-park/
Winter Springs,https://www.allmenus.com/fl/winter-springs/
Youngstown,https://www.allmenus.com/fl/youngstown/
Yulee,https://www.allmenus.com/fl/yulee/
Zellwood,https://www.allmenus.com/fl/zellwood/
Zephyrhills,https://www.allmenus.com/fl/zephyrhills/
Zolfo Springs,https://www.allmenus.com/fl/zolfo-springs/
