City Name,City URL
Acworth,https://www.allmenus.com/ga/acworth/
Adairsville,https://www.allmenus.com/ga/adairsville/
Adel,https://www.allmenus.com/ga/adel/
Albany,https://www.allmenus.com/ga/albany/
Alma,https://www.allmenus.com/ga/alma/
Alpharetta,https://www.allmenus.com/ga/alpharetta/
Alto,https://www.allmenus.com/ga/alto/
Americus,https://www.allmenus.com/ga/americus/
Appling,https://www.allmenus.com/ga/appling/
Aragon,https://www.allmenus.com/ga/aragon/
Arlington,https://www.allmenus.com/ga/arlington/
Armuchee,https://www.allmenus.com/ga/armuchee/
Ashburn,https://www.allmenus.com/ga/ashburn/
Athens,https://www.allmenus.com/ga/athens/
Atlanta,https://www.allmenus.com/ga/atlanta/
Auburn,https://www.allmenus.com/ga/auburn/
Augusta,https://www.allmenus.com/ga/augusta/
Austell,https://www.allmenus.com/ga/austell/
Avondale Estates,https://www.allmenus.com/ga/avondale-estates/
Bainbridge,https://www.allmenus.com/ga/bainbridge/
Baldwin,https://www.allmenus.com/ga/baldwin/
Ball Ground,https://www.allmenus.com/ga/ball-ground/
Barnesville,https://www.allmenus.com/ga/barnesville/
Baxley,https://www.allmenus.com/ga/baxley/
Bethlehem,https://www.allmenus.com/ga/bethlehem/
Blackshear,https://www.allmenus.com/ga/blackshear/
Blairsville,https://www.allmenus.com/ga/blairsville/
Blakely,https://www.allmenus.com/ga/blakely/
Bloomingdale,https://www.allmenus.com/ga/bloomingdale/
Blue Ridge,https://www.allmenus.com/ga/blue-ridge/
Bogart,https://www.allmenus.com/ga/bogart/
Bonaire,https://www.allmenus.com/ga/bonaire/
Bowdon,https://www.allmenus.com/ga/bowdon/
Braselton,https://www.allmenus.com/ga/braselton/
Bremen,https://www.allmenus.com/ga/bremen/
Brooklet,https://www.allmenus.com/ga/brooklet/
Brunswick,https://www.allmenus.com/ga/brunswick/
Buchanan,https://www.allmenus.com/ga/buchanan/
Buena Vista,https://www.allmenus.com/ga/buena-vista/
Buford,https://www.allmenus.com/ga/buford/
Butler,https://www.allmenus.com/ga/butler/
Byron,https://www.allmenus.com/ga/byron/
Cairo,https://www.allmenus.com/ga/cairo/
Calhoun,https://www.allmenus.com/ga/calhoun/
Camilla,https://www.allmenus.com/ga/camilla/
Canton,https://www.allmenus.com/ga/canton/
Carnesville,https://www.allmenus.com/ga/carnesville/
Carrollton,https://www.allmenus.com/ga/carrollton/
Cartersville,https://www.allmenus.com/ga/cartersville/
Cave Spring,https://www.allmenus.com/ga/cave-spring/
Cedartown,https://www.allmenus.com/ga/cedartown/
Chamblee,https://www.allmenus.com/ga/chamblee/
Chatsworth,https://www.allmenus.com/ga/chatsworth/
Chickamauga,https://www.allmenus.com/ga/chickamauga/
Clarkesville,https://www.allmenus.com/ga/clarkesville/
Clarkston,https://www.allmenus.com/ga/clarkston/
Claxton,https://www.allmenus.com/ga/claxton/
Clayton,https://www.allmenus.com/ga/clayton/
Clermont,https://www.allmenus.com/ga/clermont/
Cleveland,https://www.allmenus.com/ga/cleveland/
Climax,https://www.allmenus.com/ga/climax/
Cochran,https://www.allmenus.com/ga/cochran/
College Park,https://www.allmenus.com/ga/college-park/
Colquitt,https://www.allmenus.com/ga/colquitt/
Columbus,https://www.allmenus.com/ga/columbus/
Comer,https://www.allmenus.com/ga/comer/
Commerce,https://www.allmenus.com/ga/commerce/
Conley,https://www.allmenus.com/ga/conley/
Conyers,https://www.allmenus.com/ga/conyers/
Cordele,https://www.allmenus.com/ga/cordele/
Cornelia,https://www.allmenus.com/ga/cornelia/
Covington,https://www.allmenus.com/ga/covington/
Crawford,https://www.allmenus.com/ga/crawford/
Cumming,https://www.allmenus.com/ga/cumming/
Cusseta,https://www.allmenus.com/ga/cusseta/
Cuthbert,https://www.allmenus.com/ga/cuthbert/
Dacula,https://www.allmenus.com/ga/dacula/
Dahlonega,https://www.allmenus.com/ga/dahlonega/
Dallas,https://www.allmenus.com/ga/dallas/
Dalton,https://www.allmenus.com/ga/dalton/
Danielsville,https://www.allmenus.com/ga/danielsville/
Darien,https://www.allmenus.com/ga/darien/
Dawson,https://www.allmenus.com/ga/dawson/
Dawsonville,https://www.allmenus.com/ga/dawsonville/
Decatur,https://www.allmenus.com/ga/decatur/
Demorest,https://www.allmenus.com/ga/demorest/
Donalsonville,https://www.allmenus.com/ga/donalsonville/
Doraville,https://www.allmenus.com/ga/doraville/
Douglas,https://www.allmenus.com/ga/douglas/
Douglasville,https://www.allmenus.com/ga/douglasville/
Dublin,https://www.allmenus.com/ga/dublin/
Duluth,https://www.allmenus.com/ga/duluth/
Dunwoody,https://www.allmenus.com/ga/dunwoody/
East Ellijay,https://www.allmenus.com/ga/east-ellijay/
East Point,https://www.allmenus.com/ga/east-point/
Eastanollee,https://www.allmenus.com/ga/eastanollee/
Eastman,https://www.allmenus.com/ga/eastman/
Eatonton,https://www.allmenus.com/ga/eatonton/
Elberton,https://www.allmenus.com/ga/elberton/
Ellabell,https://www.allmenus.com/ga/ellabell/
Ellaville,https://www.allmenus.com/ga/ellaville/
Ellenwood,https://www.allmenus.com/ga/ellenwood/
Ellerslie,https://www.allmenus.com/ga/ellerslie/
Ellijay,https://www.allmenus.com/ga/ellijay/
Emerson,https://www.allmenus.com/ga/emerson/
Evans,https://www.allmenus.com/ga/evans/
Fairburn,https://www.allmenus.com/ga/fairburn/
Fairmount,https://www.allmenus.com/ga/fairmount/
Fayetteville,https://www.allmenus.com/ga/fayetteville/
Fitzgerald,https://www.allmenus.com/ga/fitzgerald/
Flovilla,https://www.allmenus.com/ga/flovilla/
Flowery Branch,https://www.allmenus.com/ga/flowery-branch/
Folkston,https://www.allmenus.com/ga/folkston/
Forest Park,https://www.allmenus.com/ga/forest-park/
Forsyth,https://www.allmenus.com/ga/forsyth/
Fort Benning,https://www.allmenus.com/ga/fort-benning/
Fort Gordon,https://www.allmenus.com/ga/fort-gordon/
Fort Oglethorpe,https://www.allmenus.com/ga/fort-oglethorpe/
Fort Stewart,https://www.allmenus.com/ga/fort-stewart/
Fort Valley,https://www.allmenus.com/ga/fort-valley/
Franklin,https://www.allmenus.com/ga/franklin/
Gainesville,https://www.allmenus.com/ga/gainesville/
Garden City,https://www.allmenus.com/ga/garden-city/
Georgetown,https://www.allmenus.com/ga/georgetown/
Gillsville,https://www.allmenus.com/ga/gillsville/
Glennville,https://www.allmenus.com/ga/glennville/
Gordon,https://www.allmenus.com/ga/gordon/
Grantville,https://www.allmenus.com/ga/grantville/
Gray,https://www.allmenus.com/ga/gray/
Grayson,https://www.allmenus.com/ga/grayson/
Greensboro,https://www.allmenus.com/ga/greensboro/
Greenville,https://www.allmenus.com/ga/greenville/
Griffin,https://www.allmenus.com/ga/griffin/
Grovetown,https://www.allmenus.com/ga/grovetown/
Guyton,https://www.allmenus.com/ga/guyton/
Hahira,https://www.allmenus.com/ga/hahira/
Hamilton,https://www.allmenus.com/ga/hamilton/
Hampton,https://www.allmenus.com/ga/hampton/
Hapeville,https://www.allmenus.com/ga/hapeville/
Harlem,https://www.allmenus.com/ga/harlem/
Hartwell,https://www.allmenus.com/ga/hartwell/
Hawkinsville,https://www.allmenus.com/ga/hawkinsville/
Hazlehurst,https://www.allmenus.com/ga/hazlehurst/
Helen,https://www.allmenus.com/ga/helen/
Hephzibah,https://www.allmenus.com/ga/hephzibah/
Hiawassee,https://www.allmenus.com/ga/hiawassee/
Hinesville,https://www.allmenus.com/ga/hinesville/
Hiram,https://www.allmenus.com/ga/hiram/
Hogansville,https://www.allmenus.com/ga/hogansville/
Holly Springs,https://www.allmenus.com/ga/holly-springs/
Homerville,https://www.allmenus.com/ga/homerville/
Hoschton,https://www.allmenus.com/ga/hoschton/
Hull,https://www.allmenus.com/ga/hull/
Jackson,https://www.allmenus.com/ga/jackson/
Jasper,https://www.allmenus.com/ga/jasper/
Jefferson,https://www.allmenus.com/ga/jefferson/
Jeffersonville,https://www.allmenus.com/ga/jeffersonville/
Jekyll Island,https://www.allmenus.com/ga/jekyll-island/
Jesup,https://www.allmenus.com/ga/jesup/
Jonesboro,https://www.allmenus.com/ga/jonesboro/
Kathleen,https://www.allmenus.com/ga/kathleen/
Kennesaw,https://www.allmenus.com/ga/kennesaw/
Kingsland,https://www.allmenus.com/ga/kingsland/
Kingston,https://www.allmenus.com/ga/kingston/
La Fayette,https://www.allmenus.com/ga/la-fayette/
Lagrange,https://www.allmenus.com/ga/lagrange/
Lake Park,https://www.allmenus.com/ga/lake-park/
Lakeland,https://www.allmenus.com/ga/lakeland/
Lakemont,https://www.allmenus.com/ga/lakemont/
Lavonia,https://www.allmenus.com/ga/lavonia/
Lawrenceville,https://www.allmenus.com/ga/lawrenceville/
Leesburg,https://www.allmenus.com/ga/leesburg/
Lexington,https://www.allmenus.com/ga/lexington/
Lilburn,https://www.allmenus.com/ga/lilburn/
Lincolnton,https://www.allmenus.com/ga/lincolnton/
Lindale,https://www.allmenus.com/ga/lindale/
Lithia Springs,https://www.allmenus.com/ga/lithia-springs/
Lithonia,https://www.allmenus.com/ga/lithonia/
Locust Grove,https://www.allmenus.com/ga/locust-grove/
Loganville,https://www.allmenus.com/ga/loganville/
Louisville,https://www.allmenus.com/ga/louisville/
Ludowici,https://www.allmenus.com/ga/ludowici/
Lula,https://www.allmenus.com/ga/lula/
Lumber City,https://www.allmenus.com/ga/lumber-city/
Lyons,https://www.allmenus.com/ga/lyons/
Mableton,https://www.allmenus.com/ga/mableton/
Macon,https://www.allmenus.com/ga/macon/
Madison,https://www.allmenus.com/ga/madison/
Manchester,https://www.allmenus.com/ga/manchester/
Marble Hill,https://www.allmenus.com/ga/marble-hill/
Marietta,https://www.allmenus.com/ga/marietta/
Martinez,https://www.allmenus.com/ga/martinez/
Mc Caysville,https://www.allmenus.com/ga/mc-caysville/
Mc Rae,https://www.allmenus.com/ga/mc-rae/
Mcdonough,https://www.allmenus.com/ga/mcdonough/
Metter,https://www.allmenus.com/ga/metter/
Midland,https://www.allmenus.com/ga/midland/
Midway,https://www.allmenus.com/ga/midway/
Milledgeville,https://www.allmenus.com/ga/milledgeville/
Millen,https://www.allmenus.com/ga/millen/
Mineral Bluff,https://www.allmenus.com/ga/mineral-bluff/
Monroe,https://www.allmenus.com/ga/monroe/
Montezuma,https://www.allmenus.com/ga/montezuma/
Monticello,https://www.allmenus.com/ga/monticello/
Morrow,https://www.allmenus.com/ga/morrow/
Moultrie,https://www.allmenus.com/ga/moultrie/
Mount Vernon,https://www.allmenus.com/ga/mount-vernon/
Nahunta,https://www.allmenus.com/ga/nahunta/
Nashville,https://www.allmenus.com/ga/nashville/
Newnan,https://www.allmenus.com/ga/newnan/
Nicholls,https://www.allmenus.com/ga/nicholls/
Nicholson,https://www.allmenus.com/ga/nicholson/
Norcross,https://www.allmenus.com/ga/norcross/
Oakwood,https://www.allmenus.com/ga/oakwood/
Ocilla,https://www.allmenus.com/ga/ocilla/
Palmetto,https://www.allmenus.com/ga/palmetto/
Peachtree City,https://www.allmenus.com/ga/peachtree-city/
Pearson,https://www.allmenus.com/ga/pearson/
Pelham,https://www.allmenus.com/ga/pelham/
Pembroke,https://www.allmenus.com/ga/pembroke/
Perry,https://www.allmenus.com/ga/perry/
Pine Mountain,https://www.allmenus.com/ga/pine-mountain/
Pinehurst,https://www.allmenus.com/ga/pinehurst/
Plainville,https://www.allmenus.com/ga/plainville/
Pooler,https://www.allmenus.com/ga/pooler/
Porterdale,https://www.allmenus.com/ga/porterdale/
Powder Springs,https://www.allmenus.com/ga/powder-springs/
Quitman,https://www.allmenus.com/ga/quitman/
Reidsville,https://www.allmenus.com/ga/reidsville/
Resaca,https://www.allmenus.com/ga/resaca/
Rex,https://www.allmenus.com/ga/rex/
Reynolds,https://www.allmenus.com/ga/reynolds/
Riceboro,https://www.allmenus.com/ga/riceboro/
Richland,https://www.allmenus.com/ga/richland/
Richmond Hill,https://www.allmenus.com/ga/richmond-hill/
Rincon,https://www.allmenus.com/ga/rincon/
Ringgold,https://www.allmenus.com/ga/ringgold/
Rising Fawn,https://www.allmenus.com/ga/rising-fawn/
Riverdale,https://www.allmenus.com/ga/riverdale/
Roberta,https://www.allmenus.com/ga/roberta/
Rochelle,https://www.allmenus.com/ga/rochelle/
Rock Spring,https://www.allmenus.com/ga/rock-spring/
Rockmart,https://www.allmenus.com/ga/rockmart/
Rocky Face,https://www.allmenus.com/ga/rocky-face/
Rome,https://www.allmenus.com/ga/rome/
Rossville,https://www.allmenus.com/ga/rossville/
Roswell,https://www.allmenus.com/ga/roswell/
Royston,https://www.allmenus.com/ga/royston/
Saint Marys,https://www.allmenus.com/ga/saint-marys/
Saint Simons Island,https://www.allmenus.com/ga/saint-simons-island/
Sandersville,https://www.allmenus.com/ga/sandersville/
Sandy Springs,https://www.allmenus.com/ga/sandy-springs/
Sautee Nacoochee,https://www.allmenus.com/ga/sautee-nacoochee/
Savannah,https://www.allmenus.com/ga/savannah/
Scottdale,https://www.allmenus.com/ga/scottdale/
Senoia,https://www.allmenus.com/ga/senoia/
Sharpsburg,https://www.allmenus.com/ga/sharpsburg/
Smyrna,https://www.allmenus.com/ga/smyrna/
Snellville,https://www.allmenus.com/ga/snellville/
Social Circle,https://www.allmenus.com/ga/social-circle/
Soperton,https://www.allmenus.com/ga/soperton/
Sparta,https://www.allmenus.com/ga/sparta/
Springfield,https://www.allmenus.com/ga/springfield/
Statesboro,https://www.allmenus.com/ga/statesboro/
Statham,https://www.allmenus.com/ga/statham/
Stockbridge,https://www.allmenus.com/ga/stockbridge/
Stone Mountain,https://www.allmenus.com/ga/stone-mountain/
Summerville,https://www.allmenus.com/ga/summerville/
Suwanee,https://www.allmenus.com/ga/suwanee/
Swainsboro,https://www.allmenus.com/ga/swainsboro/
Sylvania,https://www.allmenus.com/ga/sylvania/
Sylvester,https://www.allmenus.com/ga/sylvester/
Tallapoosa,https://www.allmenus.com/ga/tallapoosa/
Talmo,https://www.allmenus.com/ga/talmo/
Taylorsville,https://www.allmenus.com/ga/taylorsville/
Temple,https://www.allmenus.com/ga/temple/
Thomaston,https://www.allmenus.com/ga/thomaston/
Thomasville,https://www.allmenus.com/ga/thomasville/
Thomson,https://www.allmenus.com/ga/thomson/
Tifton,https://www.allmenus.com/ga/tifton/
Toccoa,https://www.allmenus.com/ga/toccoa/
Townsend,https://www.allmenus.com/ga/townsend/
Trenton,https://www.allmenus.com/ga/trenton/
Trion,https://www.allmenus.com/ga/trion/
Tucker,https://www.allmenus.com/ga/tucker/
Tunnel Hill,https://www.allmenus.com/ga/tunnel-hill/
Twin City,https://www.allmenus.com/ga/twin-city/
Tybee Island,https://www.allmenus.com/ga/tybee-island/
Tyrone,https://www.allmenus.com/ga/tyrone/
Unadilla,https://www.allmenus.com/ga/unadilla/
Union City,https://www.allmenus.com/ga/union-city/
Valdosta,https://www.allmenus.com/ga/valdosta/
Vidalia,https://www.allmenus.com/ga/vidalia/
Vienna,https://www.allmenus.com/ga/vienna/
Villa Rica,https://www.allmenus.com/ga/villa-rica/
Waco,https://www.allmenus.com/ga/waco/
Waleska,https://www.allmenus.com/ga/waleska/
Warm Springs,https://www.allmenus.com/ga/warm-springs/
Warner Robins,https://www.allmenus.com/ga/warner-robins/
Warrenton,https://www.allmenus.com/ga/warrenton/
Warwick,https://www.allmenus.com/ga/warwick/
Washington,https://www.allmenus.com/ga/washington/
Watkinsville,https://www.allmenus.com/ga/watkinsville/
Waycross,https://www.allmenus.com/ga/waycross/
Waynesboro,https://www.allmenus.com/ga/waynesboro/
West Point,https://www.allmenus.com/ga/west-point/
Whitesburg,https://www.allmenus.com/ga/whitesburg/
Wildwood,https://www.allmenus.com/ga/wildwood/
Williamson,https://www.allmenus.com/ga/williamson/
Winder,https://www.allmenus.com/ga/winder/
Winterville,https://www.allmenus.com/ga/winterville/
Woodbine,https://www.allmenus.com/ga/woodbine/
Woodstock,https://www.allmenus.com/ga/woodstock/
Wrens,https://www.allmenus.com/ga/wrens/
Wrightsville,https://www.allmenus.com/ga/wrightsville/
Young Harris,https://www.allmenus.com/ga/young-harris/
Zebulon,https://www.allmenus.com/ga/zebulon/
