City Name,City URL
Aiea,https://www.allmenus.com/hi/aiea/
Ewa Beach,https://www.allmenus.com/hi/ewa-beach/
Haiku,https://www.allmenus.com/hi/haiku/
Haleiwa,https://www.allmenus.com/hi/haleiwa/
Hilo,https://www.allmenus.com/hi/hilo/
Holualoa,https://www.allmenus.com/hi/holualoa/
Honolulu,https://www.allmenus.com/hi/honolulu/
Kahuku,https://www.allmenus.com/hi/kahuku/
Kahului,https://www.allmenus.com/hi/kahului/
Kailua,https://www.allmenus.com/hi/kailua/
Kailua Kona,https://www.allmenus.com/hi/kailua-kona/
Kalaheo,https://www.allmenus.com/hi/kalaheo/
Kamuela,https://www.allmenus.com/hi/kamuela/
Kaneohe,https://www.allmenus.com/hi/kaneohe/
Kapaa,https://www.allmenus.com/hi/kapaa/
Kaunakakai,https://www.allmenus.com/hi/kaunakakai/
Keaau,https://www.allmenus.com/hi/keaau/
Kealakekua,https://www.allmenus.com/hi/kealakekua/
Kihei,https://www.allmenus.com/hi/kihei/
Kilauea,https://www.allmenus.com/hi/kilauea/
Koloa,https://www.allmenus.com/hi/koloa/
Kula,https://www.allmenus.com/hi/kula/
Lahaina,https://www.allmenus.com/hi/lahaina/
Laie,https://www.allmenus.com/hi/laie/
Lihue,https://www.allmenus.com/hi/lihue/
Makawao,https://www.allmenus.com/hi/makawao/
Mcbh Kaneohe Bay,https://www.allmenus.com/hi/mcbh-kaneohe-bay/
Mililani,https://www.allmenus.com/hi/mililani/
Mountain View,https://www.allmenus.com/hi/mountain-view/
Naalehu,https://www.allmenus.com/hi/naalehu/
Pahoa,https://www.allmenus.com/hi/pahoa/
Paia,https://www.allmenus.com/hi/paia/
Pearl City,https://www.allmenus.com/hi/pearl-city/
Princeville,https://www.allmenus.com/hi/princeville/
Wahiawa,https://www.allmenus.com/hi/wahiawa/
Waianae,https://www.allmenus.com/hi/waianae/
Waikoloa,https://www.allmenus.com/hi/waikoloa/
Wailuku,https://www.allmenus.com/hi/wailuku/
Waimanalo,https://www.allmenus.com/hi/waimanalo/
Waipahu,https://www.allmenus.com/hi/waipahu/
