City Name,City URL
Ahsahka,https://www.allmenus.com/id/ahsahka/
American Falls,https://www.allmenus.com/id/american-falls/
Arco,https://www.allmenus.com/id/arco/
Ashton,https://www.allmenus.com/id/ashton/
Athol,https://www.allmenus.com/id/athol/
Bellevue,https://www.allmenus.com/id/bellevue/
Blackfoot,https://www.allmenus.com/id/blackfoot/
Blanchard,https://www.allmenus.com/id/blanchard/
Bliss,https://www.allmenus.com/id/bliss/
Boise,https://www.allmenus.com/id/boise/
Bonners Ferry,https://www.allmenus.com/id/bonners-ferry/
Buhl,https://www.allmenus.com/id/buhl/
Burley,https://www.allmenus.com/id/burley/
Caldwell,https://www.allmenus.com/id/caldwell/
Cascade,https://www.allmenus.com/id/cascade/
Cataldo,https://www.allmenus.com/id/cataldo/
Coeur D Alene,https://www.allmenus.com/id/coeur-d-alene/
Declo,https://www.allmenus.com/id/declo/
Donnelly,https://www.allmenus.com/id/donnelly/
Downey,https://www.allmenus.com/id/downey/
Driggs,https://www.allmenus.com/id/driggs/
Dubois,https://www.allmenus.com/id/dubois/
Eagle,https://www.allmenus.com/id/eagle/
Emmett,https://www.allmenus.com/id/emmett/
Fairfield,https://www.allmenus.com/id/fairfield/
Filer,https://www.allmenus.com/id/filer/
Fruitland,https://www.allmenus.com/id/fruitland/
Garden Valley,https://www.allmenus.com/id/garden-valley/
Glenns Ferry,https://www.allmenus.com/id/glenns-ferry/
Gooding,https://www.allmenus.com/id/gooding/
Grangeville,https://www.allmenus.com/id/grangeville/
Hagerman,https://www.allmenus.com/id/hagerman/
Hailey,https://www.allmenus.com/id/hailey/
Hayden,https://www.allmenus.com/id/hayden/
Heyburn,https://www.allmenus.com/id/heyburn/
Homedale,https://www.allmenus.com/id/homedale/
Hope,https://www.allmenus.com/id/hope/
Horseshoe Bend,https://www.allmenus.com/id/horseshoe-bend/
Idaho Falls,https://www.allmenus.com/id/idaho-falls/
Island Park,https://www.allmenus.com/id/island-park/
Jerome,https://www.allmenus.com/id/jerome/
Kamiah,https://www.allmenus.com/id/kamiah/
Kellogg,https://www.allmenus.com/id/kellogg/
Ketchum,https://www.allmenus.com/id/ketchum/
Kimberly,https://www.allmenus.com/id/kimberly/
Kuna,https://www.allmenus.com/id/kuna/
Lava Hot Springs,https://www.allmenus.com/id/lava-hot-springs/
Leadore,https://www.allmenus.com/id/leadore/
Lewiston,https://www.allmenus.com/id/lewiston/
Malad City,https://www.allmenus.com/id/malad-city/
Marsing,https://www.allmenus.com/id/marsing/
Mccall,https://www.allmenus.com/id/mccall/
Mccammon,https://www.allmenus.com/id/mccammon/
Meridian,https://www.allmenus.com/id/meridian/
Middleton,https://www.allmenus.com/id/middleton/
Montpelier,https://www.allmenus.com/id/montpelier/
Moscow,https://www.allmenus.com/id/moscow/
Mountain Home,https://www.allmenus.com/id/mountain-home/
Mountain Home A F B,https://www.allmenus.com/id/mountain-home-a-f-b/
Nampa,https://www.allmenus.com/id/nampa/
New Meadows,https://www.allmenus.com/id/new-meadows/
New Plymouth,https://www.allmenus.com/id/new-plymouth/
Orofino,https://www.allmenus.com/id/orofino/
Parma,https://www.allmenus.com/id/parma/
Payette,https://www.allmenus.com/id/payette/
Pocatello,https://www.allmenus.com/id/pocatello/
Ponderay,https://www.allmenus.com/id/ponderay/
Post Falls,https://www.allmenus.com/id/post-falls/
Preston,https://www.allmenus.com/id/preston/
Priest River,https://www.allmenus.com/id/priest-river/
Rathdrum,https://www.allmenus.com/id/rathdrum/
Rexburg,https://www.allmenus.com/id/rexburg/
Rigby,https://www.allmenus.com/id/rigby/
Ririe,https://www.allmenus.com/id/ririe/
Roberts,https://www.allmenus.com/id/roberts/
Rupert,https://www.allmenus.com/id/rupert/
Sagle,https://www.allmenus.com/id/sagle/
Saint Maries,https://www.allmenus.com/id/saint-maries/
Salmon,https://www.allmenus.com/id/salmon/
Sandpoint,https://www.allmenus.com/id/sandpoint/
Shelley,https://www.allmenus.com/id/shelley/
Soda Springs,https://www.allmenus.com/id/soda-springs/
Spirit Lake,https://www.allmenus.com/id/spirit-lake/
Stanley,https://www.allmenus.com/id/stanley/
Star,https://www.allmenus.com/id/star/
Tensed,https://www.allmenus.com/id/tensed/
Twin Falls,https://www.allmenus.com/id/twin-falls/
Victor,https://www.allmenus.com/id/victor/
Wallace,https://www.allmenus.com/id/wallace/
Weiser,https://www.allmenus.com/id/weiser/
Wendell,https://www.allmenus.com/id/wendell/
Worley,https://www.allmenus.com/id/worley/
