City Name,City URL
Abingdon,https://www.allmenus.com/il/abingdon/
Addison,https://www.allmenus.com/il/addison/
Albany,https://www.allmenus.com/il/albany/
Albion,https://www.allmenus.com/il/albion/
Aledo,https://www.allmenus.com/il/aledo/
Algonquin,https://www.allmenus.com/il/algonquin/
Alorton,https://www.allmenus.com/il/alorton/
Altamont,https://www.allmenus.com/il/altamont/
Alto Pass,https://www.allmenus.com/il/alto-pass/
Alton,https://www.allmenus.com/il/alton/
Amboy,https://www.allmenus.com/il/amboy/
Andalusia,https://www.allmenus.com/il/andalusia/
Anna,https://www.allmenus.com/il/anna/
Annawan,https://www.allmenus.com/il/annawan/
Antioch,https://www.allmenus.com/il/antioch/
Arcola,https://www.allmenus.com/il/arcola/
Argenta,https://www.allmenus.com/il/argenta/
Arlington,https://www.allmenus.com/il/arlington/
Arlington Heights,https://www.allmenus.com/il/arlington-heights/
Arthur,https://www.allmenus.com/il/arthur/
Ashkum,https://www.allmenus.com/il/ashkum/
Ashland,https://www.allmenus.com/il/ashland/
Ashley,https://www.allmenus.com/il/ashley/
Assumption,https://www.allmenus.com/il/assumption/
Athens,https://www.allmenus.com/il/athens/
Atkinson,https://www.allmenus.com/il/atkinson/
Atlanta,https://www.allmenus.com/il/atlanta/
Auburn,https://www.allmenus.com/il/auburn/
Aurora,https://www.allmenus.com/il/aurora/
Aviston,https://www.allmenus.com/il/aviston/
Avon,https://www.allmenus.com/il/avon/
Baldwin,https://www.allmenus.com/il/baldwin/
Barrington,https://www.allmenus.com/il/barrington/
Bartlett,https://www.allmenus.com/il/bartlett/
Bartonville,https://www.allmenus.com/il/bartonville/
Batavia,https://www.allmenus.com/il/batavia/
Bath,https://www.allmenus.com/il/bath/
Beardstown,https://www.allmenus.com/il/beardstown/
Bedford Park,https://www.allmenus.com/il/bedford-park/
Beecher,https://www.allmenus.com/il/beecher/
Belleville,https://www.allmenus.com/il/belleville/
Bellwood,https://www.allmenus.com/il/bellwood/
Belvidere,https://www.allmenus.com/il/belvidere/
Bement,https://www.allmenus.com/il/bement/
Benld,https://www.allmenus.com/il/benld/
Bensenville,https://www.allmenus.com/il/bensenville/
Benton,https://www.allmenus.com/il/benton/
Berwyn,https://www.allmenus.com/il/berwyn/
Bethalto,https://www.allmenus.com/il/bethalto/
Bethany,https://www.allmenus.com/il/bethany/
Bloomingdale,https://www.allmenus.com/il/bloomingdale/
Bloomington,https://www.allmenus.com/il/bloomington/
Blue Island,https://www.allmenus.com/il/blue-island/
Bolingbrook,https://www.allmenus.com/il/bolingbrook/
Bourbonnais,https://www.allmenus.com/il/bourbonnais/
Braceville,https://www.allmenus.com/il/braceville/
Bradford,https://www.allmenus.com/il/bradford/
Bradley,https://www.allmenus.com/il/bradley/
Braidwood,https://www.allmenus.com/il/braidwood/
Breese,https://www.allmenus.com/il/breese/
Bridgeport,https://www.allmenus.com/il/bridgeport/
Bridgeview,https://www.allmenus.com/il/bridgeview/
Brighton,https://www.allmenus.com/il/brighton/
Bristol,https://www.allmenus.com/il/bristol/
Broadview,https://www.allmenus.com/il/broadview/
Brookfield,https://www.allmenus.com/il/brookfield/
Buffalo Grove,https://www.allmenus.com/il/buffalo-grove/
Bunker Hill,https://www.allmenus.com/il/bunker-hill/
Bushnell,https://www.allmenus.com/il/bushnell/
Byron,https://www.allmenus.com/il/byron/
Cahokia,https://www.allmenus.com/il/cahokia/
Cairo,https://www.allmenus.com/il/cairo/
Caledonia,https://www.allmenus.com/il/caledonia/
Calumet City,https://www.allmenus.com/il/calumet-city/
Cambridge,https://www.allmenus.com/il/cambridge/
Canton,https://www.allmenus.com/il/canton/
Carbondale,https://www.allmenus.com/il/carbondale/
Carlinville,https://www.allmenus.com/il/carlinville/
Carlyle,https://www.allmenus.com/il/carlyle/
Carmi,https://www.allmenus.com/il/carmi/
Carol Stream,https://www.allmenus.com/il/carol-stream/
Carpentersville,https://www.allmenus.com/il/carpentersville/
Carrier Mills,https://www.allmenus.com/il/carrier-mills/
Carrollton,https://www.allmenus.com/il/carrollton/
Carterville,https://www.allmenus.com/il/carterville/
Carthage,https://www.allmenus.com/il/carthage/
Cary,https://www.allmenus.com/il/cary/
Casey,https://www.allmenus.com/il/casey/
Caseyville,https://www.allmenus.com/il/caseyville/
Centralia,https://www.allmenus.com/il/centralia/
Champaign,https://www.allmenus.com/il/champaign/
Channahon,https://www.allmenus.com/il/channahon/
Charleston,https://www.allmenus.com/il/charleston/
Chatham,https://www.allmenus.com/il/chatham/
Chatsworth,https://www.allmenus.com/il/chatsworth/
Chenoa,https://www.allmenus.com/il/chenoa/
Cherry Valley,https://www.allmenus.com/il/cherry-valley/
Chester,https://www.allmenus.com/il/chester/
Chicago,https://www.allmenus.com/il/chicago/
Chicago Heights,https://www.allmenus.com/il/chicago-heights/
Chicago Ridge,https://www.allmenus.com/il/chicago-ridge/
Chillicothe,https://www.allmenus.com/il/chillicothe/
Chrisman,https://www.allmenus.com/il/chrisman/
Christopher,https://www.allmenus.com/il/christopher/
Cicero,https://www.allmenus.com/il/cicero/
Cissna Park,https://www.allmenus.com/il/cissna-park/
Clarendon Hills,https://www.allmenus.com/il/clarendon-hills/
Clay City,https://www.allmenus.com/il/clay-city/
Clayton,https://www.allmenus.com/il/clayton/
Clinton,https://www.allmenus.com/il/clinton/
Coal City,https://www.allmenus.com/il/coal-city/
Coal Valley,https://www.allmenus.com/il/coal-valley/
Cobden,https://www.allmenus.com/il/cobden/
Coffeen,https://www.allmenus.com/il/coffeen/
Colchester,https://www.allmenus.com/il/colchester/
Colfax,https://www.allmenus.com/il/colfax/
Collinsville,https://www.allmenus.com/il/collinsville/
Colona,https://www.allmenus.com/il/colona/
Columbia,https://www.allmenus.com/il/columbia/
Cortland,https://www.allmenus.com/il/cortland/
Country Club Hills,https://www.allmenus.com/il/country-club-hills/
Crete,https://www.allmenus.com/il/crete/
Crystal Lake,https://www.allmenus.com/il/crystal-lake/
Cuba,https://www.allmenus.com/il/cuba/
Cullom,https://www.allmenus.com/il/cullom/
Dakota,https://www.allmenus.com/il/dakota/
Danville,https://www.allmenus.com/il/danville/
Davis Junction,https://www.allmenus.com/il/davis-junction/
De Land,https://www.allmenus.com/il/de-land/
De Soto,https://www.allmenus.com/il/de-soto/
Decatur,https://www.allmenus.com/il/decatur/
Deer Creek,https://www.allmenus.com/il/deer-creek/
Deerfield,https://www.allmenus.com/il/deerfield/
Dekalb,https://www.allmenus.com/il/dekalb/
Delavan,https://www.allmenus.com/il/delavan/
Des Plaines,https://www.allmenus.com/il/des-plaines/
Dieterich,https://www.allmenus.com/il/dieterich/
Divernon,https://www.allmenus.com/il/divernon/
Dixon,https://www.allmenus.com/il/dixon/
Dolton,https://www.allmenus.com/il/dolton/
Downers Grove,https://www.allmenus.com/il/downers-grove/
Downs,https://www.allmenus.com/il/downs/
Du Quoin,https://www.allmenus.com/il/du-quoin/
Dundee,https://www.allmenus.com/il/dundee/
Dunlap,https://www.allmenus.com/il/dunlap/
Dupo,https://www.allmenus.com/il/dupo/
Durand,https://www.allmenus.com/il/durand/
Dwight,https://www.allmenus.com/il/dwight/
Earlville,https://www.allmenus.com/il/earlville/
East Alton,https://www.allmenus.com/il/east-alton/
East Dubuque,https://www.allmenus.com/il/east-dubuque/
East Moline,https://www.allmenus.com/il/east-moline/
East Peoria,https://www.allmenus.com/il/east-peoria/
East Saint Louis,https://www.allmenus.com/il/east-saint-louis/
Edwards,https://www.allmenus.com/il/edwards/
Edwardsville,https://www.allmenus.com/il/edwardsville/
Effingham,https://www.allmenus.com/il/effingham/
El Paso,https://www.allmenus.com/il/el-paso/
Elburn,https://www.allmenus.com/il/elburn/
Eldorado,https://www.allmenus.com/il/eldorado/
Elgin,https://www.allmenus.com/il/elgin/
Elizabeth,https://www.allmenus.com/il/elizabeth/
Elk Grove Village,https://www.allmenus.com/il/elk-grove-village/
Elkhart,https://www.allmenus.com/il/elkhart/
Elkville,https://www.allmenus.com/il/elkville/
Elmhurst,https://www.allmenus.com/il/elmhurst/
Elmwood,https://www.allmenus.com/il/elmwood/
Elmwood Park,https://www.allmenus.com/il/elmwood-park/
Elwood,https://www.allmenus.com/il/elwood/
Energy,https://www.allmenus.com/il/energy/
Eureka,https://www.allmenus.com/il/eureka/
Evanston,https://www.allmenus.com/il/evanston/
Evergreen Park,https://www.allmenus.com/il/evergreen-park/
Fairbury,https://www.allmenus.com/il/fairbury/
Fairfield,https://www.allmenus.com/il/fairfield/
Farina,https://www.allmenus.com/il/farina/
Farmer City,https://www.allmenus.com/il/farmer-city/
Farmersville,https://www.allmenus.com/il/farmersville/
Farmington,https://www.allmenus.com/il/farmington/
Fisher,https://www.allmenus.com/il/fisher/
Flanagan,https://www.allmenus.com/il/flanagan/
Flora,https://www.allmenus.com/il/flora/
Flossmoor,https://www.allmenus.com/il/flossmoor/
Forest Park,https://www.allmenus.com/il/forest-park/
Forrest,https://www.allmenus.com/il/forrest/
Forreston,https://www.allmenus.com/il/forreston/
Forsyth,https://www.allmenus.com/il/forsyth/
Fox Lake,https://www.allmenus.com/il/fox-lake/
Fox River Grove,https://www.allmenus.com/il/fox-river-grove/
Frankfort,https://www.allmenus.com/il/frankfort/
Franklin Grove,https://www.allmenus.com/il/franklin-grove/
Franklin Park,https://www.allmenus.com/il/franklin-park/
Freeburg,https://www.allmenus.com/il/freeburg/
Freeport,https://www.allmenus.com/il/freeport/
Fulton,https://www.allmenus.com/il/fulton/
Galena,https://www.allmenus.com/il/galena/
Galesburg,https://www.allmenus.com/il/galesburg/
Galva,https://www.allmenus.com/il/galva/
Gardner,https://www.allmenus.com/il/gardner/
Geneseo,https://www.allmenus.com/il/geneseo/
Geneva,https://www.allmenus.com/il/geneva/
Genoa,https://www.allmenus.com/il/genoa/
Georgetown,https://www.allmenus.com/il/georgetown/
Germantown,https://www.allmenus.com/il/germantown/
Gibson City,https://www.allmenus.com/il/gibson-city/
Gilberts,https://www.allmenus.com/il/gilberts/
Gillespie,https://www.allmenus.com/il/gillespie/
Gilman,https://www.allmenus.com/il/gilman/
Girard,https://www.allmenus.com/il/girard/
Glen Carbon,https://www.allmenus.com/il/glen-carbon/
Glen Ellyn,https://www.allmenus.com/il/glen-ellyn/
Glencoe,https://www.allmenus.com/il/glencoe/
Glendale Heights,https://www.allmenus.com/il/glendale-heights/
Glenview,https://www.allmenus.com/il/glenview/
Glenwood,https://www.allmenus.com/il/glenwood/
Godfrey,https://www.allmenus.com/il/godfrey/
Goodfield,https://www.allmenus.com/il/goodfield/
Goreville,https://www.allmenus.com/il/goreville/
Grafton,https://www.allmenus.com/il/grafton/
Granite City,https://www.allmenus.com/il/granite-city/
Grant Park,https://www.allmenus.com/il/grant-park/
Granville,https://www.allmenus.com/il/granville/
Grayslake,https://www.allmenus.com/il/grayslake/
Grayville,https://www.allmenus.com/il/grayville/
Great Lakes,https://www.allmenus.com/il/great-lakes/
Green Valley,https://www.allmenus.com/il/green-valley/
Greenup,https://www.allmenus.com/il/greenup/
Greenview,https://www.allmenus.com/il/greenview/
Greenville,https://www.allmenus.com/il/greenville/
Gridley,https://www.allmenus.com/il/gridley/
Griggsville,https://www.allmenus.com/il/griggsville/
Groveland,https://www.allmenus.com/il/groveland/
Gurnee,https://www.allmenus.com/il/gurnee/
Hamilton,https://www.allmenus.com/il/hamilton/
Hampshire,https://www.allmenus.com/il/hampshire/
Hampton,https://www.allmenus.com/il/hampton/
Hanover,https://www.allmenus.com/il/hanover/
Hardin,https://www.allmenus.com/il/hardin/
Harrisburg,https://www.allmenus.com/il/harrisburg/
Hartford,https://www.allmenus.com/il/hartford/
Harvard,https://www.allmenus.com/il/harvard/
Harvey,https://www.allmenus.com/il/harvey/
Harwood Heights,https://www.allmenus.com/il/harwood-heights/
Havana,https://www.allmenus.com/il/havana/
Hazel Crest,https://www.allmenus.com/il/hazel-crest/
Hebron,https://www.allmenus.com/il/hebron/
Henry,https://www.allmenus.com/il/henry/
Herrin,https://www.allmenus.com/il/herrin/
Heyworth,https://www.allmenus.com/il/heyworth/
Highland,https://www.allmenus.com/il/highland/
Highland Park,https://www.allmenus.com/il/highland-park/
Highwood,https://www.allmenus.com/il/highwood/
Hillsboro,https://www.allmenus.com/il/hillsboro/
Hillsdale,https://www.allmenus.com/il/hillsdale/
Hillside,https://www.allmenus.com/il/hillside/
Hinckley,https://www.allmenus.com/il/hinckley/
Hinsdale,https://www.allmenus.com/il/hinsdale/
Hodgkins,https://www.allmenus.com/il/hodgkins/
Hoffman Estates,https://www.allmenus.com/il/hoffman-estates/
Homer,https://www.allmenus.com/il/homer/
Homewood,https://www.allmenus.com/il/homewood/
Hoopeston,https://www.allmenus.com/il/hoopeston/
Hudson,https://www.allmenus.com/il/hudson/
Huntley,https://www.allmenus.com/il/huntley/
Ina,https://www.allmenus.com/il/ina/
Ingleside,https://www.allmenus.com/il/ingleside/
Island Lake,https://www.allmenus.com/il/island-lake/
Itasca,https://www.allmenus.com/il/itasca/
Jacksonville,https://www.allmenus.com/il/jacksonville/
Jerseyville,https://www.allmenus.com/il/jerseyville/
Johnston City,https://www.allmenus.com/il/johnston-city/
Joliet,https://www.allmenus.com/il/joliet/
Jonesboro,https://www.allmenus.com/il/jonesboro/
Kankakee,https://www.allmenus.com/il/kankakee/
Kewanee,https://www.allmenus.com/il/kewanee/
Kingston,https://www.allmenus.com/il/kingston/
Kinmundy,https://www.allmenus.com/il/kinmundy/
Knoxville,https://www.allmenus.com/il/knoxville/
La Grange,https://www.allmenus.com/il/la-grange/
La Grange Park,https://www.allmenus.com/il/la-grange-park/
La Harpe,https://www.allmenus.com/il/la-harpe/
La Salle,https://www.allmenus.com/il/la-salle/
Lacon,https://www.allmenus.com/il/lacon/
Lake Bluff,https://www.allmenus.com/il/lake-bluff/
Lake Forest,https://www.allmenus.com/il/lake-forest/
Lake Villa,https://www.allmenus.com/il/lake-villa/
Lake Zurich,https://www.allmenus.com/il/lake-zurich/
Lansing,https://www.allmenus.com/il/lansing/
Lawrenceville,https://www.allmenus.com/il/lawrenceville/
Le Roy,https://www.allmenus.com/il/le-roy/
Leaf River,https://www.allmenus.com/il/leaf-river/
Lebanon,https://www.allmenus.com/il/lebanon/
Leland,https://www.allmenus.com/il/leland/
Lemont,https://www.allmenus.com/il/lemont/
Lena,https://www.allmenus.com/il/lena/
Lewistown,https://www.allmenus.com/il/lewistown/
Lexington,https://www.allmenus.com/il/lexington/
Libertyville,https://www.allmenus.com/il/libertyville/
Lincoln,https://www.allmenus.com/il/lincoln/
Lincolnshire,https://www.allmenus.com/il/lincolnshire/
Lisle,https://www.allmenus.com/il/lisle/
Litchfield,https://www.allmenus.com/il/litchfield/
Lockport,https://www.allmenus.com/il/lockport/
Lombard,https://www.allmenus.com/il/lombard/
Louisville,https://www.allmenus.com/il/louisville/
Loves Park,https://www.allmenus.com/il/loves-park/
Lyons,https://www.allmenus.com/il/lyons/
Mackinaw,https://www.allmenus.com/il/mackinaw/
Macomb,https://www.allmenus.com/il/macomb/
Madison,https://www.allmenus.com/il/madison/
Magnolia,https://www.allmenus.com/il/magnolia/
Mahomet,https://www.allmenus.com/il/mahomet/
Makanda,https://www.allmenus.com/il/makanda/
Manhattan,https://www.allmenus.com/il/manhattan/
Manito,https://www.allmenus.com/il/manito/
Manteno,https://www.allmenus.com/il/manteno/
Maple Park,https://www.allmenus.com/il/maple-park/
Marengo,https://www.allmenus.com/il/marengo/
Marion,https://www.allmenus.com/il/marion/
Marissa,https://www.allmenus.com/il/marissa/
Markham,https://www.allmenus.com/il/markham/
Maroa,https://www.allmenus.com/il/maroa/
Marseilles,https://www.allmenus.com/il/marseilles/
Marshall,https://www.allmenus.com/il/marshall/
Martinsville,https://www.allmenus.com/il/martinsville/
Maryville,https://www.allmenus.com/il/maryville/
Mascoutah,https://www.allmenus.com/il/mascoutah/
Mason City,https://www.allmenus.com/il/mason-city/
Matteson,https://www.allmenus.com/il/matteson/
Mattoon,https://www.allmenus.com/il/mattoon/
Maywood,https://www.allmenus.com/il/maywood/
Mazon,https://www.allmenus.com/il/mazon/
Mc Cook,https://www.allmenus.com/il/mc-cook/
Mc Lean,https://www.allmenus.com/il/mc-lean/
Mc Leansboro,https://www.allmenus.com/il/mc-leansboro/
Mchenry,https://www.allmenus.com/il/mchenry/
Melrose Park,https://www.allmenus.com/il/melrose-park/
Mendota,https://www.allmenus.com/il/mendota/
Metamora,https://www.allmenus.com/il/metamora/
Metropolis,https://www.allmenus.com/il/metropolis/
Midlothian,https://www.allmenus.com/il/midlothian/
Milan,https://www.allmenus.com/il/milan/
Milford,https://www.allmenus.com/il/milford/
Millstadt,https://www.allmenus.com/il/millstadt/
Minonk,https://www.allmenus.com/il/minonk/
Minooka,https://www.allmenus.com/il/minooka/
Mokena,https://www.allmenus.com/il/mokena/
Moline,https://www.allmenus.com/il/moline/
Momence,https://www.allmenus.com/il/momence/
Monee,https://www.allmenus.com/il/monee/
Monmouth,https://www.allmenus.com/il/monmouth/
Montgomery,https://www.allmenus.com/il/montgomery/
Monticello,https://www.allmenus.com/il/monticello/
Morris,https://www.allmenus.com/il/morris/
Morrison,https://www.allmenus.com/il/morrison/
Morrisonville,https://www.allmenus.com/il/morrisonville/
Morton,https://www.allmenus.com/il/morton/
Morton Grove,https://www.allmenus.com/il/morton-grove/
Mount Carmel,https://www.allmenus.com/il/mount-carmel/
Mount Carroll,https://www.allmenus.com/il/mount-carroll/
Mount Prospect,https://www.allmenus.com/il/mount-prospect/
Mount Pulaski,https://www.allmenus.com/il/mount-pulaski/
Mount Sterling,https://www.allmenus.com/il/mount-sterling/
Mount Vernon,https://www.allmenus.com/il/mount-vernon/
Moweaqua,https://www.allmenus.com/il/moweaqua/
Mt Zion,https://www.allmenus.com/il/mt-zion/
Mulberry Grove,https://www.allmenus.com/il/mulberry-grove/
Mundelein,https://www.allmenus.com/il/mundelein/
Murphysboro,https://www.allmenus.com/il/murphysboro/
Naperville,https://www.allmenus.com/il/naperville/
Nashville,https://www.allmenus.com/il/nashville/
Nauvoo,https://www.allmenus.com/il/nauvoo/
Neoga,https://www.allmenus.com/il/neoga/
New Baden,https://www.allmenus.com/il/new-baden/
New Berlin,https://www.allmenus.com/il/new-berlin/
New Lenox,https://www.allmenus.com/il/new-lenox/
Newark,https://www.allmenus.com/il/newark/
Newton,https://www.allmenus.com/il/newton/
Niles,https://www.allmenus.com/il/niles/
Nokomis,https://www.allmenus.com/il/nokomis/
Normal,https://www.allmenus.com/il/normal/
North Aurora,https://www.allmenus.com/il/north-aurora/
North Chicago,https://www.allmenus.com/il/north-chicago/
North Riverside,https://www.allmenus.com/il/north-riverside/
Northbrook,https://www.allmenus.com/il/northbrook/
Northfield,https://www.allmenus.com/il/northfield/
Northlake,https://www.allmenus.com/il/northlake/
O Fallon,https://www.allmenus.com/il/o-fallon/
Oak Brook,https://www.allmenus.com/il/oak-brook/
Oak Forest,https://www.allmenus.com/il/oak-forest/
Oak Lawn,https://www.allmenus.com/il/oak-lawn/
Oak Park,https://www.allmenus.com/il/oak-park/
Oakdale,https://www.allmenus.com/il/oakdale/
Oakwood,https://www.allmenus.com/il/oakwood/
Oblong,https://www.allmenus.com/il/oblong/
Odin,https://www.allmenus.com/il/odin/
Ogden,https://www.allmenus.com/il/ogden/
Oglesby,https://www.allmenus.com/il/oglesby/
Okawville,https://www.allmenus.com/il/okawville/
Olive Branch,https://www.allmenus.com/il/olive-branch/
Olney,https://www.allmenus.com/il/olney/
Olympia Fields,https://www.allmenus.com/il/olympia-fields/
Onarga,https://www.allmenus.com/il/onarga/
Oregon,https://www.allmenus.com/il/oregon/
Orion,https://www.allmenus.com/il/orion/
Orland Park,https://www.allmenus.com/il/orland-park/
Oswego,https://www.allmenus.com/il/oswego/
Ottawa,https://www.allmenus.com/il/ottawa/
Palatine,https://www.allmenus.com/il/palatine/
Palestine,https://www.allmenus.com/il/palestine/
Palmyra,https://www.allmenus.com/il/palmyra/
Palos Heights,https://www.allmenus.com/il/palos-heights/
Palos Park,https://www.allmenus.com/il/palos-park/
Pana,https://www.allmenus.com/il/pana/
Paris,https://www.allmenus.com/il/paris/
Park Forest,https://www.allmenus.com/il/park-forest/
Park Ridge,https://www.allmenus.com/il/park-ridge/
Pawnee,https://www.allmenus.com/il/pawnee/
Paxton,https://www.allmenus.com/il/paxton/
Pecatonica,https://www.allmenus.com/il/pecatonica/
Pekin,https://www.allmenus.com/il/pekin/
Peoria,https://www.allmenus.com/il/peoria/
Peotone,https://www.allmenus.com/il/peotone/
Peru,https://www.allmenus.com/il/peru/
Petersburg,https://www.allmenus.com/il/petersburg/
Philo,https://www.allmenus.com/il/philo/
Pinckneyville,https://www.allmenus.com/il/pinckneyville/
Pittsfield,https://www.allmenus.com/il/pittsfield/
Plainfield,https://www.allmenus.com/il/plainfield/
Plano,https://www.allmenus.com/il/plano/
Pleasant Plains,https://www.allmenus.com/il/pleasant-plains/
Polo,https://www.allmenus.com/il/polo/
Pontiac,https://www.allmenus.com/il/pontiac/
Poplar Grove,https://www.allmenus.com/il/poplar-grove/
Port Byron,https://www.allmenus.com/il/port-byron/
Posen,https://www.allmenus.com/il/posen/
Potomac,https://www.allmenus.com/il/potomac/
Princeton,https://www.allmenus.com/il/princeton/
Princeville,https://www.allmenus.com/il/princeville/
Prophetstown,https://www.allmenus.com/il/prophetstown/
Prospect Heights,https://www.allmenus.com/il/prospect-heights/
Quincy,https://www.allmenus.com/il/quincy/
Ramsey,https://www.allmenus.com/il/ramsey/
Rantoul,https://www.allmenus.com/il/rantoul/
Raymond,https://www.allmenus.com/il/raymond/
Red Bud,https://www.allmenus.com/il/red-bud/
Richmond,https://www.allmenus.com/il/richmond/
Richton Park,https://www.allmenus.com/il/richton-park/
Ridge Farm,https://www.allmenus.com/il/ridge-farm/
River Forest,https://www.allmenus.com/il/river-forest/
River Grove,https://www.allmenus.com/il/river-grove/
Riverdale,https://www.allmenus.com/il/riverdale/
Riverside,https://www.allmenus.com/il/riverside/
Riverton,https://www.allmenus.com/il/riverton/
Roanoke,https://www.allmenus.com/il/roanoke/
Robbins,https://www.allmenus.com/il/robbins/
Robinson,https://www.allmenus.com/il/robinson/
Rochelle,https://www.allmenus.com/il/rochelle/
Rochester,https://www.allmenus.com/il/rochester/
Rock Falls,https://www.allmenus.com/il/rock-falls/
Rock Island,https://www.allmenus.com/il/rock-island/
Rockford,https://www.allmenus.com/il/rockford/
Rockton,https://www.allmenus.com/il/rockton/
Rolling Meadows,https://www.allmenus.com/il/rolling-meadows/
Romeoville,https://www.allmenus.com/il/romeoville/
Roodhouse,https://www.allmenus.com/il/roodhouse/
Roscoe,https://www.allmenus.com/il/roscoe/
Roselle,https://www.allmenus.com/il/roselle/
Rosemont,https://www.allmenus.com/il/rosemont/
Rossville,https://www.allmenus.com/il/rossville/
Round Lake,https://www.allmenus.com/il/round-lake/
Royalton,https://www.allmenus.com/il/royalton/
Rushville,https://www.allmenus.com/il/rushville/
Saint Anne,https://www.allmenus.com/il/saint-anne/
Saint Charles,https://www.allmenus.com/il/saint-charles/
Saint Elmo,https://www.allmenus.com/il/saint-elmo/
Saint Joseph,https://www.allmenus.com/il/saint-joseph/
Salem,https://www.allmenus.com/il/salem/
San Jose,https://www.allmenus.com/il/san-jose/
Sandoval,https://www.allmenus.com/il/sandoval/
Sandwich,https://www.allmenus.com/il/sandwich/
Sauk Village,https://www.allmenus.com/il/sauk-village/
Savanna,https://www.allmenus.com/il/savanna/
Savoy,https://www.allmenus.com/il/savoy/
Saybrook,https://www.allmenus.com/il/saybrook/
Schaumburg,https://www.allmenus.com/il/schaumburg/
Schiller Park,https://www.allmenus.com/il/schiller-park/
Scott Air Force Base,https://www.allmenus.com/il/scott-air-force-base/
Seneca,https://www.allmenus.com/il/seneca/
Sesser,https://www.allmenus.com/il/sesser/
Shabbona,https://www.allmenus.com/il/shabbona/
Shannon,https://www.allmenus.com/il/shannon/
Shelbyville,https://www.allmenus.com/il/shelbyville/
Sheridan,https://www.allmenus.com/il/sheridan/
Sherman,https://www.allmenus.com/il/sherman/
Sidney,https://www.allmenus.com/il/sidney/
Silvis,https://www.allmenus.com/il/silvis/
Skokie,https://www.allmenus.com/il/skokie/
Smithton,https://www.allmenus.com/il/smithton/
Somonauk,https://www.allmenus.com/il/somonauk/
South Beloit,https://www.allmenus.com/il/south-beloit/
South Elgin,https://www.allmenus.com/il/south-elgin/
South Holland,https://www.allmenus.com/il/south-holland/
South Roxana,https://www.allmenus.com/il/south-roxana/
Sparta,https://www.allmenus.com/il/sparta/
Spring Grove,https://www.allmenus.com/il/spring-grove/
Spring Valley,https://www.allmenus.com/il/spring-valley/
Springfield,https://www.allmenus.com/il/springfield/
Staunton,https://www.allmenus.com/il/staunton/
Steeleville,https://www.allmenus.com/il/steeleville/
Steger,https://www.allmenus.com/il/steger/
Sterling,https://www.allmenus.com/il/sterling/
Stockton,https://www.allmenus.com/il/stockton/
Strasburg,https://www.allmenus.com/il/strasburg/
Streamwood,https://www.allmenus.com/il/streamwood/
Streator,https://www.allmenus.com/il/streator/
Sugar Grove,https://www.allmenus.com/il/sugar-grove/
Sullivan,https://www.allmenus.com/il/sullivan/
Summit Argo,https://www.allmenus.com/il/summit-argo/
Sumner,https://www.allmenus.com/il/sumner/
Sycamore,https://www.allmenus.com/il/sycamore/
Tamaroa,https://www.allmenus.com/il/tamaroa/
Tampico,https://www.allmenus.com/il/tampico/
Taylorville,https://www.allmenus.com/il/taylorville/
Teutopolis,https://www.allmenus.com/il/teutopolis/
Thomson,https://www.allmenus.com/il/thomson/
Thornton,https://www.allmenus.com/il/thornton/
Tinley Park,https://www.allmenus.com/il/tinley-park/
Toledo,https://www.allmenus.com/il/toledo/
Tolono,https://www.allmenus.com/il/tolono/
Tonica,https://www.allmenus.com/il/tonica/
Towanda,https://www.allmenus.com/il/towanda/
Tower Hill,https://www.allmenus.com/il/tower-hill/
Tremont,https://www.allmenus.com/il/tremont/
Trenton,https://www.allmenus.com/il/trenton/
Troy,https://www.allmenus.com/il/troy/
Tuscola,https://www.allmenus.com/il/tuscola/
Urbana,https://www.allmenus.com/il/urbana/
Utica,https://www.allmenus.com/il/utica/
Vandalia,https://www.allmenus.com/il/vandalia/
Varna,https://www.allmenus.com/il/varna/
Venice,https://www.allmenus.com/il/venice/
Vernon Hills,https://www.allmenus.com/il/vernon-hills/
Vienna,https://www.allmenus.com/il/vienna/
Villa Grove,https://www.allmenus.com/il/villa-grove/
Villa Park,https://www.allmenus.com/il/villa-park/
Virden,https://www.allmenus.com/il/virden/
Virginia,https://www.allmenus.com/il/virginia/
Wadsworth,https://www.allmenus.com/il/wadsworth/
Warren,https://www.allmenus.com/il/warren/
Warrensburg,https://www.allmenus.com/il/warrensburg/
Warrenville,https://www.allmenus.com/il/warrenville/
Washburn,https://www.allmenus.com/il/washburn/
Washington,https://www.allmenus.com/il/washington/
Wataga,https://www.allmenus.com/il/wataga/
Waterloo,https://www.allmenus.com/il/waterloo/
Waterman,https://www.allmenus.com/il/waterman/
Watseka,https://www.allmenus.com/il/watseka/
Wauconda,https://www.allmenus.com/il/wauconda/
Waukegan,https://www.allmenus.com/il/waukegan/
Waverly,https://www.allmenus.com/il/waverly/
Wenona,https://www.allmenus.com/il/wenona/
West Chicago,https://www.allmenus.com/il/west-chicago/
West Frankfort,https://www.allmenus.com/il/west-frankfort/
West Salem,https://www.allmenus.com/il/west-salem/
Westchester,https://www.allmenus.com/il/westchester/
Western Springs,https://www.allmenus.com/il/western-springs/
Westmont,https://www.allmenus.com/il/westmont/
Westville,https://www.allmenus.com/il/westville/
Wheaton,https://www.allmenus.com/il/wheaton/
Wheeling,https://www.allmenus.com/il/wheeling/
White Hall,https://www.allmenus.com/il/white-hall/
Williamsville,https://www.allmenus.com/il/williamsville/
Willow Springs,https://www.allmenus.com/il/willow-springs/
Wilmette,https://www.allmenus.com/il/wilmette/
Wilmington,https://www.allmenus.com/il/wilmington/
Windsor,https://www.allmenus.com/il/windsor/
Winfield,https://www.allmenus.com/il/winfield/
Winnebago,https://www.allmenus.com/il/winnebago/
Winnetka,https://www.allmenus.com/il/winnetka/
Winthrop Harbor,https://www.allmenus.com/il/winthrop-harbor/
Witt,https://www.allmenus.com/il/witt/
Wonder Lake,https://www.allmenus.com/il/wonder-lake/
Wood Dale,https://www.allmenus.com/il/wood-dale/
Wood River,https://www.allmenus.com/il/wood-river/
Woodhull,https://www.allmenus.com/il/woodhull/
Woodridge,https://www.allmenus.com/il/woodridge/
Woodstock,https://www.allmenus.com/il/woodstock/
Worth,https://www.allmenus.com/il/worth/
Wyoming,https://www.allmenus.com/il/wyoming/
Yorkville,https://www.allmenus.com/il/yorkville/
Zeigler,https://www.allmenus.com/il/zeigler/
Zion,https://www.allmenus.com/il/zion/
