City Name,City URL
Akron,https://www.allmenus.com/in/akron/
Albany,https://www.allmenus.com/in/albany/
Albion,https://www.allmenus.com/in/albion/
Alexandria,https://www.allmenus.com/in/alexandria/
Anderson,https://www.allmenus.com/in/anderson/
Angola,https://www.allmenus.com/in/angola/
Arcadia,https://www.allmenus.com/in/arcadia/
Argos,https://www.allmenus.com/in/argos/
Ashley,https://www.allmenus.com/in/ashley/
Atlanta,https://www.allmenus.com/in/atlanta/
Attica,https://www.allmenus.com/in/attica/
Auburn,https://www.allmenus.com/in/auburn/
Aurora,https://www.allmenus.com/in/aurora/
Austin,https://www.allmenus.com/in/austin/
Avilla,https://www.allmenus.com/in/avilla/
Bargersville,https://www.allmenus.com/in/bargersville/
Batesville,https://www.allmenus.com/in/batesville/
Battle Ground,https://www.allmenus.com/in/battle-ground/
Bedford,https://www.allmenus.com/in/bedford/
Beech Grove,https://www.allmenus.com/in/beech-grove/
Berne,https://www.allmenus.com/in/berne/
Bicknell,https://www.allmenus.com/in/bicknell/
Bloomfield,https://www.allmenus.com/in/bloomfield/
Bloomington,https://www.allmenus.com/in/bloomington/
Bluffton,https://www.allmenus.com/in/bluffton/
Boonville,https://www.allmenus.com/in/boonville/
Borden,https://www.allmenus.com/in/borden/
Bourbon,https://www.allmenus.com/in/bourbon/
Brazil,https://www.allmenus.com/in/brazil/
Bremen,https://www.allmenus.com/in/bremen/
Bristol,https://www.allmenus.com/in/bristol/
Brookston,https://www.allmenus.com/in/brookston/
Brookville,https://www.allmenus.com/in/brookville/
Brownsburg,https://www.allmenus.com/in/brownsburg/
Brownstown,https://www.allmenus.com/in/brownstown/
Bryant,https://www.allmenus.com/in/bryant/
Bunker Hill,https://www.allmenus.com/in/bunker-hill/
Burlington,https://www.allmenus.com/in/burlington/
Butler,https://www.allmenus.com/in/butler/
Cambridge City,https://www.allmenus.com/in/cambridge-city/
Camby,https://www.allmenus.com/in/camby/
Carmel,https://www.allmenus.com/in/carmel/
Castleton,https://www.allmenus.com/in/castleton/
Cayuga,https://www.allmenus.com/in/cayuga/
Cedar Lake,https://www.allmenus.com/in/cedar-lake/
Centerville,https://www.allmenus.com/in/centerville/
Chandler,https://www.allmenus.com/in/chandler/
Charlestown,https://www.allmenus.com/in/charlestown/
Chesterfield,https://www.allmenus.com/in/chesterfield/
Chesterton,https://www.allmenus.com/in/chesterton/
Churubusco,https://www.allmenus.com/in/churubusco/
Cicero,https://www.allmenus.com/in/cicero/
Clarksville,https://www.allmenus.com/in/clarksville/
Clay City,https://www.allmenus.com/in/clay-city/
Clermont,https://www.allmenus.com/in/clermont/
Clinton,https://www.allmenus.com/in/clinton/
Cloverdale,https://www.allmenus.com/in/cloverdale/
Coatesville,https://www.allmenus.com/in/coatesville/
Columbia City,https://www.allmenus.com/in/columbia-city/
Columbus,https://www.allmenus.com/in/columbus/
Connersville,https://www.allmenus.com/in/connersville/
Corydon,https://www.allmenus.com/in/corydon/
Covington,https://www.allmenus.com/in/covington/
Crawfordsville,https://www.allmenus.com/in/crawfordsville/
Cromwell,https://www.allmenus.com/in/cromwell/
Crothersville,https://www.allmenus.com/in/crothersville/
Crown Point,https://www.allmenus.com/in/crown-point/
Culver,https://www.allmenus.com/in/culver/
Cumberland,https://www.allmenus.com/in/cumberland/
Dale,https://www.allmenus.com/in/dale/
Daleville,https://www.allmenus.com/in/daleville/
Danville,https://www.allmenus.com/in/danville/
Darlington,https://www.allmenus.com/in/darlington/
Decatur,https://www.allmenus.com/in/decatur/
Delphi,https://www.allmenus.com/in/delphi/
Demotte,https://www.allmenus.com/in/demotte/
Dugger,https://www.allmenus.com/in/dugger/
Dunkirk,https://www.allmenus.com/in/dunkirk/
Dyer,https://www.allmenus.com/in/dyer/
East Chicago,https://www.allmenus.com/in/east-chicago/
Eckerty,https://www.allmenus.com/in/eckerty/
Edinburgh,https://www.allmenus.com/in/edinburgh/
Elberfeld,https://www.allmenus.com/in/elberfeld/
Elizabeth,https://www.allmenus.com/in/elizabeth/
Elkhart,https://www.allmenus.com/in/elkhart/
Ellettsville,https://www.allmenus.com/in/ellettsville/
Elwood,https://www.allmenus.com/in/elwood/
Etna Green,https://www.allmenus.com/in/etna-green/
Evansville,https://www.allmenus.com/in/evansville/
Fairmount,https://www.allmenus.com/in/fairmount/
Farmersburg,https://www.allmenus.com/in/farmersburg/
Ferdinand,https://www.allmenus.com/in/ferdinand/
Fishers,https://www.allmenus.com/in/fishers/
Florence,https://www.allmenus.com/in/florence/
Floyds Knobs,https://www.allmenus.com/in/floyds-knobs/
Fort Branch,https://www.allmenus.com/in/fort-branch/
Fort Wayne,https://www.allmenus.com/in/fort-wayne/
Fortville,https://www.allmenus.com/in/fortville/
Fountain City,https://www.allmenus.com/in/fountain-city/
Fowler,https://www.allmenus.com/in/fowler/
Frankfort,https://www.allmenus.com/in/frankfort/
Franklin,https://www.allmenus.com/in/franklin/
Fremont,https://www.allmenus.com/in/fremont/
French Lick,https://www.allmenus.com/in/french-lick/
Galveston,https://www.allmenus.com/in/galveston/
Garrett,https://www.allmenus.com/in/garrett/
Gary,https://www.allmenus.com/in/gary/
Gas City,https://www.allmenus.com/in/gas-city/
Georgetown,https://www.allmenus.com/in/georgetown/
Goodland,https://www.allmenus.com/in/goodland/
Goshen,https://www.allmenus.com/in/goshen/
Gosport,https://www.allmenus.com/in/gosport/
Granger,https://www.allmenus.com/in/granger/
Greencastle,https://www.allmenus.com/in/greencastle/
Greenfield,https://www.allmenus.com/in/greenfield/
Greensburg,https://www.allmenus.com/in/greensburg/
Greentown,https://www.allmenus.com/in/greentown/
Greenwood,https://www.allmenus.com/in/greenwood/
Griffith,https://www.allmenus.com/in/griffith/
Hagerstown,https://www.allmenus.com/in/hagerstown/
Hamilton,https://www.allmenus.com/in/hamilton/
Hammond,https://www.allmenus.com/in/hammond/
Hanover,https://www.allmenus.com/in/hanover/
Hartford City,https://www.allmenus.com/in/hartford-city/
Haubstadt,https://www.allmenus.com/in/haubstadt/
Hebron,https://www.allmenus.com/in/hebron/
Highland,https://www.allmenus.com/in/highland/
Hobart,https://www.allmenus.com/in/hobart/
Hope,https://www.allmenus.com/in/hope/
Howe,https://www.allmenus.com/in/howe/
Hudson,https://www.allmenus.com/in/hudson/
Huntertown,https://www.allmenus.com/in/huntertown/
Huntingburg,https://www.allmenus.com/in/huntingburg/
Huntington,https://www.allmenus.com/in/huntington/
Indianapolis,https://www.allmenus.com/in/indianapolis/
Jamestown,https://www.allmenus.com/in/jamestown/
Jasonville,https://www.allmenus.com/in/jasonville/
Jasper,https://www.allmenus.com/in/jasper/
Jeffersonville,https://www.allmenus.com/in/jeffersonville/
Jonesboro,https://www.allmenus.com/in/jonesboro/
Kendallville,https://www.allmenus.com/in/kendallville/
Kentland,https://www.allmenus.com/in/kentland/
Kirklin,https://www.allmenus.com/in/kirklin/
Knightstown,https://www.allmenus.com/in/knightstown/
Knox,https://www.allmenus.com/in/knox/
Kokomo,https://www.allmenus.com/in/kokomo/
Kouts,https://www.allmenus.com/in/kouts/
La Porte,https://www.allmenus.com/in/la-porte/
Ladoga,https://www.allmenus.com/in/ladoga/
Lafayette,https://www.allmenus.com/in/lafayette/
Lagrange,https://www.allmenus.com/in/lagrange/
Lake Station,https://www.allmenus.com/in/lake-station/
Lakeville,https://www.allmenus.com/in/lakeville/
Laotto,https://www.allmenus.com/in/laotto/
Lapel,https://www.allmenus.com/in/lapel/
Laurel,https://www.allmenus.com/in/laurel/
Lawrence,https://www.allmenus.com/in/lawrence/
Lawrenceburg,https://www.allmenus.com/in/lawrenceburg/
Leavenworth,https://www.allmenus.com/in/leavenworth/
Lebanon,https://www.allmenus.com/in/lebanon/
Leo,https://www.allmenus.com/in/leo/
Liberty,https://www.allmenus.com/in/liberty/
Ligonier,https://www.allmenus.com/in/ligonier/
Linton,https://www.allmenus.com/in/linton/
Logansport,https://www.allmenus.com/in/logansport/
Loogootee,https://www.allmenus.com/in/loogootee/
Lowell,https://www.allmenus.com/in/lowell/
Lucerne,https://www.allmenus.com/in/lucerne/
Madison,https://www.allmenus.com/in/madison/
Marengo,https://www.allmenus.com/in/marengo/
Marion,https://www.allmenus.com/in/marion/
Markle,https://www.allmenus.com/in/markle/
Martinsville,https://www.allmenus.com/in/martinsville/
Mc Cordsville,https://www.allmenus.com/in/mc-cordsville/
Medaryville,https://www.allmenus.com/in/medaryville/
Memphis,https://www.allmenus.com/in/memphis/
Mentone,https://www.allmenus.com/in/mentone/
Merrillville,https://www.allmenus.com/in/merrillville/
Michigan City,https://www.allmenus.com/in/michigan-city/
Middlebury,https://www.allmenus.com/in/middlebury/
Middletown,https://www.allmenus.com/in/middletown/
Milan,https://www.allmenus.com/in/milan/
Milford,https://www.allmenus.com/in/milford/
Milltown,https://www.allmenus.com/in/milltown/
Milroy,https://www.allmenus.com/in/milroy/
Mishawaka,https://www.allmenus.com/in/mishawaka/
Mitchell,https://www.allmenus.com/in/mitchell/
Monon,https://www.allmenus.com/in/monon/
Monrovia,https://www.allmenus.com/in/monrovia/
Monticello,https://www.allmenus.com/in/monticello/
Montpelier,https://www.allmenus.com/in/montpelier/
Mooresville,https://www.allmenus.com/in/mooresville/
Mount Vernon,https://www.allmenus.com/in/mount-vernon/
Mulberry,https://www.allmenus.com/in/mulberry/
Muncie,https://www.allmenus.com/in/muncie/
Munster,https://www.allmenus.com/in/munster/
Nappanee,https://www.allmenus.com/in/nappanee/
Nashville,https://www.allmenus.com/in/nashville/
New Albany,https://www.allmenus.com/in/new-albany/
New Carlisle,https://www.allmenus.com/in/new-carlisle/
New Castle,https://www.allmenus.com/in/new-castle/
New Haven,https://www.allmenus.com/in/new-haven/
New Palestine,https://www.allmenus.com/in/new-palestine/
New Paris,https://www.allmenus.com/in/new-paris/
Newburgh,https://www.allmenus.com/in/newburgh/
Nineveh,https://www.allmenus.com/in/nineveh/
Noblesville,https://www.allmenus.com/in/noblesville/
North Judson,https://www.allmenus.com/in/north-judson/
North Liberty,https://www.allmenus.com/in/north-liberty/
North Manchester,https://www.allmenus.com/in/north-manchester/
North Vernon,https://www.allmenus.com/in/north-vernon/
North Webster,https://www.allmenus.com/in/north-webster/
Oakland City,https://www.allmenus.com/in/oakland-city/
Odon,https://www.allmenus.com/in/odon/
Oldenburg,https://www.allmenus.com/in/oldenburg/
Oolitic,https://www.allmenus.com/in/oolitic/
Orleans,https://www.allmenus.com/in/orleans/
Osceola,https://www.allmenus.com/in/osceola/
Ossian,https://www.allmenus.com/in/ossian/
Otterbein,https://www.allmenus.com/in/otterbein/
Palmyra,https://www.allmenus.com/in/palmyra/
Paoli,https://www.allmenus.com/in/paoli/
Parker City,https://www.allmenus.com/in/parker-city/
Pendleton,https://www.allmenus.com/in/pendleton/
Peru,https://www.allmenus.com/in/peru/
Petersburg,https://www.allmenus.com/in/petersburg/
Pierceton,https://www.allmenus.com/in/pierceton/
Pine Village,https://www.allmenus.com/in/pine-village/
Pittsboro,https://www.allmenus.com/in/pittsboro/
Plainfield,https://www.allmenus.com/in/plainfield/
Plymouth,https://www.allmenus.com/in/plymouth/
Portage,https://www.allmenus.com/in/portage/
Portland,https://www.allmenus.com/in/portland/
Poseyville,https://www.allmenus.com/in/poseyville/
Princeton,https://www.allmenus.com/in/princeton/
Redkey,https://www.allmenus.com/in/redkey/
Remington,https://www.allmenus.com/in/remington/
Rensselaer,https://www.allmenus.com/in/rensselaer/
Reynolds,https://www.allmenus.com/in/reynolds/
Richmond,https://www.allmenus.com/in/richmond/
Ridgeville,https://www.allmenus.com/in/ridgeville/
Rising Sun,https://www.allmenus.com/in/rising-sun/
Roanoke,https://www.allmenus.com/in/roanoke/
Rochester,https://www.allmenus.com/in/rochester/
Rockport,https://www.allmenus.com/in/rockport/
Rockville,https://www.allmenus.com/in/rockville/
Rolling Prairie,https://www.allmenus.com/in/rolling-prairie/
Rome City,https://www.allmenus.com/in/rome-city/
Rossville,https://www.allmenus.com/in/rossville/
Rushville,https://www.allmenus.com/in/rushville/
Russiaville,https://www.allmenus.com/in/russiaville/
Saint John,https://www.allmenus.com/in/saint-john/
Saint Paul,https://www.allmenus.com/in/saint-paul/
Salem,https://www.allmenus.com/in/salem/
Santa Claus,https://www.allmenus.com/in/santa-claus/
Schererville,https://www.allmenus.com/in/schererville/
Scottsburg,https://www.allmenus.com/in/scottsburg/
Sellersburg,https://www.allmenus.com/in/sellersburg/
Seymour,https://www.allmenus.com/in/seymour/
Sharpsville,https://www.allmenus.com/in/sharpsville/
Shelbyville,https://www.allmenus.com/in/shelbyville/
Sheridan,https://www.allmenus.com/in/sheridan/
Shipshewana,https://www.allmenus.com/in/shipshewana/
Silver Lake,https://www.allmenus.com/in/silver-lake/
South Bend,https://www.allmenus.com/in/south-bend/
South Whitley,https://www.allmenus.com/in/south-whitley/
Southport,https://www.allmenus.com/in/southport/
Speedway,https://www.allmenus.com/in/speedway/
Spencer,https://www.allmenus.com/in/spencer/
Spiceland,https://www.allmenus.com/in/spiceland/
Sullivan,https://www.allmenus.com/in/sullivan/
Syracuse,https://www.allmenus.com/in/syracuse/
Tell City,https://www.allmenus.com/in/tell-city/
Terre Haute,https://www.allmenus.com/in/terre-haute/
Thorntown,https://www.allmenus.com/in/thorntown/
Tipton,https://www.allmenus.com/in/tipton/
Topeka,https://www.allmenus.com/in/topeka/
Trafalgar,https://www.allmenus.com/in/trafalgar/
Troy,https://www.allmenus.com/in/troy/
Union City,https://www.allmenus.com/in/union-city/
Upland,https://www.allmenus.com/in/upland/
Valparaiso,https://www.allmenus.com/in/valparaiso/
Veedersburg,https://www.allmenus.com/in/veedersburg/
Versailles,https://www.allmenus.com/in/versailles/
Vevay,https://www.allmenus.com/in/vevay/
Vincennes,https://www.allmenus.com/in/vincennes/
Wabash,https://www.allmenus.com/in/wabash/
Wakarusa,https://www.allmenus.com/in/wakarusa/
Waldron,https://www.allmenus.com/in/waldron/
Walkerton,https://www.allmenus.com/in/walkerton/
Walton,https://www.allmenus.com/in/walton/
Wanatah,https://www.allmenus.com/in/wanatah/
Warren,https://www.allmenus.com/in/warren/
Warsaw,https://www.allmenus.com/in/warsaw/
Washington,https://www.allmenus.com/in/washington/
Waterloo,https://www.allmenus.com/in/waterloo/
Waveland,https://www.allmenus.com/in/waveland/
West Harrison,https://www.allmenus.com/in/west-harrison/
West Lafayette,https://www.allmenus.com/in/west-lafayette/
West Terre Haute,https://www.allmenus.com/in/west-terre-haute/
Westfield,https://www.allmenus.com/in/westfield/
Westport,https://www.allmenus.com/in/westport/
Westville,https://www.allmenus.com/in/westville/
Wheatfield,https://www.allmenus.com/in/wheatfield/
Whiteland,https://www.allmenus.com/in/whiteland/
Whitestown,https://www.allmenus.com/in/whitestown/
Whiting,https://www.allmenus.com/in/whiting/
Williamsport,https://www.allmenus.com/in/williamsport/
Winamac,https://www.allmenus.com/in/winamac/
Winchester,https://www.allmenus.com/in/winchester/
Winona Lake,https://www.allmenus.com/in/winona-lake/
Winslow,https://www.allmenus.com/in/winslow/
Wolcott,https://www.allmenus.com/in/wolcott/
Woodburn,https://www.allmenus.com/in/woodburn/
Yorktown,https://www.allmenus.com/in/yorktown/
Zionsville,https://www.allmenus.com/in/zionsville/
