City Name,City URL
Ackley,https://www.allmenus.com/ia/ackley/
Adair,https://www.allmenus.com/ia/adair/
Adel,https://www.allmenus.com/ia/adel/
Afton,https://www.allmenus.com/ia/afton/
Akron,https://www.allmenus.com/ia/akron/
Albia,https://www.allmenus.com/ia/albia/
Alden,https://www.allmenus.com/ia/alden/
Algona,https://www.allmenus.com/ia/algona/
Allison,https://www.allmenus.com/ia/allison/
Alton,https://www.allmenus.com/ia/alton/
Altoona,https://www.allmenus.com/ia/altoona/
Amana,https://www.allmenus.com/ia/amana/
Ames,https://www.allmenus.com/ia/ames/
Anamosa,https://www.allmenus.com/ia/anamosa/
Ankeny,https://www.allmenus.com/ia/ankeny/
Aplington,https://www.allmenus.com/ia/aplington/
Arnolds Park,https://www.allmenus.com/ia/arnolds-park/
Atkins,https://www.allmenus.com/ia/atkins/
Atlantic,https://www.allmenus.com/ia/atlantic/
Audubon,https://www.allmenus.com/ia/audubon/
Avoca,https://www.allmenus.com/ia/avoca/
Bedford,https://www.allmenus.com/ia/bedford/
Belle Plaine,https://www.allmenus.com/ia/belle-plaine/
Bellevue,https://www.allmenus.com/ia/bellevue/
Belmond,https://www.allmenus.com/ia/belmond/
Bettendorf,https://www.allmenus.com/ia/bettendorf/
Bloomfield,https://www.allmenus.com/ia/bloomfield/
Blue Grass,https://www.allmenus.com/ia/blue-grass/
Bondurant,https://www.allmenus.com/ia/bondurant/
Boone,https://www.allmenus.com/ia/boone/
Britt,https://www.allmenus.com/ia/britt/
Brooklyn,https://www.allmenus.com/ia/brooklyn/
Burlington,https://www.allmenus.com/ia/burlington/
Calmar,https://www.allmenus.com/ia/calmar/
Camanche,https://www.allmenus.com/ia/camanche/
Carlisle,https://www.allmenus.com/ia/carlisle/
Carroll,https://www.allmenus.com/ia/carroll/
Cascade,https://www.allmenus.com/ia/cascade/
Cedar Falls,https://www.allmenus.com/ia/cedar-falls/
Cedar Rapids,https://www.allmenus.com/ia/cedar-rapids/
Center Point,https://www.allmenus.com/ia/center-point/
Centerville,https://www.allmenus.com/ia/centerville/
Central City,https://www.allmenus.com/ia/central-city/
Chariton,https://www.allmenus.com/ia/chariton/
Charles City,https://www.allmenus.com/ia/charles-city/
Cherokee,https://www.allmenus.com/ia/cherokee/
Clarence,https://www.allmenus.com/ia/clarence/
Clarinda,https://www.allmenus.com/ia/clarinda/
Clarion,https://www.allmenus.com/ia/clarion/
Clear Lake,https://www.allmenus.com/ia/clear-lake/
Clinton,https://www.allmenus.com/ia/clinton/
Colfax,https://www.allmenus.com/ia/colfax/
Columbus Junction,https://www.allmenus.com/ia/columbus-junction/
Conrad,https://www.allmenus.com/ia/conrad/
Coralville,https://www.allmenus.com/ia/coralville/
Corning,https://www.allmenus.com/ia/corning/
Corydon,https://www.allmenus.com/ia/corydon/
Council Bluffs,https://www.allmenus.com/ia/council-bluffs/
Crescent,https://www.allmenus.com/ia/crescent/
Cresco,https://www.allmenus.com/ia/cresco/
Creston,https://www.allmenus.com/ia/creston/
Dakota City,https://www.allmenus.com/ia/dakota-city/
Dallas Center,https://www.allmenus.com/ia/dallas-center/
Davenport,https://www.allmenus.com/ia/davenport/
Dayton,https://www.allmenus.com/ia/dayton/
De Witt,https://www.allmenus.com/ia/de-witt/
Decorah,https://www.allmenus.com/ia/decorah/
Delmar,https://www.allmenus.com/ia/delmar/
Denison,https://www.allmenus.com/ia/denison/
Des Moines,https://www.allmenus.com/ia/des-moines/
Donahue,https://www.allmenus.com/ia/donahue/
Donnellson,https://www.allmenus.com/ia/donnellson/
Dows,https://www.allmenus.com/ia/dows/
Dubuque,https://www.allmenus.com/ia/dubuque/
Durant,https://www.allmenus.com/ia/durant/
Dyersville,https://www.allmenus.com/ia/dyersville/
Eagle Grove,https://www.allmenus.com/ia/eagle-grove/
Earlham,https://www.allmenus.com/ia/earlham/
Eddyville,https://www.allmenus.com/ia/eddyville/
Eldon,https://www.allmenus.com/ia/eldon/
Eldora,https://www.allmenus.com/ia/eldora/
Eldridge,https://www.allmenus.com/ia/eldridge/
Elk Horn,https://www.allmenus.com/ia/elk-horn/
Elkader,https://www.allmenus.com/ia/elkader/
Elkport,https://www.allmenus.com/ia/elkport/
Ellsworth,https://www.allmenus.com/ia/ellsworth/
Ely,https://www.allmenus.com/ia/ely/
Emmetsburg,https://www.allmenus.com/ia/emmetsburg/
Estherville,https://www.allmenus.com/ia/estherville/
Exira,https://www.allmenus.com/ia/exira/
Fairbank,https://www.allmenus.com/ia/fairbank/
Fairfax,https://www.allmenus.com/ia/fairfax/
Fairfield,https://www.allmenus.com/ia/fairfield/
Farley,https://www.allmenus.com/ia/farley/
Farmington,https://www.allmenus.com/ia/farmington/
Farragut,https://www.allmenus.com/ia/farragut/
Fayette,https://www.allmenus.com/ia/fayette/
Floyd,https://www.allmenus.com/ia/floyd/
Forest City,https://www.allmenus.com/ia/forest-city/
Fort Dodge,https://www.allmenus.com/ia/fort-dodge/
Fort Madison,https://www.allmenus.com/ia/fort-madison/
Fredericksburg,https://www.allmenus.com/ia/fredericksburg/
Fremont,https://www.allmenus.com/ia/fremont/
Garner,https://www.allmenus.com/ia/garner/
George,https://www.allmenus.com/ia/george/
Gilman,https://www.allmenus.com/ia/gilman/
Gladbrook,https://www.allmenus.com/ia/gladbrook/
Glenwood,https://www.allmenus.com/ia/glenwood/
Goldfield,https://www.allmenus.com/ia/goldfield/
Gowrie,https://www.allmenus.com/ia/gowrie/
Graettinger,https://www.allmenus.com/ia/graettinger/
Grafton,https://www.allmenus.com/ia/grafton/
Granger,https://www.allmenus.com/ia/granger/
Greenfield,https://www.allmenus.com/ia/greenfield/
Grimes,https://www.allmenus.com/ia/grimes/
Grinnell,https://www.allmenus.com/ia/grinnell/
Griswold,https://www.allmenus.com/ia/griswold/
Grundy Center,https://www.allmenus.com/ia/grundy-center/
Guthrie Center,https://www.allmenus.com/ia/guthrie-center/
Guttenberg,https://www.allmenus.com/ia/guttenberg/
Hamburg,https://www.allmenus.com/ia/hamburg/
Hampton,https://www.allmenus.com/ia/hampton/
Harlan,https://www.allmenus.com/ia/harlan/
Hartley,https://www.allmenus.com/ia/hartley/
Haverhill,https://www.allmenus.com/ia/haverhill/
Hawarden,https://www.allmenus.com/ia/hawarden/
Hiawatha,https://www.allmenus.com/ia/hiawatha/
Hinton,https://www.allmenus.com/ia/hinton/
Holland,https://www.allmenus.com/ia/holland/
Holstein,https://www.allmenus.com/ia/holstein/
Hudson,https://www.allmenus.com/ia/hudson/
Hull,https://www.allmenus.com/ia/hull/
Humboldt,https://www.allmenus.com/ia/humboldt/
Huxley,https://www.allmenus.com/ia/huxley/
Ida Grove,https://www.allmenus.com/ia/ida-grove/
Independence,https://www.allmenus.com/ia/independence/
Indianola,https://www.allmenus.com/ia/indianola/
Inwood,https://www.allmenus.com/ia/inwood/
Iowa City,https://www.allmenus.com/ia/iowa-city/
Iowa Falls,https://www.allmenus.com/ia/iowa-falls/
Irwin,https://www.allmenus.com/ia/irwin/
Jefferson,https://www.allmenus.com/ia/jefferson/
Jesup,https://www.allmenus.com/ia/jesup/
Jewell,https://www.allmenus.com/ia/jewell/
Johnston,https://www.allmenus.com/ia/johnston/
Kalona,https://www.allmenus.com/ia/kalona/
Kamrar,https://www.allmenus.com/ia/kamrar/
Keokuk,https://www.allmenus.com/ia/keokuk/
Kingsley,https://www.allmenus.com/ia/kingsley/
Knoxville,https://www.allmenus.com/ia/knoxville/
La Porte City,https://www.allmenus.com/ia/la-porte-city/
Lake Mills,https://www.allmenus.com/ia/lake-mills/
Lamoni,https://www.allmenus.com/ia/lamoni/
Lansing,https://www.allmenus.com/ia/lansing/
Laurens,https://www.allmenus.com/ia/laurens/
Le Claire,https://www.allmenus.com/ia/le-claire/
Le Mars,https://www.allmenus.com/ia/le-mars/
Leon,https://www.allmenus.com/ia/leon/
Logan,https://www.allmenus.com/ia/logan/
Lohrville,https://www.allmenus.com/ia/lohrville/
Madrid,https://www.allmenus.com/ia/madrid/
Malvern,https://www.allmenus.com/ia/malvern/
Manchester,https://www.allmenus.com/ia/manchester/
Manly,https://www.allmenus.com/ia/manly/
Manning,https://www.allmenus.com/ia/manning/
Manson,https://www.allmenus.com/ia/manson/
Maquoketa,https://www.allmenus.com/ia/maquoketa/
Marcus,https://www.allmenus.com/ia/marcus/
Marengo,https://www.allmenus.com/ia/marengo/
Marion,https://www.allmenus.com/ia/marion/
Marshalltown,https://www.allmenus.com/ia/marshalltown/
Mason City,https://www.allmenus.com/ia/mason-city/
Maxwell,https://www.allmenus.com/ia/maxwell/
Mc Gregor,https://www.allmenus.com/ia/mc-gregor/
Mechanicsville,https://www.allmenus.com/ia/mechanicsville/
Mediapolis,https://www.allmenus.com/ia/mediapolis/
Milford,https://www.allmenus.com/ia/milford/
Milo,https://www.allmenus.com/ia/milo/
Missouri Valley,https://www.allmenus.com/ia/missouri-valley/
Mitchellville,https://www.allmenus.com/ia/mitchellville/
Monona,https://www.allmenus.com/ia/monona/
Monroe,https://www.allmenus.com/ia/monroe/
Montezuma,https://www.allmenus.com/ia/montezuma/
Monticello,https://www.allmenus.com/ia/monticello/
Montrose,https://www.allmenus.com/ia/montrose/
Morning Sun,https://www.allmenus.com/ia/morning-sun/
Mount Ayr,https://www.allmenus.com/ia/mount-ayr/
Mount Pleasant,https://www.allmenus.com/ia/mount-pleasant/
Mount Vernon,https://www.allmenus.com/ia/mount-vernon/
Moville,https://www.allmenus.com/ia/moville/
Muscatine,https://www.allmenus.com/ia/muscatine/
Nashua,https://www.allmenus.com/ia/nashua/
Nevada,https://www.allmenus.com/ia/nevada/
New Hampton,https://www.allmenus.com/ia/new-hampton/
New London,https://www.allmenus.com/ia/new-london/
New Virginia,https://www.allmenus.com/ia/new-virginia/
Newton,https://www.allmenus.com/ia/newton/
Nora Springs,https://www.allmenus.com/ia/nora-springs/
North English,https://www.allmenus.com/ia/north-english/
North Liberty,https://www.allmenus.com/ia/north-liberty/
Northwood,https://www.allmenus.com/ia/northwood/
Norwalk,https://www.allmenus.com/ia/norwalk/
Norway,https://www.allmenus.com/ia/norway/
Oakland,https://www.allmenus.com/ia/oakland/
Oelwein,https://www.allmenus.com/ia/oelwein/
Ogden,https://www.allmenus.com/ia/ogden/
Okoboji,https://www.allmenus.com/ia/okoboji/
Olin,https://www.allmenus.com/ia/olin/
Onawa,https://www.allmenus.com/ia/onawa/
Orange City,https://www.allmenus.com/ia/orange-city/
Osage,https://www.allmenus.com/ia/osage/
Osceola,https://www.allmenus.com/ia/osceola/
Oskaloosa,https://www.allmenus.com/ia/oskaloosa/
Ossian,https://www.allmenus.com/ia/ossian/
Ottumwa,https://www.allmenus.com/ia/ottumwa/
Oxford,https://www.allmenus.com/ia/oxford/
Panora,https://www.allmenus.com/ia/panora/
Parkersburg,https://www.allmenus.com/ia/parkersburg/
Pella,https://www.allmenus.com/ia/pella/
Peosta,https://www.allmenus.com/ia/peosta/
Percival,https://www.allmenus.com/ia/percival/
Perry,https://www.allmenus.com/ia/perry/
Pleasant Hill,https://www.allmenus.com/ia/pleasant-hill/
Pleasantville,https://www.allmenus.com/ia/pleasantville/
Pocahontas,https://www.allmenus.com/ia/pocahontas/
Polk City,https://www.allmenus.com/ia/polk-city/
Postville,https://www.allmenus.com/ia/postville/
Prairie City,https://www.allmenus.com/ia/prairie-city/
Prescott,https://www.allmenus.com/ia/prescott/
Primghar,https://www.allmenus.com/ia/primghar/
Red Oak,https://www.allmenus.com/ia/red-oak/
Redfield,https://www.allmenus.com/ia/redfield/
Reinbeck,https://www.allmenus.com/ia/reinbeck/
Riverside,https://www.allmenus.com/ia/riverside/
Rock Rapids,https://www.allmenus.com/ia/rock-rapids/
Rock Valley,https://www.allmenus.com/ia/rock-valley/
Rockwell City,https://www.allmenus.com/ia/rockwell-city/
Roland,https://www.allmenus.com/ia/roland/
Sabula,https://www.allmenus.com/ia/sabula/
Sac City,https://www.allmenus.com/ia/sac-city/
Saint Olaf,https://www.allmenus.com/ia/saint-olaf/
Sanborn,https://www.allmenus.com/ia/sanborn/
Scranton,https://www.allmenus.com/ia/scranton/
Sergeant Bluff,https://www.allmenus.com/ia/sergeant-bluff/
Seymour,https://www.allmenus.com/ia/seymour/
Sheffield,https://www.allmenus.com/ia/sheffield/
Shelby,https://www.allmenus.com/ia/shelby/
Sheldon,https://www.allmenus.com/ia/sheldon/
Shenandoah,https://www.allmenus.com/ia/shenandoah/
Sibley,https://www.allmenus.com/ia/sibley/
Sigourney,https://www.allmenus.com/ia/sigourney/
Sioux Center,https://www.allmenus.com/ia/sioux-center/
Sioux City,https://www.allmenus.com/ia/sioux-city/
Slater,https://www.allmenus.com/ia/slater/
Sloan,https://www.allmenus.com/ia/sloan/
Solon,https://www.allmenus.com/ia/solon/
Spencer,https://www.allmenus.com/ia/spencer/
Spirit Lake,https://www.allmenus.com/ia/spirit-lake/
Springville,https://www.allmenus.com/ia/springville/
Stanwood,https://www.allmenus.com/ia/stanwood/
State Center,https://www.allmenus.com/ia/state-center/
Storm Lake,https://www.allmenus.com/ia/storm-lake/
Story City,https://www.allmenus.com/ia/story-city/
Strawberry Point,https://www.allmenus.com/ia/strawberry-point/
Stuart,https://www.allmenus.com/ia/stuart/
Sully,https://www.allmenus.com/ia/sully/
Sumner,https://www.allmenus.com/ia/sumner/
Tama,https://www.allmenus.com/ia/tama/
Thompson,https://www.allmenus.com/ia/thompson/
Tiffin,https://www.allmenus.com/ia/tiffin/
Tipton,https://www.allmenus.com/ia/tipton/
Toledo,https://www.allmenus.com/ia/toledo/
Traer,https://www.allmenus.com/ia/traer/
Treynor,https://www.allmenus.com/ia/treynor/
Tripoli,https://www.allmenus.com/ia/tripoli/
Underwood,https://www.allmenus.com/ia/underwood/
Urbana,https://www.allmenus.com/ia/urbana/
Van Horne,https://www.allmenus.com/ia/van-horne/
Van Meter,https://www.allmenus.com/ia/van-meter/
Vinton,https://www.allmenus.com/ia/vinton/
Walcott,https://www.allmenus.com/ia/walcott/
Walford,https://www.allmenus.com/ia/walford/
Walker,https://www.allmenus.com/ia/walker/
Walnut,https://www.allmenus.com/ia/walnut/
Wapello,https://www.allmenus.com/ia/wapello/
Washington,https://www.allmenus.com/ia/washington/
Waterloo,https://www.allmenus.com/ia/waterloo/
Waucoma,https://www.allmenus.com/ia/waucoma/
Waukee,https://www.allmenus.com/ia/waukee/
Waukon,https://www.allmenus.com/ia/waukon/
Waverly,https://www.allmenus.com/ia/waverly/
Webster City,https://www.allmenus.com/ia/webster-city/
Wellsburg,https://www.allmenus.com/ia/wellsburg/
West Bend,https://www.allmenus.com/ia/west-bend/
West Branch,https://www.allmenus.com/ia/west-branch/
West Burlington,https://www.allmenus.com/ia/west-burlington/
West Des Moines,https://www.allmenus.com/ia/west-des-moines/
West Liberty,https://www.allmenus.com/ia/west-liberty/
West Point,https://www.allmenus.com/ia/west-point/
West Union,https://www.allmenus.com/ia/west-union/
What Cheer,https://www.allmenus.com/ia/what-cheer/
Williams,https://www.allmenus.com/ia/williams/
Williamsburg,https://www.allmenus.com/ia/williamsburg/
Wilton,https://www.allmenus.com/ia/wilton/
Winfield,https://www.allmenus.com/ia/winfield/
Winterset,https://www.allmenus.com/ia/winterset/
Wyoming,https://www.allmenus.com/ia/wyoming/
