City Name,City URL
Abbeville,https://www.allmenus.com/la/abbeville/
Abita Springs,https://www.allmenus.com/la/abita-springs/
Addis,https://www.allmenus.com/la/addis/
Albany,https://www.allmenus.com/la/albany/
Alexandria,https://www.allmenus.com/la/alexandria/
Amite,https://www.allmenus.com/la/amite/
Arabi,https://www.allmenus.com/la/arabi/
Arcadia,https://www.allmenus.com/la/arcadia/
Baker,https://www.allmenus.com/la/baker/
Ball,https://www.allmenus.com/la/ball/
Bastrop,https://www.allmenus.com/la/bastrop/
Baton Rouge,https://www.allmenus.com/la/baton-rouge/
Belle Chasse,https://www.allmenus.com/la/belle-chasse/
Benton,https://www.allmenus.com/la/benton/
Bogalusa,https://www.allmenus.com/la/bogalusa/
Bossier City,https://www.allmenus.com/la/bossier-city/
Bourg,https://www.allmenus.com/la/bourg/
Boutte,https://www.allmenus.com/la/boutte/
Boyce,https://www.allmenus.com/la/boyce/
Breaux Bridge,https://www.allmenus.com/la/breaux-bridge/
Broussard,https://www.allmenus.com/la/broussard/
Brusly,https://www.allmenus.com/la/brusly/
Bunkie,https://www.allmenus.com/la/bunkie/
Buras,https://www.allmenus.com/la/buras/
Calhoun,https://www.allmenus.com/la/calhoun/
Carencro,https://www.allmenus.com/la/carencro/
Chalmette,https://www.allmenus.com/la/chalmette/
Chauvin,https://www.allmenus.com/la/chauvin/
Choudrant,https://www.allmenus.com/la/choudrant/
Church Point,https://www.allmenus.com/la/church-point/
Clinton,https://www.allmenus.com/la/clinton/
Columbia,https://www.allmenus.com/la/columbia/
Cottonport,https://www.allmenus.com/la/cottonport/
Coushatta,https://www.allmenus.com/la/coushatta/
Covington,https://www.allmenus.com/la/covington/
Crowley,https://www.allmenus.com/la/crowley/
Cut Off,https://www.allmenus.com/la/cut-off/
Delcambre,https://www.allmenus.com/la/delcambre/
Delhi,https://www.allmenus.com/la/delhi/
Denham Springs,https://www.allmenus.com/la/denham-springs/
Dequincy,https://www.allmenus.com/la/dequincy/
Deridder,https://www.allmenus.com/la/deridder/
Destrehan,https://www.allmenus.com/la/destrehan/
Deville,https://www.allmenus.com/la/deville/
Donaldsonville,https://www.allmenus.com/la/donaldsonville/
Duson,https://www.allmenus.com/la/duson/
Elmwood,https://www.allmenus.com/la/elmwood/
Eunice,https://www.allmenus.com/la/eunice/
Farmerville,https://www.allmenus.com/la/farmerville/
Ferriday,https://www.allmenus.com/la/ferriday/
Folsom,https://www.allmenus.com/la/folsom/
Forest Hill,https://www.allmenus.com/la/forest-hill/
Fort Polk,https://www.allmenus.com/la/fort-polk/
Franklin,https://www.allmenus.com/la/franklin/
Franklinton,https://www.allmenus.com/la/franklinton/
Galliano,https://www.allmenus.com/la/galliano/
Garyville,https://www.allmenus.com/la/garyville/
Geismar,https://www.allmenus.com/la/geismar/
Gilbert,https://www.allmenus.com/la/gilbert/
Gloster,https://www.allmenus.com/la/gloster/
Gonzales,https://www.allmenus.com/la/gonzales/
Grambling,https://www.allmenus.com/la/grambling/
Gramercy,https://www.allmenus.com/la/gramercy/
Grand Cane,https://www.allmenus.com/la/grand-cane/
Gray,https://www.allmenus.com/la/gray/
Greenwell Springs,https://www.allmenus.com/la/greenwell-springs/
Greenwood,https://www.allmenus.com/la/greenwood/
Gretna,https://www.allmenus.com/la/gretna/
Grosse Tete,https://www.allmenus.com/la/grosse-tete/
Hackberry,https://www.allmenus.com/la/hackberry/
Hammond,https://www.allmenus.com/la/hammond/
Harahan,https://www.allmenus.com/la/harahan/
Harvey,https://www.allmenus.com/la/harvey/
Haughton,https://www.allmenus.com/la/haughton/
Haynesville,https://www.allmenus.com/la/haynesville/
Hessmer,https://www.allmenus.com/la/hessmer/
Homer,https://www.allmenus.com/la/homer/
Houma,https://www.allmenus.com/la/houma/
Independence,https://www.allmenus.com/la/independence/
Iowa,https://www.allmenus.com/la/iowa/
Jackson,https://www.allmenus.com/la/jackson/
Jeanerette,https://www.allmenus.com/la/jeanerette/
Jefferson,https://www.allmenus.com/la/jefferson/
Jena,https://www.allmenus.com/la/jena/
Jennings,https://www.allmenus.com/la/jennings/
Jonesboro,https://www.allmenus.com/la/jonesboro/
Jonesville,https://www.allmenus.com/la/jonesville/
Kaplan,https://www.allmenus.com/la/kaplan/
Keithville,https://www.allmenus.com/la/keithville/
Kenner,https://www.allmenus.com/la/kenner/
Kentwood,https://www.allmenus.com/la/kentwood/
Kinder,https://www.allmenus.com/la/kinder/
La Place,https://www.allmenus.com/la/la-place/
Labadieville,https://www.allmenus.com/la/labadieville/
Lacombe,https://www.allmenus.com/la/lacombe/
Lafayette,https://www.allmenus.com/la/lafayette/
Lafitte,https://www.allmenus.com/la/lafitte/
Lake Arthur,https://www.allmenus.com/la/lake-arthur/
Lake Charles,https://www.allmenus.com/la/lake-charles/
Lake Providence,https://www.allmenus.com/la/lake-providence/
Larose,https://www.allmenus.com/la/larose/
Lecompte,https://www.allmenus.com/la/lecompte/
Leesville,https://www.allmenus.com/la/leesville/
Livingston,https://www.allmenus.com/la/livingston/
Livonia,https://www.allmenus.com/la/livonia/
Longville,https://www.allmenus.com/la/longville/
Loranger,https://www.allmenus.com/la/loranger/
Luling,https://www.allmenus.com/la/luling/
Madisonville,https://www.allmenus.com/la/madisonville/
Mandeville,https://www.allmenus.com/la/mandeville/
Mansfield,https://www.allmenus.com/la/mansfield/
Mansura,https://www.allmenus.com/la/mansura/
Many,https://www.allmenus.com/la/many/
Marksville,https://www.allmenus.com/la/marksville/
Marrero,https://www.allmenus.com/la/marrero/
Mathews,https://www.allmenus.com/la/mathews/
Maurepas,https://www.allmenus.com/la/maurepas/
Maurice,https://www.allmenus.com/la/maurice/
Meraux,https://www.allmenus.com/la/meraux/
Metairie,https://www.allmenus.com/la/metairie/
Minden,https://www.allmenus.com/la/minden/
Monroe,https://www.allmenus.com/la/monroe/
Monterey,https://www.allmenus.com/la/monterey/
Morgan City,https://www.allmenus.com/la/morgan-city/
Natchitoches,https://www.allmenus.com/la/natchitoches/
New Iberia,https://www.allmenus.com/la/new-iberia/
New Llano,https://www.allmenus.com/la/new-llano/
New Orleans,https://www.allmenus.com/la/new-orleans/
New Roads,https://www.allmenus.com/la/new-roads/
Norco,https://www.allmenus.com/la/norco/
Oak Grove,https://www.allmenus.com/la/oak-grove/
Oakdale,https://www.allmenus.com/la/oakdale/
Olla,https://www.allmenus.com/la/olla/
Opelousas,https://www.allmenus.com/la/opelousas/
Patterson,https://www.allmenus.com/la/patterson/
Pearl River,https://www.allmenus.com/la/pearl-river/
Pierre Part,https://www.allmenus.com/la/pierre-part/
Pineville,https://www.allmenus.com/la/pineville/
Plaquemine,https://www.allmenus.com/la/plaquemine/
Plattenville,https://www.allmenus.com/la/plattenville/
Ponchatoula,https://www.allmenus.com/la/ponchatoula/
Port Allen,https://www.allmenus.com/la/port-allen/
Port Barre,https://www.allmenus.com/la/port-barre/
Port Sulphur,https://www.allmenus.com/la/port-sulphur/
Prairieville,https://www.allmenus.com/la/prairieville/
Raceland,https://www.allmenus.com/la/raceland/
Rayne,https://www.allmenus.com/la/rayne/
Rayville,https://www.allmenus.com/la/rayville/
Reserve,https://www.allmenus.com/la/reserve/
Robert,https://www.allmenus.com/la/robert/
Roseland,https://www.allmenus.com/la/roseland/
Ruston,https://www.allmenus.com/la/ruston/
Saint Amant,https://www.allmenus.com/la/saint-amant/
Saint Francisville,https://www.allmenus.com/la/saint-francisville/
Saint James,https://www.allmenus.com/la/saint-james/
Saint Martinville,https://www.allmenus.com/la/saint-martinville/
Saint Rose,https://www.allmenus.com/la/saint-rose/
Sarepta,https://www.allmenus.com/la/sarepta/
Schriever,https://www.allmenus.com/la/schriever/
Scott,https://www.allmenus.com/la/scott/
Shreveport,https://www.allmenus.com/la/shreveport/
Simmesport,https://www.allmenus.com/la/simmesport/
Slidell,https://www.allmenus.com/la/slidell/
Sorrento,https://www.allmenus.com/la/sorrento/
Springfield,https://www.allmenus.com/la/springfield/
Springhill,https://www.allmenus.com/la/springhill/
Sterlington,https://www.allmenus.com/la/sterlington/
Stonewall,https://www.allmenus.com/la/stonewall/
Sulphur,https://www.allmenus.com/la/sulphur/
Sunset,https://www.allmenus.com/la/sunset/
Sunshine,https://www.allmenus.com/la/sunshine/
Tallulah,https://www.allmenus.com/la/tallulah/
Thibodaux,https://www.allmenus.com/la/thibodaux/
Tickfaw,https://www.allmenus.com/la/tickfaw/
Vacherie,https://www.allmenus.com/la/vacherie/
Vidalia,https://www.allmenus.com/la/vidalia/
Ville Platte,https://www.allmenus.com/la/ville-platte/
Vinton,https://www.allmenus.com/la/vinton/
Vivian,https://www.allmenus.com/la/vivian/
Walker,https://www.allmenus.com/la/walker/
Washington,https://www.allmenus.com/la/washington/
Waterproof,https://www.allmenus.com/la/waterproof/
Welsh,https://www.allmenus.com/la/welsh/
West Monroe,https://www.allmenus.com/la/west-monroe/
Westlake,https://www.allmenus.com/la/westlake/
Westwego,https://www.allmenus.com/la/westwego/
White Castle,https://www.allmenus.com/la/white-castle/
Winnfield,https://www.allmenus.com/la/winnfield/
Winnsboro,https://www.allmenus.com/la/winnsboro/
Woodworth,https://www.allmenus.com/la/woodworth/
Youngsville,https://www.allmenus.com/la/youngsville/
Zachary,https://www.allmenus.com/la/zachary/
