City Name,City URL
Aberdeen,https://www.allmenus.com/md/aberdeen/
Aberdeen Proving Ground,https://www.allmenus.com/md/aberdeen-proving-ground/
Abingdon,https://www.allmenus.com/md/abingdon/
Accokeek,https://www.allmenus.com/md/accokeek/
Adamstown,https://www.allmenus.com/md/adamstown/
Adelphi,https://www.allmenus.com/md/adelphi/
Andrews Afb,https://www.allmenus.com/md/andrews-afb/
Annapolis,https://www.allmenus.com/md/annapolis/
Annapolis Junction,https://www.allmenus.com/md/annapolis-junction/
Arnold,https://www.allmenus.com/md/arnold/
Ashton,https://www.allmenus.com/md/ashton/
Aspen Hill,https://www.allmenus.com/md/aspen-hill/
Baltimore,https://www.allmenus.com/md/baltimore/
Bel Air,https://www.allmenus.com/md/bel-air/
Belcamp,https://www.allmenus.com/md/belcamp/
Beltsville,https://www.allmenus.com/md/beltsville/
Berlin,https://www.allmenus.com/md/berlin/
Bethesda,https://www.allmenus.com/md/bethesda/
Bishopville,https://www.allmenus.com/md/bishopville/
Bladensburg,https://www.allmenus.com/md/bladensburg/
Boonsboro,https://www.allmenus.com/md/boonsboro/
Bowie,https://www.allmenus.com/md/bowie/
Boyds,https://www.allmenus.com/md/boyds/
Brandywine,https://www.allmenus.com/md/brandywine/
Brentwood,https://www.allmenus.com/md/brentwood/
Brookeville,https://www.allmenus.com/md/brookeville/
Broomes Island,https://www.allmenus.com/md/broomes-island/
Brunswick,https://www.allmenus.com/md/brunswick/
Bryans Road,https://www.allmenus.com/md/bryans-road/
Burtonsville,https://www.allmenus.com/md/burtonsville/
Cabin John,https://www.allmenus.com/md/cabin-john/
California,https://www.allmenus.com/md/california/
Callaway,https://www.allmenus.com/md/callaway/
Cambridge,https://www.allmenus.com/md/cambridge/
Capitol Heights,https://www.allmenus.com/md/capitol-heights/
Catonsville,https://www.allmenus.com/md/catonsville/
Centreville,https://www.allmenus.com/md/centreville/
Charlotte Hall,https://www.allmenus.com/md/charlotte-hall/
Chesapeake Beach,https://www.allmenus.com/md/chesapeake-beach/
Chesapeake City,https://www.allmenus.com/md/chesapeake-city/
Chester,https://www.allmenus.com/md/chester/
Chestertown,https://www.allmenus.com/md/chestertown/
Chevy Chase,https://www.allmenus.com/md/chevy-chase/
Church Hill,https://www.allmenus.com/md/church-hill/
Churchton,https://www.allmenus.com/md/churchton/
Churchville,https://www.allmenus.com/md/churchville/
Clarksburg,https://www.allmenus.com/md/clarksburg/
Clarksville,https://www.allmenus.com/md/clarksville/
Clear Spring,https://www.allmenus.com/md/clear-spring/
Clinton,https://www.allmenus.com/md/clinton/
Colesville,https://www.allmenus.com/md/colesville/
College Park,https://www.allmenus.com/md/college-park/
Colora,https://www.allmenus.com/md/colora/
Columbia,https://www.allmenus.com/md/columbia/
Cresaptown,https://www.allmenus.com/md/cresaptown/
Crisfield,https://www.allmenus.com/md/crisfield/
Crofton,https://www.allmenus.com/md/crofton/
Crownsville,https://www.allmenus.com/md/crownsville/
Cumberland,https://www.allmenus.com/md/cumberland/
Damascus,https://www.allmenus.com/md/damascus/
Davidsonville,https://www.allmenus.com/md/davidsonville/
Deale,https://www.allmenus.com/md/deale/
Denton,https://www.allmenus.com/md/denton/
Derwood,https://www.allmenus.com/md/derwood/
Dickerson,https://www.allmenus.com/md/dickerson/
District Heights,https://www.allmenus.com/md/district-heights/
Drayden,https://www.allmenus.com/md/drayden/
Dunkirk,https://www.allmenus.com/md/dunkirk/
Easton,https://www.allmenus.com/md/easton/
Eden,https://www.allmenus.com/md/eden/
Edgewater,https://www.allmenus.com/md/edgewater/
Edgewood,https://www.allmenus.com/md/edgewood/
Elkridge,https://www.allmenus.com/md/elkridge/
Elkton,https://www.allmenus.com/md/elkton/
Ellicott City,https://www.allmenus.com/md/ellicott-city/
Emmitsburg,https://www.allmenus.com/md/emmitsburg/
Essex,https://www.allmenus.com/md/essex/
Fallston,https://www.allmenus.com/md/fallston/
Federalsburg,https://www.allmenus.com/md/federalsburg/
Finksburg,https://www.allmenus.com/md/finksburg/
Forest Hill,https://www.allmenus.com/md/forest-hill/
Fork,https://www.allmenus.com/md/fork/
Fort George G Meade,https://www.allmenus.com/md/fort-george-g-meade/
Fort Washington,https://www.allmenus.com/md/fort-washington/
Frederick,https://www.allmenus.com/md/frederick/
Friendship,https://www.allmenus.com/md/friendship/
Frostburg,https://www.allmenus.com/md/frostburg/
Fruitland,https://www.allmenus.com/md/fruitland/
Fulton,https://www.allmenus.com/md/fulton/
Gaithersburg,https://www.allmenus.com/md/gaithersburg/
Gambrills,https://www.allmenus.com/md/gambrills/
Germantown,https://www.allmenus.com/md/germantown/
Glen Arm,https://www.allmenus.com/md/glen-arm/
Glen Burnie,https://www.allmenus.com/md/glen-burnie/
Glen Echo,https://www.allmenus.com/md/glen-echo/
Glenelg,https://www.allmenus.com/md/glenelg/
Glenn Dale,https://www.allmenus.com/md/glenn-dale/
Glyndon,https://www.allmenus.com/md/glyndon/
Grantsville,https://www.allmenus.com/md/grantsville/
Grasonville,https://www.allmenus.com/md/grasonville/
Great Mills,https://www.allmenus.com/md/great-mills/
Greenbelt,https://www.allmenus.com/md/greenbelt/
Gwynn Oak,https://www.allmenus.com/md/gwynn-oak/
Hagerstown,https://www.allmenus.com/md/hagerstown/
Halethorpe,https://www.allmenus.com/md/halethorpe/
Hampstead,https://www.allmenus.com/md/hampstead/
Hancock,https://www.allmenus.com/md/hancock/
Hanover,https://www.allmenus.com/md/hanover/
Harwood,https://www.allmenus.com/md/harwood/
Havre De Grace,https://www.allmenus.com/md/havre-de-grace/
Hebron,https://www.allmenus.com/md/hebron/
Highland,https://www.allmenus.com/md/highland/
Hollywood,https://www.allmenus.com/md/hollywood/
Hughesville,https://www.allmenus.com/md/hughesville/
Huntingtown,https://www.allmenus.com/md/huntingtown/
Hurlock,https://www.allmenus.com/md/hurlock/
Hyattsville,https://www.allmenus.com/md/hyattsville/
Hydes,https://www.allmenus.com/md/hydes/
Indian Head,https://www.allmenus.com/md/indian-head/
Jarrettsville,https://www.allmenus.com/md/jarrettsville/
Jefferson,https://www.allmenus.com/md/jefferson/
Jessup,https://www.allmenus.com/md/jessup/
Joppa,https://www.allmenus.com/md/joppa/
Keedysville,https://www.allmenus.com/md/keedysville/
Kennedyville,https://www.allmenus.com/md/kennedyville/
Kensington,https://www.allmenus.com/md/kensington/
La Plata,https://www.allmenus.com/md/la-plata/
Landover,https://www.allmenus.com/md/landover/
Landover Hills,https://www.allmenus.com/md/landover-hills/
Langley Park,https://www.allmenus.com/md/langley-park/
Lanham Seabrook,https://www.allmenus.com/md/lanham-seabrook/
Laurel,https://www.allmenus.com/md/laurel/
Lavale,https://www.allmenus.com/md/lavale/
Leonardtown,https://www.allmenus.com/md/leonardtown/
Lexington Park,https://www.allmenus.com/md/lexington-park/
Linthicum Heights,https://www.allmenus.com/md/linthicum-heights/
Lothian,https://www.allmenus.com/md/lothian/
Lusby,https://www.allmenus.com/md/lusby/
Lutherville Timonium,https://www.allmenus.com/md/lutherville-timonium/
Manchester,https://www.allmenus.com/md/manchester/
Mardela Springs,https://www.allmenus.com/md/mardela-springs/
Mc Henry,https://www.allmenus.com/md/mc-henry/
Mechanicsville,https://www.allmenus.com/md/mechanicsville/
Middle River,https://www.allmenus.com/md/middle-river/
Middletown,https://www.allmenus.com/md/middletown/
Millersville,https://www.allmenus.com/md/millersville/
Millington,https://www.allmenus.com/md/millington/
Mitchellville,https://www.allmenus.com/md/mitchellville/
Monkton,https://www.allmenus.com/md/monkton/
Monrovia,https://www.allmenus.com/md/monrovia/
Mount Airy,https://www.allmenus.com/md/mount-airy/
Mount Rainier,https://www.allmenus.com/md/mount-rainier/
Myersville,https://www.allmenus.com/md/myersville/
New Market,https://www.allmenus.com/md/new-market/
North Beach,https://www.allmenus.com/md/north-beach/
North East,https://www.allmenus.com/md/north-east/
Nottingham,https://www.allmenus.com/md/nottingham/
Oakland,https://www.allmenus.com/md/oakland/
Ocean City,https://www.allmenus.com/md/ocean-city/
Odenton,https://www.allmenus.com/md/odenton/
Olney,https://www.allmenus.com/md/olney/
Owings,https://www.allmenus.com/md/owings/
Owings Mills,https://www.allmenus.com/md/owings-mills/
Oxford,https://www.allmenus.com/md/oxford/
Oxon Hill,https://www.allmenus.com/md/oxon-hill/
Park Hall,https://www.allmenus.com/md/park-hall/
Parkton,https://www.allmenus.com/md/parkton/
Parkville,https://www.allmenus.com/md/parkville/
Pasadena,https://www.allmenus.com/md/pasadena/
Patuxent River,https://www.allmenus.com/md/patuxent-river/
Perry Hall,https://www.allmenus.com/md/perry-hall/
Perryville,https://www.allmenus.com/md/perryville/
Phoenix,https://www.allmenus.com/md/phoenix/
Pikesville,https://www.allmenus.com/md/pikesville/
Piney Point,https://www.allmenus.com/md/piney-point/
Pocomoke City,https://www.allmenus.com/md/pocomoke-city/
Point Of Rocks,https://www.allmenus.com/md/point-of-rocks/
Poolesville,https://www.allmenus.com/md/poolesville/
Port Deposit,https://www.allmenus.com/md/port-deposit/
Port Republic,https://www.allmenus.com/md/port-republic/
Port Tobacco,https://www.allmenus.com/md/port-tobacco/
Potomac,https://www.allmenus.com/md/potomac/
Preston,https://www.allmenus.com/md/preston/
Prince Frederick,https://www.allmenus.com/md/prince-frederick/
Princess Anne,https://www.allmenus.com/md/princess-anne/
Pylesville,https://www.allmenus.com/md/pylesville/
Queen Anne,https://www.allmenus.com/md/queen-anne/
Queenstown,https://www.allmenus.com/md/queenstown/
Randallstown,https://www.allmenus.com/md/randallstown/
Reisterstown,https://www.allmenus.com/md/reisterstown/
Ridge,https://www.allmenus.com/md/ridge/
Ridgely,https://www.allmenus.com/md/ridgely/
Rising Sun,https://www.allmenus.com/md/rising-sun/
Riva,https://www.allmenus.com/md/riva/
Riverdale,https://www.allmenus.com/md/riverdale/
Riviera Beach,https://www.allmenus.com/md/riviera-beach/
Rock Hall,https://www.allmenus.com/md/rock-hall/
Rockville,https://www.allmenus.com/md/rockville/
Rosedale,https://www.allmenus.com/md/rosedale/
Saint Inigoes,https://www.allmenus.com/md/saint-inigoes/
Saint Leonard,https://www.allmenus.com/md/saint-leonard/
Saint Michaels,https://www.allmenus.com/md/saint-michaels/
Salisbury,https://www.allmenus.com/md/salisbury/
Savage,https://www.allmenus.com/md/savage/
Severn,https://www.allmenus.com/md/severn/
Severna Park,https://www.allmenus.com/md/severna-park/
Shady Side,https://www.allmenus.com/md/shady-side/
Silver Spring,https://www.allmenus.com/md/silver-spring/
Smithsburg,https://www.allmenus.com/md/smithsburg/
Snow Hill,https://www.allmenus.com/md/snow-hill/
Solomons,https://www.allmenus.com/md/solomons/
Sparks Glencoe,https://www.allmenus.com/md/sparks-glencoe/
Spencerville,https://www.allmenus.com/md/spencerville/
Stevensville,https://www.allmenus.com/md/stevensville/
Suitland,https://www.allmenus.com/md/suitland/
Sunderland,https://www.allmenus.com/md/sunderland/
Sykesville,https://www.allmenus.com/md/sykesville/
Takoma Park,https://www.allmenus.com/md/takoma-park/
Tall Timbers,https://www.allmenus.com/md/tall-timbers/
Taneytown,https://www.allmenus.com/md/taneytown/
Temple Hills,https://www.allmenus.com/md/temple-hills/
Thurmont,https://www.allmenus.com/md/thurmont/
Tilghman,https://www.allmenus.com/md/tilghman/
Tracys Landing,https://www.allmenus.com/md/tracys-landing/
Trappe,https://www.allmenus.com/md/trappe/
Tuscarora,https://www.allmenus.com/md/tuscarora/
Upper Marlboro,https://www.allmenus.com/md/upper-marlboro/
Upperco,https://www.allmenus.com/md/upperco/
Waldorf,https://www.allmenus.com/md/waldorf/
Walkersville,https://www.allmenus.com/md/walkersville/
West Friendship,https://www.allmenus.com/md/west-friendship/
West Hyattsville,https://www.allmenus.com/md/west-hyattsville/
West River,https://www.allmenus.com/md/west-river/
Westernport,https://www.allmenus.com/md/westernport/
Westminster,https://www.allmenus.com/md/westminster/
Westover,https://www.allmenus.com/md/westover/
Wheaton,https://www.allmenus.com/md/wheaton/
White Marsh,https://www.allmenus.com/md/white-marsh/
White Plains,https://www.allmenus.com/md/white-plains/
Williamsport,https://www.allmenus.com/md/williamsport/
Windsor Mill,https://www.allmenus.com/md/windsor-mill/
Woodbine,https://www.allmenus.com/md/woodbine/
Woodsboro,https://www.allmenus.com/md/woodsboro/
Woodstock,https://www.allmenus.com/md/woodstock/
