City Name,City URL
Ada,https://www.allmenus.com/mi/ada/
Addison,https://www.allmenus.com/mi/addison/
Adrian,https://www.allmenus.com/mi/adrian/
Alanson,https://www.allmenus.com/mi/alanson/
Albion,https://www.allmenus.com/mi/albion/
Alger,https://www.allmenus.com/mi/alger/
Algonac,https://www.allmenus.com/mi/algonac/
Allegan,https://www.allmenus.com/mi/allegan/
Allen Park,https://www.allmenus.com/mi/allen-park/
Allendale,https://www.allmenus.com/mi/allendale/
Alma,https://www.allmenus.com/mi/alma/
Almont,https://www.allmenus.com/mi/almont/
Alpena,https://www.allmenus.com/mi/alpena/
Alto,https://www.allmenus.com/mi/alto/
Ann Arbor,https://www.allmenus.com/mi/ann-arbor/
Armada,https://www.allmenus.com/mi/armada/
Au Gres,https://www.allmenus.com/mi/au-gres/
Auburn,https://www.allmenus.com/mi/auburn/
Auburn Hills,https://www.allmenus.com/mi/auburn-hills/
Augusta,https://www.allmenus.com/mi/augusta/
Bad Axe,https://www.allmenus.com/mi/bad-axe/
Baldwin,https://www.allmenus.com/mi/baldwin/
Bangor,https://www.allmenus.com/mi/bangor/
Baroda,https://www.allmenus.com/mi/baroda/
Bath,https://www.allmenus.com/mi/bath/
Battle Creek,https://www.allmenus.com/mi/battle-creek/
Bay City,https://www.allmenus.com/mi/bay-city/
Bear Lake,https://www.allmenus.com/mi/bear-lake/
Beaver Island,https://www.allmenus.com/mi/beaver-island/
Beaverton,https://www.allmenus.com/mi/beaverton/
Belding,https://www.allmenus.com/mi/belding/
Bellaire,https://www.allmenus.com/mi/bellaire/
Belleville,https://www.allmenus.com/mi/belleville/
Belmont,https://www.allmenus.com/mi/belmont/
Benton Harbor,https://www.allmenus.com/mi/benton-harbor/
Benzonia,https://www.allmenus.com/mi/benzonia/
Berkley,https://www.allmenus.com/mi/berkley/
Berrien Springs,https://www.allmenus.com/mi/berrien-springs/
Bessemer,https://www.allmenus.com/mi/bessemer/
Beulah,https://www.allmenus.com/mi/beulah/
Big Rapids,https://www.allmenus.com/mi/big-rapids/
Birch Run,https://www.allmenus.com/mi/birch-run/
Birmingham,https://www.allmenus.com/mi/birmingham/
Blissfield,https://www.allmenus.com/mi/blissfield/
Bloomfield Hills,https://www.allmenus.com/mi/bloomfield-hills/
Bloomfield Township,https://www.allmenus.com/mi/bloomfield-township/
Boyne City,https://www.allmenus.com/mi/boyne-city/
Boyne Falls,https://www.allmenus.com/mi/boyne-falls/
Breckenridge,https://www.allmenus.com/mi/breckenridge/
Brethren,https://www.allmenus.com/mi/brethren/
Bridgeport,https://www.allmenus.com/mi/bridgeport/
Bridgman,https://www.allmenus.com/mi/bridgman/
Brighton,https://www.allmenus.com/mi/brighton/
Bronson,https://www.allmenus.com/mi/bronson/
Brooklyn,https://www.allmenus.com/mi/brooklyn/
Brown City,https://www.allmenus.com/mi/brown-city/
Buchanan,https://www.allmenus.com/mi/buchanan/
Buckley,https://www.allmenus.com/mi/buckley/
Byron Center,https://www.allmenus.com/mi/byron-center/
Cadillac,https://www.allmenus.com/mi/cadillac/
Caledonia,https://www.allmenus.com/mi/caledonia/
Calumet,https://www.allmenus.com/mi/calumet/
Canton,https://www.allmenus.com/mi/canton/
Capac,https://www.allmenus.com/mi/capac/
Carleton,https://www.allmenus.com/mi/carleton/
Caro,https://www.allmenus.com/mi/caro/
Carson City,https://www.allmenus.com/mi/carson-city/
Caseville,https://www.allmenus.com/mi/caseville/
Cass City,https://www.allmenus.com/mi/cass-city/
Cassopolis,https://www.allmenus.com/mi/cassopolis/
Cedar Springs,https://www.allmenus.com/mi/cedar-springs/
Center Line,https://www.allmenus.com/mi/center-line/
Centreville,https://www.allmenus.com/mi/centreville/
Charlevoix,https://www.allmenus.com/mi/charlevoix/
Charlotte,https://www.allmenus.com/mi/charlotte/
Cheboygan,https://www.allmenus.com/mi/cheboygan/
Chelsea,https://www.allmenus.com/mi/chelsea/
Chesaning,https://www.allmenus.com/mi/chesaning/
Clare,https://www.allmenus.com/mi/clare/
Clarkston,https://www.allmenus.com/mi/clarkston/
Clarksville,https://www.allmenus.com/mi/clarksville/
Clawson,https://www.allmenus.com/mi/clawson/
Clinton,https://www.allmenus.com/mi/clinton/
Clinton Township,https://www.allmenus.com/mi/clinton-township/
Clio,https://www.allmenus.com/mi/clio/
Coldwater,https://www.allmenus.com/mi/coldwater/
Coleman,https://www.allmenus.com/mi/coleman/
Coloma,https://www.allmenus.com/mi/coloma/
Columbiaville,https://www.allmenus.com/mi/columbiaville/
Comstock Park,https://www.allmenus.com/mi/comstock-park/
Concord,https://www.allmenus.com/mi/concord/
Coopersville,https://www.allmenus.com/mi/coopersville/
Corunna,https://www.allmenus.com/mi/corunna/
Croswell,https://www.allmenus.com/mi/croswell/
Crystal Falls,https://www.allmenus.com/mi/crystal-falls/
Curran,https://www.allmenus.com/mi/curran/
Davison,https://www.allmenus.com/mi/davison/
De Tour Village,https://www.allmenus.com/mi/de-tour-village/
Dearborn,https://www.allmenus.com/mi/dearborn/
Dearborn Heights,https://www.allmenus.com/mi/dearborn-heights/
Decatur,https://www.allmenus.com/mi/decatur/
Deerfield,https://www.allmenus.com/mi/deerfield/
Detroit,https://www.allmenus.com/mi/detroit/
Dewitt,https://www.allmenus.com/mi/dewitt/
Dexter,https://www.allmenus.com/mi/dexter/
Dimondale,https://www.allmenus.com/mi/dimondale/
Dorr,https://www.allmenus.com/mi/dorr/
Dowagiac,https://www.allmenus.com/mi/dowagiac/
Dundee,https://www.allmenus.com/mi/dundee/
Durand,https://www.allmenus.com/mi/durand/
Eagle,https://www.allmenus.com/mi/eagle/
East Jordan,https://www.allmenus.com/mi/east-jordan/
East Lansing,https://www.allmenus.com/mi/east-lansing/
East Tawas,https://www.allmenus.com/mi/east-tawas/
Eaton Rapids,https://www.allmenus.com/mi/eaton-rapids/
Edmore,https://www.allmenus.com/mi/edmore/
Edwardsburg,https://www.allmenus.com/mi/edwardsburg/
Elk Rapids,https://www.allmenus.com/mi/elk-rapids/
Elkton,https://www.allmenus.com/mi/elkton/
Elmira,https://www.allmenus.com/mi/elmira/
Erie,https://www.allmenus.com/mi/erie/
Escanaba,https://www.allmenus.com/mi/escanaba/
Essexville,https://www.allmenus.com/mi/essexville/
Evart,https://www.allmenus.com/mi/evart/
Fairview,https://www.allmenus.com/mi/fairview/
Farmington,https://www.allmenus.com/mi/farmington/
Farmington Hills,https://www.allmenus.com/mi/farmington-hills/
Farwell,https://www.allmenus.com/mi/farwell/
Fennville,https://www.allmenus.com/mi/fennville/
Fenton,https://www.allmenus.com/mi/fenton/
Ferndale,https://www.allmenus.com/mi/ferndale/
Flat Rock,https://www.allmenus.com/mi/flat-rock/
Flint,https://www.allmenus.com/mi/flint/
Flushing,https://www.allmenus.com/mi/flushing/
Fowler,https://www.allmenus.com/mi/fowler/
Fowlerville,https://www.allmenus.com/mi/fowlerville/
Frankenmuth,https://www.allmenus.com/mi/frankenmuth/
Frankfort,https://www.allmenus.com/mi/frankfort/
Franklin,https://www.allmenus.com/mi/franklin/
Fraser,https://www.allmenus.com/mi/fraser/
Freeland,https://www.allmenus.com/mi/freeland/
Fremont,https://www.allmenus.com/mi/fremont/
Fruitport,https://www.allmenus.com/mi/fruitport/
Galesburg,https://www.allmenus.com/mi/galesburg/
Garden City,https://www.allmenus.com/mi/garden-city/
Gaylord,https://www.allmenus.com/mi/gaylord/
Gladstone,https://www.allmenus.com/mi/gladstone/
Gladwin,https://www.allmenus.com/mi/gladwin/
Glen Arbor,https://www.allmenus.com/mi/glen-arbor/
Gobles,https://www.allmenus.com/mi/gobles/
Goetzville,https://www.allmenus.com/mi/goetzville/
Goodrich,https://www.allmenus.com/mi/goodrich/
Gowen,https://www.allmenus.com/mi/gowen/
Grand Blanc,https://www.allmenus.com/mi/grand-blanc/
Grand Haven,https://www.allmenus.com/mi/grand-haven/
Grand Ledge,https://www.allmenus.com/mi/grand-ledge/
Grand Rapids,https://www.allmenus.com/mi/grand-rapids/
Grandville,https://www.allmenus.com/mi/grandville/
Grant,https://www.allmenus.com/mi/grant/
Grass Lake,https://www.allmenus.com/mi/grass-lake/
Grawn,https://www.allmenus.com/mi/grawn/
Grayling,https://www.allmenus.com/mi/grayling/
Greenville,https://www.allmenus.com/mi/greenville/
Gregory,https://www.allmenus.com/mi/gregory/
Grosse Ile,https://www.allmenus.com/mi/grosse-ile/
Grosse Pointe,https://www.allmenus.com/mi/grosse-pointe/
Gwinn,https://www.allmenus.com/mi/gwinn/
Hale,https://www.allmenus.com/mi/hale/
Hamburg,https://www.allmenus.com/mi/hamburg/
Hamilton,https://www.allmenus.com/mi/hamilton/
Hamtramck,https://www.allmenus.com/mi/hamtramck/
Hancock,https://www.allmenus.com/mi/hancock/
Harbor Beach,https://www.allmenus.com/mi/harbor-beach/
Harbor Springs,https://www.allmenus.com/mi/harbor-springs/
Harrison,https://www.allmenus.com/mi/harrison/
Harrisville,https://www.allmenus.com/mi/harrisville/
Hart,https://www.allmenus.com/mi/hart/
Hartford,https://www.allmenus.com/mi/hartford/
Hartland,https://www.allmenus.com/mi/hartland/
Haslett,https://www.allmenus.com/mi/haslett/
Hastings,https://www.allmenus.com/mi/hastings/
Hazel Park,https://www.allmenus.com/mi/hazel-park/
Hemlock,https://www.allmenus.com/mi/hemlock/
Hesperia,https://www.allmenus.com/mi/hesperia/
Highland,https://www.allmenus.com/mi/highland/
Highland Park,https://www.allmenus.com/mi/highland-park/
Hillman,https://www.allmenus.com/mi/hillman/
Hillsdale,https://www.allmenus.com/mi/hillsdale/
Holland,https://www.allmenus.com/mi/holland/
Holly,https://www.allmenus.com/mi/holly/
Holt,https://www.allmenus.com/mi/holt/
Holton,https://www.allmenus.com/mi/holton/
Homer,https://www.allmenus.com/mi/homer/
Honor,https://www.allmenus.com/mi/honor/
Hopkins,https://www.allmenus.com/mi/hopkins/
Horton,https://www.allmenus.com/mi/horton/
Houghton,https://www.allmenus.com/mi/houghton/
Houghton Lake,https://www.allmenus.com/mi/houghton-lake/
Howard City,https://www.allmenus.com/mi/howard-city/
Howell,https://www.allmenus.com/mi/howell/
Hudson,https://www.allmenus.com/mi/hudson/
Hudsonville,https://www.allmenus.com/mi/hudsonville/
Imlay City,https://www.allmenus.com/mi/imlay-city/
Indian River,https://www.allmenus.com/mi/indian-river/
Inkster,https://www.allmenus.com/mi/inkster/
Interlochen,https://www.allmenus.com/mi/interlochen/
Ionia,https://www.allmenus.com/mi/ionia/
Iron Mountain,https://www.allmenus.com/mi/iron-mountain/
Iron River,https://www.allmenus.com/mi/iron-river/
Ironwood,https://www.allmenus.com/mi/ironwood/
Ishpeming,https://www.allmenus.com/mi/ishpeming/
Ithaca,https://www.allmenus.com/mi/ithaca/
Jackson,https://www.allmenus.com/mi/jackson/
Jeddo,https://www.allmenus.com/mi/jeddo/
Jenison,https://www.allmenus.com/mi/jenison/
Jerome,https://www.allmenus.com/mi/jerome/
Johannesburg,https://www.allmenus.com/mi/johannesburg/
Jonesville,https://www.allmenus.com/mi/jonesville/
Kalamazoo,https://www.allmenus.com/mi/kalamazoo/
Kalkaska,https://www.allmenus.com/mi/kalkaska/
Kawkawlin,https://www.allmenus.com/mi/kawkawlin/
Keego Harbor,https://www.allmenus.com/mi/keego-harbor/
Kent City,https://www.allmenus.com/mi/kent-city/
Kentwood,https://www.allmenus.com/mi/kentwood/
Kewadin,https://www.allmenus.com/mi/kewadin/
Kinde,https://www.allmenus.com/mi/kinde/
Kingsley,https://www.allmenus.com/mi/kingsley/
Kinross,https://www.allmenus.com/mi/kinross/
Laingsburg,https://www.allmenus.com/mi/laingsburg/
Lake City,https://www.allmenus.com/mi/lake-city/
Lake Leelanau,https://www.allmenus.com/mi/lake-leelanau/
Lake Odessa,https://www.allmenus.com/mi/lake-odessa/
Lake Orion,https://www.allmenus.com/mi/lake-orion/
Lakeview,https://www.allmenus.com/mi/lakeview/
Lambertville,https://www.allmenus.com/mi/lambertville/
Lanse,https://www.allmenus.com/mi/lanse/
Lansing,https://www.allmenus.com/mi/lansing/
Lapeer,https://www.allmenus.com/mi/lapeer/
Lathrup Village,https://www.allmenus.com/mi/lathrup-village/
Lawrence,https://www.allmenus.com/mi/lawrence/
Lawton,https://www.allmenus.com/mi/lawton/
Leland,https://www.allmenus.com/mi/leland/
Lennon,https://www.allmenus.com/mi/lennon/
Leonard,https://www.allmenus.com/mi/leonard/
Leslie,https://www.allmenus.com/mi/leslie/
Lewiston,https://www.allmenus.com/mi/lewiston/
Lexington,https://www.allmenus.com/mi/lexington/
Lincoln Park,https://www.allmenus.com/mi/lincoln-park/
Linden,https://www.allmenus.com/mi/linden/
Linwood,https://www.allmenus.com/mi/linwood/
Litchfield,https://www.allmenus.com/mi/litchfield/
Livonia,https://www.allmenus.com/mi/livonia/
Lowell,https://www.allmenus.com/mi/lowell/
Ludington,https://www.allmenus.com/mi/ludington/
Luna Pier,https://www.allmenus.com/mi/luna-pier/
Luther,https://www.allmenus.com/mi/luther/
Mackinaw City,https://www.allmenus.com/mi/mackinaw-city/
Madison Heights,https://www.allmenus.com/mi/madison-heights/
Mancelona,https://www.allmenus.com/mi/mancelona/
Manchester,https://www.allmenus.com/mi/manchester/
Manistee,https://www.allmenus.com/mi/manistee/
Manistique,https://www.allmenus.com/mi/manistique/
Manton,https://www.allmenus.com/mi/manton/
Maple City,https://www.allmenus.com/mi/maple-city/
Marine City,https://www.allmenus.com/mi/marine-city/
Marlette,https://www.allmenus.com/mi/marlette/
Marne,https://www.allmenus.com/mi/marne/
Marquette,https://www.allmenus.com/mi/marquette/
Marshall,https://www.allmenus.com/mi/marshall/
Martin,https://www.allmenus.com/mi/martin/
Marysville,https://www.allmenus.com/mi/marysville/
Mason,https://www.allmenus.com/mi/mason/
Mattawan,https://www.allmenus.com/mi/mattawan/
Maybee,https://www.allmenus.com/mi/maybee/
Mayville,https://www.allmenus.com/mi/mayville/
Mc Bain,https://www.allmenus.com/mi/mc-bain/
Melvindale,https://www.allmenus.com/mi/melvindale/
Memphis,https://www.allmenus.com/mi/memphis/
Mendon,https://www.allmenus.com/mi/mendon/
Menominee,https://www.allmenus.com/mi/menominee/
Mesick,https://www.allmenus.com/mi/mesick/
Metamora,https://www.allmenus.com/mi/metamora/
Michigan Center,https://www.allmenus.com/mi/michigan-center/
Middleville,https://www.allmenus.com/mi/middleville/
Midland,https://www.allmenus.com/mi/midland/
Milan,https://www.allmenus.com/mi/milan/
Milford,https://www.allmenus.com/mi/milford/
Millington,https://www.allmenus.com/mi/millington/
Mio,https://www.allmenus.com/mi/mio/
Monroe,https://www.allmenus.com/mi/monroe/
Montague,https://www.allmenus.com/mi/montague/
Montrose,https://www.allmenus.com/mi/montrose/
Morenci,https://www.allmenus.com/mi/morenci/
Morley,https://www.allmenus.com/mi/morley/
Morrice,https://www.allmenus.com/mi/morrice/
Mount Clemens,https://www.allmenus.com/mi/mount-clemens/
Mount Morris,https://www.allmenus.com/mi/mount-morris/
Mount Pleasant,https://www.allmenus.com/mi/mount-pleasant/
Munising,https://www.allmenus.com/mi/munising/
Muskegon,https://www.allmenus.com/mi/muskegon/
Muskegon Heights,https://www.allmenus.com/mi/muskegon-heights/
Nashville,https://www.allmenus.com/mi/nashville/
Negaunee,https://www.allmenus.com/mi/negaunee/
New Baltimore,https://www.allmenus.com/mi/new-baltimore/
New Boston,https://www.allmenus.com/mi/new-boston/
New Buffalo,https://www.allmenus.com/mi/new-buffalo/
New Era,https://www.allmenus.com/mi/new-era/
New Haven,https://www.allmenus.com/mi/new-haven/
New Hudson,https://www.allmenus.com/mi/new-hudson/
Newaygo,https://www.allmenus.com/mi/newaygo/
Newberry,https://www.allmenus.com/mi/newberry/
Newport,https://www.allmenus.com/mi/newport/
Niles,https://www.allmenus.com/mi/niles/
North Adams,https://www.allmenus.com/mi/north-adams/
North Branch,https://www.allmenus.com/mi/north-branch/
North Muskegon,https://www.allmenus.com/mi/north-muskegon/
Northport,https://www.allmenus.com/mi/northport/
Northville,https://www.allmenus.com/mi/northville/
Norway,https://www.allmenus.com/mi/norway/
Novi,https://www.allmenus.com/mi/novi/
Nunica,https://www.allmenus.com/mi/nunica/
Oak Park,https://www.allmenus.com/mi/oak-park/
Okemos,https://www.allmenus.com/mi/okemos/
Olivet,https://www.allmenus.com/mi/olivet/
Onaway,https://www.allmenus.com/mi/onaway/
Onekama,https://www.allmenus.com/mi/onekama/
Onsted,https://www.allmenus.com/mi/onsted/
Ontonagon,https://www.allmenus.com/mi/ontonagon/
Orchard Lake,https://www.allmenus.com/mi/orchard-lake/
Ortonville,https://www.allmenus.com/mi/ortonville/
Oscoda,https://www.allmenus.com/mi/oscoda/
Osseo,https://www.allmenus.com/mi/osseo/
Ossineke,https://www.allmenus.com/mi/ossineke/
Otisville,https://www.allmenus.com/mi/otisville/
Otsego,https://www.allmenus.com/mi/otsego/
Ovid,https://www.allmenus.com/mi/ovid/
Owosso,https://www.allmenus.com/mi/owosso/
Oxford,https://www.allmenus.com/mi/oxford/
Parchment,https://www.allmenus.com/mi/parchment/
Parma,https://www.allmenus.com/mi/parma/
Paw Paw,https://www.allmenus.com/mi/paw-paw/
Pentwater,https://www.allmenus.com/mi/pentwater/
Perry,https://www.allmenus.com/mi/perry/
Petoskey,https://www.allmenus.com/mi/petoskey/
Pinckney,https://www.allmenus.com/mi/pinckney/
Pinconning,https://www.allmenus.com/mi/pinconning/
Plainwell,https://www.allmenus.com/mi/plainwell/
Plymouth,https://www.allmenus.com/mi/plymouth/
Pontiac,https://www.allmenus.com/mi/pontiac/
Port Austin,https://www.allmenus.com/mi/port-austin/
Port Huron,https://www.allmenus.com/mi/port-huron/
Portage,https://www.allmenus.com/mi/portage/
Portland,https://www.allmenus.com/mi/portland/
Potterville,https://www.allmenus.com/mi/potterville/
Powers,https://www.allmenus.com/mi/powers/
Prescott,https://www.allmenus.com/mi/prescott/
Prudenville,https://www.allmenus.com/mi/prudenville/
Quincy,https://www.allmenus.com/mi/quincy/
Rapid City,https://www.allmenus.com/mi/rapid-city/
Reading,https://www.allmenus.com/mi/reading/
Redford,https://www.allmenus.com/mi/redford/
Reed City,https://www.allmenus.com/mi/reed-city/
Reese,https://www.allmenus.com/mi/reese/
Remus,https://www.allmenus.com/mi/remus/
Richland,https://www.allmenus.com/mi/richland/
Richmond,https://www.allmenus.com/mi/richmond/
River Rouge,https://www.allmenus.com/mi/river-rouge/
Riverview,https://www.allmenus.com/mi/riverview/
Rochester,https://www.allmenus.com/mi/rochester/
Rochester Hills,https://www.allmenus.com/mi/rochester-hills/
Rockford,https://www.allmenus.com/mi/rockford/
Rockwood,https://www.allmenus.com/mi/rockwood/
Rogers City,https://www.allmenus.com/mi/rogers-city/
Romeo,https://www.allmenus.com/mi/romeo/
Romulus,https://www.allmenus.com/mi/romulus/
Roscommon,https://www.allmenus.com/mi/roscommon/
Rose City,https://www.allmenus.com/mi/rose-city/
Roseville,https://www.allmenus.com/mi/roseville/
Royal Oak,https://www.allmenus.com/mi/royal-oak/
Saginaw,https://www.allmenus.com/mi/saginaw/
Saint Charles,https://www.allmenus.com/mi/saint-charles/
Saint Clair,https://www.allmenus.com/mi/saint-clair/
Saint Clair Shores,https://www.allmenus.com/mi/saint-clair-shores/
Saint Ignace,https://www.allmenus.com/mi/saint-ignace/
Saint Johns,https://www.allmenus.com/mi/saint-johns/
Saint Joseph,https://www.allmenus.com/mi/saint-joseph/
Saint Louis,https://www.allmenus.com/mi/saint-louis/
Saline,https://www.allmenus.com/mi/saline/
Sandusky,https://www.allmenus.com/mi/sandusky/
Sanford,https://www.allmenus.com/mi/sanford/
Saranac,https://www.allmenus.com/mi/saranac/
Saugatuck,https://www.allmenus.com/mi/saugatuck/
Sault Sainte Marie,https://www.allmenus.com/mi/sault-sainte-marie/
Sawyer,https://www.allmenus.com/mi/sawyer/
Schoolcraft,https://www.allmenus.com/mi/schoolcraft/
Sebewaing,https://www.allmenus.com/mi/sebewaing/
Shelby,https://www.allmenus.com/mi/shelby/
Shelby Township,https://www.allmenus.com/mi/shelby-township/
Shelbyville,https://www.allmenus.com/mi/shelbyville/
Shepherd,https://www.allmenus.com/mi/shepherd/
Smiths Creek,https://www.allmenus.com/mi/smiths-creek/
South Haven,https://www.allmenus.com/mi/south-haven/
South Lyon,https://www.allmenus.com/mi/south-lyon/
Southfield,https://www.allmenus.com/mi/southfield/
Southgate,https://www.allmenus.com/mi/southgate/
Sparta,https://www.allmenus.com/mi/sparta/
Spring Arbor,https://www.allmenus.com/mi/spring-arbor/
Spring Lake,https://www.allmenus.com/mi/spring-lake/
Standish,https://www.allmenus.com/mi/standish/
Stanton,https://www.allmenus.com/mi/stanton/
Stanwood,https://www.allmenus.com/mi/stanwood/
Stephenson,https://www.allmenus.com/mi/stephenson/
Sterling Heights,https://www.allmenus.com/mi/sterling-heights/
Stevensville,https://www.allmenus.com/mi/stevensville/
Stockbridge,https://www.allmenus.com/mi/stockbridge/
Sturgis,https://www.allmenus.com/mi/sturgis/
Suttons Bay,https://www.allmenus.com/mi/suttons-bay/
Swartz Creek,https://www.allmenus.com/mi/swartz-creek/
Tawas City,https://www.allmenus.com/mi/tawas-city/
Taylor,https://www.allmenus.com/mi/taylor/
Tecumseh,https://www.allmenus.com/mi/tecumseh/
Tekonsha,https://www.allmenus.com/mi/tekonsha/
Temperance,https://www.allmenus.com/mi/temperance/
Three Rivers,https://www.allmenus.com/mi/three-rivers/
Traverse City,https://www.allmenus.com/mi/traverse-city/
Trenton,https://www.allmenus.com/mi/trenton/
Trout Creek,https://www.allmenus.com/mi/trout-creek/
Troy,https://www.allmenus.com/mi/troy/
Ubly,https://www.allmenus.com/mi/ubly/
Union City,https://www.allmenus.com/mi/union-city/
Utica,https://www.allmenus.com/mi/utica/
Vassar,https://www.allmenus.com/mi/vassar/
Vicksburg,https://www.allmenus.com/mi/vicksburg/
Walled Lake,https://www.allmenus.com/mi/walled-lake/
Warren,https://www.allmenus.com/mi/warren/
Washington,https://www.allmenus.com/mi/washington/
Waterford,https://www.allmenus.com/mi/waterford/
Watervliet,https://www.allmenus.com/mi/watervliet/
Wayland,https://www.allmenus.com/mi/wayland/
Wayne,https://www.allmenus.com/mi/wayne/
Webberville,https://www.allmenus.com/mi/webberville/
West Bloomfield,https://www.allmenus.com/mi/west-bloomfield/
West Branch,https://www.allmenus.com/mi/west-branch/
West Olive,https://www.allmenus.com/mi/west-olive/
Westland,https://www.allmenus.com/mi/westland/
White Cloud,https://www.allmenus.com/mi/white-cloud/
White Pigeon,https://www.allmenus.com/mi/white-pigeon/
Whitehall,https://www.allmenus.com/mi/whitehall/
Whitmore Lake,https://www.allmenus.com/mi/whitmore-lake/
Williamsburg,https://www.allmenus.com/mi/williamsburg/
Williamston,https://www.allmenus.com/mi/williamston/
Willis,https://www.allmenus.com/mi/willis/
Wixom,https://www.allmenus.com/mi/wixom/
Wyandotte,https://www.allmenus.com/mi/wyandotte/
Wyoming,https://www.allmenus.com/mi/wyoming/
Yale,https://www.allmenus.com/mi/yale/
Ypsilanti,https://www.allmenus.com/mi/ypsilanti/
Zeeland,https://www.allmenus.com/mi/zeeland/
