City Name,City URL
Ada,https://www.allmenus.com/mn/ada/
Adrian,https://www.allmenus.com/mn/adrian/
Afton,https://www.allmenus.com/mn/afton/
Aitkin,https://www.allmenus.com/mn/aitkin/
Akeley,https://www.allmenus.com/mn/akeley/
Albany,https://www.allmenus.com/mn/albany/
Albert Lea,https://www.allmenus.com/mn/albert-lea/
Albertville,https://www.allmenus.com/mn/albertville/
Alexandria,https://www.allmenus.com/mn/alexandria/
Annandale,https://www.allmenus.com/mn/annandale/
Anoka,https://www.allmenus.com/mn/anoka/
Apple Valley,https://www.allmenus.com/mn/apple-valley/
Appleton,https://www.allmenus.com/mn/appleton/
Arco,https://www.allmenus.com/mn/arco/
Arlington,https://www.allmenus.com/mn/arlington/
Austin,https://www.allmenus.com/mn/austin/
Avon,https://www.allmenus.com/mn/avon/
Bagley,https://www.allmenus.com/mn/bagley/
Barnesville,https://www.allmenus.com/mn/barnesville/
Battle Lake,https://www.allmenus.com/mn/battle-lake/
Baudette,https://www.allmenus.com/mn/baudette/
Bayport,https://www.allmenus.com/mn/bayport/
Becker,https://www.allmenus.com/mn/becker/
Belle Plaine,https://www.allmenus.com/mn/belle-plaine/
Bemidji,https://www.allmenus.com/mn/bemidji/
Benson,https://www.allmenus.com/mn/benson/
Bertha,https://www.allmenus.com/mn/bertha/
Big Lake,https://www.allmenus.com/mn/big-lake/
Bigfork,https://www.allmenus.com/mn/bigfork/
Biwabik,https://www.allmenus.com/mn/biwabik/
Blaine,https://www.allmenus.com/mn/blaine/
Blooming Prairie,https://www.allmenus.com/mn/blooming-prairie/
Bloomington,https://www.allmenus.com/mn/bloomington/
Blue Earth,https://www.allmenus.com/mn/blue-earth/
Bovey,https://www.allmenus.com/mn/bovey/
Braham,https://www.allmenus.com/mn/braham/
Brainerd,https://www.allmenus.com/mn/brainerd/
Breckenridge,https://www.allmenus.com/mn/breckenridge/
Brimson,https://www.allmenus.com/mn/brimson/
Brooklyn Center,https://www.allmenus.com/mn/brooklyn-center/
Brooklyn Park,https://www.allmenus.com/mn/brooklyn-park/
Buffalo,https://www.allmenus.com/mn/buffalo/
Burnsville,https://www.allmenus.com/mn/burnsville/
Byron,https://www.allmenus.com/mn/byron/
Caledonia,https://www.allmenus.com/mn/caledonia/
Cambridge,https://www.allmenus.com/mn/cambridge/
Canby,https://www.allmenus.com/mn/canby/
Cannon Falls,https://www.allmenus.com/mn/cannon-falls/
Cass Lake,https://www.allmenus.com/mn/cass-lake/
Cedar,https://www.allmenus.com/mn/cedar/
Center City,https://www.allmenus.com/mn/center-city/
Champlin,https://www.allmenus.com/mn/champlin/
Chanhassen,https://www.allmenus.com/mn/chanhassen/
Chaska,https://www.allmenus.com/mn/chaska/
Chatfield,https://www.allmenus.com/mn/chatfield/
Chisago City,https://www.allmenus.com/mn/chisago-city/
Chisholm,https://www.allmenus.com/mn/chisholm/
Circle Pines,https://www.allmenus.com/mn/circle-pines/
Clara City,https://www.allmenus.com/mn/clara-city/
Clearwater,https://www.allmenus.com/mn/clearwater/
Cloquet,https://www.allmenus.com/mn/cloquet/
Cokato,https://www.allmenus.com/mn/cokato/
Cold Spring,https://www.allmenus.com/mn/cold-spring/
Columbia Heights,https://www.allmenus.com/mn/columbia-heights/
Cook,https://www.allmenus.com/mn/cook/
Coon Rapids,https://www.allmenus.com/mn/coon-rapids/
Cottage Grove,https://www.allmenus.com/mn/cottage-grove/
Cotton,https://www.allmenus.com/mn/cotton/
Crookston,https://www.allmenus.com/mn/crookston/
Crosby,https://www.allmenus.com/mn/crosby/
Crosslake,https://www.allmenus.com/mn/crosslake/
Crystal,https://www.allmenus.com/mn/crystal/
Dawson,https://www.allmenus.com/mn/dawson/
Deerwood,https://www.allmenus.com/mn/deerwood/
Delano,https://www.allmenus.com/mn/delano/
Detroit Lakes,https://www.allmenus.com/mn/detroit-lakes/
Dexter,https://www.allmenus.com/mn/dexter/
Dilworth,https://www.allmenus.com/mn/dilworth/
Dodge Center,https://www.allmenus.com/mn/dodge-center/
Duluth,https://www.allmenus.com/mn/duluth/
Dundas,https://www.allmenus.com/mn/dundas/
Eagan,https://www.allmenus.com/mn/eagan/
East Grand Forks,https://www.allmenus.com/mn/east-grand-forks/
Eden Prairie,https://www.allmenus.com/mn/eden-prairie/
Edgerton,https://www.allmenus.com/mn/edgerton/
Edina,https://www.allmenus.com/mn/edina/
Elk River,https://www.allmenus.com/mn/elk-river/
Elko New Market,https://www.allmenus.com/mn/elko-new-market/
Ely,https://www.allmenus.com/mn/ely/
Erhard,https://www.allmenus.com/mn/erhard/
Eveleth,https://www.allmenus.com/mn/eveleth/
Excelsior,https://www.allmenus.com/mn/excelsior/
Fairmont,https://www.allmenus.com/mn/fairmont/
Faribault,https://www.allmenus.com/mn/faribault/
Farmington,https://www.allmenus.com/mn/farmington/
Fergus Falls,https://www.allmenus.com/mn/fergus-falls/
Fertile,https://www.allmenus.com/mn/fertile/
Floodwood,https://www.allmenus.com/mn/floodwood/
Foley,https://www.allmenus.com/mn/foley/
Forest Lake,https://www.allmenus.com/mn/forest-lake/
Fosston,https://www.allmenus.com/mn/fosston/
Frazee,https://www.allmenus.com/mn/frazee/
Fridley,https://www.allmenus.com/mn/fridley/
Fulda,https://www.allmenus.com/mn/fulda/
Garrison,https://www.allmenus.com/mn/garrison/
Gaylord,https://www.allmenus.com/mn/gaylord/
Gilbert,https://www.allmenus.com/mn/gilbert/
Glencoe,https://www.allmenus.com/mn/glencoe/
Glenwood,https://www.allmenus.com/mn/glenwood/
Golden Valley,https://www.allmenus.com/mn/golden-valley/
Grand Marais,https://www.allmenus.com/mn/grand-marais/
Grand Meadow,https://www.allmenus.com/mn/grand-meadow/
Grand Rapids,https://www.allmenus.com/mn/grand-rapids/
Granite Falls,https://www.allmenus.com/mn/granite-falls/
Hackensack,https://www.allmenus.com/mn/hackensack/
Hallock,https://www.allmenus.com/mn/hallock/
Hamel,https://www.allmenus.com/mn/hamel/
Harris,https://www.allmenus.com/mn/harris/
Hastings,https://www.allmenus.com/mn/hastings/
Hawley,https://www.allmenus.com/mn/hawley/
Hibbing,https://www.allmenus.com/mn/hibbing/
Hinckley,https://www.allmenus.com/mn/hinckley/
Hines,https://www.allmenus.com/mn/hines/
Hopkins,https://www.allmenus.com/mn/hopkins/
Howard Lake,https://www.allmenus.com/mn/howard-lake/
Hugo,https://www.allmenus.com/mn/hugo/
Hutchinson,https://www.allmenus.com/mn/hutchinson/
International Falls,https://www.allmenus.com/mn/international-falls/
Inver Grove Heights,https://www.allmenus.com/mn/inver-grove-heights/
Ironton,https://www.allmenus.com/mn/ironton/
Isanti,https://www.allmenus.com/mn/isanti/
Jackson,https://www.allmenus.com/mn/jackson/
Janesville,https://www.allmenus.com/mn/janesville/
Jordan,https://www.allmenus.com/mn/jordan/
Kasson,https://www.allmenus.com/mn/kasson/
Kenyon,https://www.allmenus.com/mn/kenyon/
Kimball,https://www.allmenus.com/mn/kimball/
La Crescent,https://www.allmenus.com/mn/la-crescent/
Lake City,https://www.allmenus.com/mn/lake-city/
Lake Crystal,https://www.allmenus.com/mn/lake-crystal/
Lake Elmo,https://www.allmenus.com/mn/lake-elmo/
Lake Park,https://www.allmenus.com/mn/lake-park/
Lakeland,https://www.allmenus.com/mn/lakeland/
Lakeville,https://www.allmenus.com/mn/lakeville/
Lanesboro,https://www.allmenus.com/mn/lanesboro/
Le Center,https://www.allmenus.com/mn/le-center/
Le Sueur,https://www.allmenus.com/mn/le-sueur/
Lewiston,https://www.allmenus.com/mn/lewiston/
Lindstrom,https://www.allmenus.com/mn/lindstrom/
Litchfield,https://www.allmenus.com/mn/litchfield/
Little Falls,https://www.allmenus.com/mn/little-falls/
Long Lake,https://www.allmenus.com/mn/long-lake/
Long Prairie,https://www.allmenus.com/mn/long-prairie/
Longville,https://www.allmenus.com/mn/longville/
Lonsdale,https://www.allmenus.com/mn/lonsdale/
Loretto,https://www.allmenus.com/mn/loretto/
Lutsen,https://www.allmenus.com/mn/lutsen/
Luverne,https://www.allmenus.com/mn/luverne/
Madelia,https://www.allmenus.com/mn/madelia/
Madison,https://www.allmenus.com/mn/madison/
Mahnomen,https://www.allmenus.com/mn/mahnomen/
Mankato,https://www.allmenus.com/mn/mankato/
Mantorville,https://www.allmenus.com/mn/mantorville/
Maple Grove,https://www.allmenus.com/mn/maple-grove/
Maple Lake,https://www.allmenus.com/mn/maple-lake/
Mapleton,https://www.allmenus.com/mn/mapleton/
Marine On Saint Croix,https://www.allmenus.com/mn/marine-on-saint-croix/
Marshall,https://www.allmenus.com/mn/marshall/
Mazeppa,https://www.allmenus.com/mn/mazeppa/
Mcgregor,https://www.allmenus.com/mn/mcgregor/
Medford,https://www.allmenus.com/mn/medford/
Melrose,https://www.allmenus.com/mn/melrose/
Menahga,https://www.allmenus.com/mn/menahga/
Milaca,https://www.allmenus.com/mn/milaca/
Minneapolis,https://www.allmenus.com/mn/minneapolis/
Minnetonka,https://www.allmenus.com/mn/minnetonka/
Montevideo,https://www.allmenus.com/mn/montevideo/
Montgomery,https://www.allmenus.com/mn/montgomery/
Monticello,https://www.allmenus.com/mn/monticello/
Montrose,https://www.allmenus.com/mn/montrose/
Moorhead,https://www.allmenus.com/mn/moorhead/
Moose Lake,https://www.allmenus.com/mn/moose-lake/
Mora,https://www.allmenus.com/mn/mora/
Morris,https://www.allmenus.com/mn/morris/
Morristown,https://www.allmenus.com/mn/morristown/
Motley,https://www.allmenus.com/mn/motley/
Mound,https://www.allmenus.com/mn/mound/
Mountain Iron,https://www.allmenus.com/mn/mountain-iron/
Mountain Lake,https://www.allmenus.com/mn/mountain-lake/
Nashwauk,https://www.allmenus.com/mn/nashwauk/
Nevis,https://www.allmenus.com/mn/nevis/
New Brighton,https://www.allmenus.com/mn/new-brighton/
New London,https://www.allmenus.com/mn/new-london/
New Prague,https://www.allmenus.com/mn/new-prague/
New Ulm,https://www.allmenus.com/mn/new-ulm/
New York Mills,https://www.allmenus.com/mn/new-york-mills/
Newport,https://www.allmenus.com/mn/newport/
Nicollet,https://www.allmenus.com/mn/nicollet/
Nisswa,https://www.allmenus.com/mn/nisswa/
North Branch,https://www.allmenus.com/mn/north-branch/
North Mankato,https://www.allmenus.com/mn/north-mankato/
North Saint Paul,https://www.allmenus.com/mn/north-saint-paul/
Northfield,https://www.allmenus.com/mn/northfield/
Norwood Young America,https://www.allmenus.com/mn/norwood-young-america/
Olivia,https://www.allmenus.com/mn/olivia/
Onamia,https://www.allmenus.com/mn/onamia/
Ortonville,https://www.allmenus.com/mn/ortonville/
Osseo,https://www.allmenus.com/mn/osseo/
Owatonna,https://www.allmenus.com/mn/owatonna/
Park Rapids,https://www.allmenus.com/mn/park-rapids/
Parkers Prairie,https://www.allmenus.com/mn/parkers-prairie/
Paynesville,https://www.allmenus.com/mn/paynesville/
Pelican Rapids,https://www.allmenus.com/mn/pelican-rapids/
Pequot Lakes,https://www.allmenus.com/mn/pequot-lakes/
Perham,https://www.allmenus.com/mn/perham/
Pierz,https://www.allmenus.com/mn/pierz/
Pillager,https://www.allmenus.com/mn/pillager/
Pine City,https://www.allmenus.com/mn/pine-city/
Pine Island,https://www.allmenus.com/mn/pine-island/
Pipestone,https://www.allmenus.com/mn/pipestone/
Plainview,https://www.allmenus.com/mn/plainview/
Plymouth,https://www.allmenus.com/mn/plymouth/
Princeton,https://www.allmenus.com/mn/princeton/
Prior Lake,https://www.allmenus.com/mn/prior-lake/
Proctor,https://www.allmenus.com/mn/proctor/
Randall,https://www.allmenus.com/mn/randall/
Red Lake Falls,https://www.allmenus.com/mn/red-lake-falls/
Red Wing,https://www.allmenus.com/mn/red-wing/
Redwood Falls,https://www.allmenus.com/mn/redwood-falls/
Rice,https://www.allmenus.com/mn/rice/
Richfield,https://www.allmenus.com/mn/richfield/
Robbinsdale,https://www.allmenus.com/mn/robbinsdale/
Rochester,https://www.allmenus.com/mn/rochester/
Rockford,https://www.allmenus.com/mn/rockford/
Rogers,https://www.allmenus.com/mn/rogers/
Roseau,https://www.allmenus.com/mn/roseau/
Rosemount,https://www.allmenus.com/mn/rosemount/
Roseville,https://www.allmenus.com/mn/roseville/
Royalton,https://www.allmenus.com/mn/royalton/
Rush City,https://www.allmenus.com/mn/rush-city/
Rushford,https://www.allmenus.com/mn/rushford/
Saint Cloud,https://www.allmenus.com/mn/saint-cloud/
Saint Francis,https://www.allmenus.com/mn/saint-francis/
Saint James,https://www.allmenus.com/mn/saint-james/
Saint Joseph,https://www.allmenus.com/mn/saint-joseph/
Saint Louis Park,https://www.allmenus.com/mn/saint-louis-park/
Saint Michael,https://www.allmenus.com/mn/saint-michael/
Saint Paul,https://www.allmenus.com/mn/saint-paul/
Saint Paul Park,https://www.allmenus.com/mn/saint-paul-park/
Saint Peter,https://www.allmenus.com/mn/saint-peter/
Sandstone,https://www.allmenus.com/mn/sandstone/
Sartell,https://www.allmenus.com/mn/sartell/
Sauk Centre,https://www.allmenus.com/mn/sauk-centre/
Sauk Rapids,https://www.allmenus.com/mn/sauk-rapids/
Savage,https://www.allmenus.com/mn/savage/
Shakopee,https://www.allmenus.com/mn/shakopee/
Sherburn,https://www.allmenus.com/mn/sherburn/
Silver Bay,https://www.allmenus.com/mn/silver-bay/
Silver Lake,https://www.allmenus.com/mn/silver-lake/
Slayton,https://www.allmenus.com/mn/slayton/
Sleepy Eye,https://www.allmenus.com/mn/sleepy-eye/
South Saint Paul,https://www.allmenus.com/mn/south-saint-paul/
Spicer,https://www.allmenus.com/mn/spicer/
Spring Grove,https://www.allmenus.com/mn/spring-grove/
Spring Park,https://www.allmenus.com/mn/spring-park/
Spring Valley,https://www.allmenus.com/mn/spring-valley/
Springfield,https://www.allmenus.com/mn/springfield/
Squaw Lake,https://www.allmenus.com/mn/squaw-lake/
Stacy,https://www.allmenus.com/mn/stacy/
Staples,https://www.allmenus.com/mn/staples/
Stewartville,https://www.allmenus.com/mn/stewartville/
Stillwater,https://www.allmenus.com/mn/stillwater/
Taylors Falls,https://www.allmenus.com/mn/taylors-falls/
Thief River Falls,https://www.allmenus.com/mn/thief-river-falls/
Tofte,https://www.allmenus.com/mn/tofte/
Tracy,https://www.allmenus.com/mn/tracy/
Two Harbors,https://www.allmenus.com/mn/two-harbors/
Tyler,https://www.allmenus.com/mn/tyler/
Utica,https://www.allmenus.com/mn/utica/
Victoria,https://www.allmenus.com/mn/victoria/
Virginia,https://www.allmenus.com/mn/virginia/
Wabasha,https://www.allmenus.com/mn/wabasha/
Waconia,https://www.allmenus.com/mn/waconia/
Wadena,https://www.allmenus.com/mn/wadena/
Waite Park,https://www.allmenus.com/mn/waite-park/
Walker,https://www.allmenus.com/mn/walker/
Wanamingo,https://www.allmenus.com/mn/wanamingo/
Warren,https://www.allmenus.com/mn/warren/
Warroad,https://www.allmenus.com/mn/warroad/
Waseca,https://www.allmenus.com/mn/waseca/
Watertown,https://www.allmenus.com/mn/watertown/
Wayzata,https://www.allmenus.com/mn/wayzata/
Wells,https://www.allmenus.com/mn/wells/
West Saint Paul,https://www.allmenus.com/mn/west-saint-paul/
Wheaton,https://www.allmenus.com/mn/wheaton/
White Bear Lake,https://www.allmenus.com/mn/white-bear-lake/
Willmar,https://www.allmenus.com/mn/willmar/
Windom,https://www.allmenus.com/mn/windom/
Winger,https://www.allmenus.com/mn/winger/
Winnebago,https://www.allmenus.com/mn/winnebago/
Winona,https://www.allmenus.com/mn/winona/
Winsted,https://www.allmenus.com/mn/winsted/
Woodbury,https://www.allmenus.com/mn/woodbury/
Worthington,https://www.allmenus.com/mn/worthington/
Wyoming,https://www.allmenus.com/mn/wyoming/
Zimmerman,https://www.allmenus.com/mn/zimmerman/
Zumbrota,https://www.allmenus.com/mn/zumbrota/
