City Name,City URL
Abbeville,https://www.allmenus.com/ms/abbeville/
Aberdeen,https://www.allmenus.com/ms/aberdeen/
Ackerman,https://www.allmenus.com/ms/ackerman/
Amory,https://www.allmenus.com/ms/amory/
Baldwyn,https://www.allmenus.com/ms/baldwyn/
Bassfield,https://www.allmenus.com/ms/bassfield/
Batesville,https://www.allmenus.com/ms/batesville/
Bay Saint Louis,https://www.allmenus.com/ms/bay-saint-louis/
Bay Springs,https://www.allmenus.com/ms/bay-springs/
Beaumont,https://www.allmenus.com/ms/beaumont/
Belden,https://www.allmenus.com/ms/belden/
Belmont,https://www.allmenus.com/ms/belmont/
Belzoni,https://www.allmenus.com/ms/belzoni/
Bentonia,https://www.allmenus.com/ms/bentonia/
Biloxi,https://www.allmenus.com/ms/biloxi/
Booneville,https://www.allmenus.com/ms/booneville/
Brandon,https://www.allmenus.com/ms/brandon/
Brookhaven,https://www.allmenus.com/ms/brookhaven/
Brooklyn,https://www.allmenus.com/ms/brooklyn/
Bruce,https://www.allmenus.com/ms/bruce/
Burnsville,https://www.allmenus.com/ms/burnsville/
Byhalia,https://www.allmenus.com/ms/byhalia/
Byram,https://www.allmenus.com/ms/byram/
Caledonia,https://www.allmenus.com/ms/caledonia/
Calhoun City,https://www.allmenus.com/ms/calhoun-city/
Canton,https://www.allmenus.com/ms/canton/
Carriere,https://www.allmenus.com/ms/carriere/
Carthage,https://www.allmenus.com/ms/carthage/
Charleston,https://www.allmenus.com/ms/charleston/
Clarksdale,https://www.allmenus.com/ms/clarksdale/
Cleveland,https://www.allmenus.com/ms/cleveland/
Clinton,https://www.allmenus.com/ms/clinton/
Coldwater,https://www.allmenus.com/ms/coldwater/
Collins,https://www.allmenus.com/ms/collins/
Collinsville,https://www.allmenus.com/ms/collinsville/
Columbia,https://www.allmenus.com/ms/columbia/
Columbus,https://www.allmenus.com/ms/columbus/
Como,https://www.allmenus.com/ms/como/
Conehatta,https://www.allmenus.com/ms/conehatta/
Corinth,https://www.allmenus.com/ms/corinth/
Crystal Springs,https://www.allmenus.com/ms/crystal-springs/
De Kalb,https://www.allmenus.com/ms/de-kalb/
Decatur,https://www.allmenus.com/ms/decatur/
Diamondhead,https://www.allmenus.com/ms/diamondhead/
Drew,https://www.allmenus.com/ms/drew/
Durant,https://www.allmenus.com/ms/durant/
Ecru,https://www.allmenus.com/ms/ecru/
Edwards,https://www.allmenus.com/ms/edwards/
Ellisville,https://www.allmenus.com/ms/ellisville/
Eupora,https://www.allmenus.com/ms/eupora/
Fayette,https://www.allmenus.com/ms/fayette/
Flora,https://www.allmenus.com/ms/flora/
Florence,https://www.allmenus.com/ms/florence/
Flowood,https://www.allmenus.com/ms/flowood/
Forest,https://www.allmenus.com/ms/forest/
Fulton,https://www.allmenus.com/ms/fulton/
Gautier,https://www.allmenus.com/ms/gautier/
Gloster,https://www.allmenus.com/ms/gloster/
Greenville,https://www.allmenus.com/ms/greenville/
Greenwood,https://www.allmenus.com/ms/greenwood/
Grenada,https://www.allmenus.com/ms/grenada/
Gulfport,https://www.allmenus.com/ms/gulfport/
Hamilton,https://www.allmenus.com/ms/hamilton/
Hattiesburg,https://www.allmenus.com/ms/hattiesburg/
Hazlehurst,https://www.allmenus.com/ms/hazlehurst/
Heidelberg,https://www.allmenus.com/ms/heidelberg/
Hernando,https://www.allmenus.com/ms/hernando/
Holly Springs,https://www.allmenus.com/ms/holly-springs/
Horn Lake,https://www.allmenus.com/ms/horn-lake/
Houston,https://www.allmenus.com/ms/houston/
Indianola,https://www.allmenus.com/ms/indianola/
Inverness,https://www.allmenus.com/ms/inverness/
Itta Bena,https://www.allmenus.com/ms/itta-bena/
Iuka,https://www.allmenus.com/ms/iuka/
Jackson,https://www.allmenus.com/ms/jackson/
Kiln,https://www.allmenus.com/ms/kiln/
Kosciusko,https://www.allmenus.com/ms/kosciusko/
Lake,https://www.allmenus.com/ms/lake/
Lamar,https://www.allmenus.com/ms/lamar/
Laurel,https://www.allmenus.com/ms/laurel/
Leakesville,https://www.allmenus.com/ms/leakesville/
Leland,https://www.allmenus.com/ms/leland/
Lexington,https://www.allmenus.com/ms/lexington/
Liberty,https://www.allmenus.com/ms/liberty/
Long Beach,https://www.allmenus.com/ms/long-beach/
Louisville,https://www.allmenus.com/ms/louisville/
Lucedale,https://www.allmenus.com/ms/lucedale/
Lumberton,https://www.allmenus.com/ms/lumberton/
Macon,https://www.allmenus.com/ms/macon/
Madison,https://www.allmenus.com/ms/madison/
Magee,https://www.allmenus.com/ms/magee/
Magnolia,https://www.allmenus.com/ms/magnolia/
Marion,https://www.allmenus.com/ms/marion/
Marks,https://www.allmenus.com/ms/marks/
Mathiston,https://www.allmenus.com/ms/mathiston/
Mccomb,https://www.allmenus.com/ms/mccomb/
Meadville,https://www.allmenus.com/ms/meadville/
Mendenhall,https://www.allmenus.com/ms/mendenhall/
Meridian,https://www.allmenus.com/ms/meridian/
Merigold,https://www.allmenus.com/ms/merigold/
Monticello,https://www.allmenus.com/ms/monticello/
Moorhead,https://www.allmenus.com/ms/moorhead/
Morton,https://www.allmenus.com/ms/morton/
Moss Point,https://www.allmenus.com/ms/moss-point/
Natchez,https://www.allmenus.com/ms/natchez/
Nesbit,https://www.allmenus.com/ms/nesbit/
Nettleton,https://www.allmenus.com/ms/nettleton/
New Albany,https://www.allmenus.com/ms/new-albany/
New Augusta,https://www.allmenus.com/ms/new-augusta/
Newton,https://www.allmenus.com/ms/newton/
Ocean Springs,https://www.allmenus.com/ms/ocean-springs/
Okolona,https://www.allmenus.com/ms/okolona/
Olive Branch,https://www.allmenus.com/ms/olive-branch/
Oxford,https://www.allmenus.com/ms/oxford/
Pascagoula,https://www.allmenus.com/ms/pascagoula/
Pass Christian,https://www.allmenus.com/ms/pass-christian/
Pearl,https://www.allmenus.com/ms/pearl/
Pelahatchie,https://www.allmenus.com/ms/pelahatchie/
Petal,https://www.allmenus.com/ms/petal/
Philadelphia,https://www.allmenus.com/ms/philadelphia/
Picayune,https://www.allmenus.com/ms/picayune/
Pontotoc,https://www.allmenus.com/ms/pontotoc/
Poplarville,https://www.allmenus.com/ms/poplarville/
Port Gibson,https://www.allmenus.com/ms/port-gibson/
Prentiss,https://www.allmenus.com/ms/prentiss/
Purvis,https://www.allmenus.com/ms/purvis/
Quitman,https://www.allmenus.com/ms/quitman/
Raleigh,https://www.allmenus.com/ms/raleigh/
Raymond,https://www.allmenus.com/ms/raymond/
Richland,https://www.allmenus.com/ms/richland/
Richton,https://www.allmenus.com/ms/richton/
Ridgeland,https://www.allmenus.com/ms/ridgeland/
Ripley,https://www.allmenus.com/ms/ripley/
Robinsonville,https://www.allmenus.com/ms/robinsonville/
Rolling Fork,https://www.allmenus.com/ms/rolling-fork/
Ruleville,https://www.allmenus.com/ms/ruleville/
Saltillo,https://www.allmenus.com/ms/saltillo/
Sardis,https://www.allmenus.com/ms/sardis/
Saucier,https://www.allmenus.com/ms/saucier/
Scooba,https://www.allmenus.com/ms/scooba/
Seminary,https://www.allmenus.com/ms/seminary/
Senatobia,https://www.allmenus.com/ms/senatobia/
Southaven,https://www.allmenus.com/ms/southaven/
Starkville,https://www.allmenus.com/ms/starkville/
Stringer,https://www.allmenus.com/ms/stringer/
Summit,https://www.allmenus.com/ms/summit/
Sumrall,https://www.allmenus.com/ms/sumrall/
Taylorsville,https://www.allmenus.com/ms/taylorsville/
Terry,https://www.allmenus.com/ms/terry/
Toomsuba,https://www.allmenus.com/ms/toomsuba/
Tunica,https://www.allmenus.com/ms/tunica/
Tupelo,https://www.allmenus.com/ms/tupelo/
Tylertown,https://www.allmenus.com/ms/tylertown/
Union,https://www.allmenus.com/ms/union/
Utica,https://www.allmenus.com/ms/utica/
Vancleave,https://www.allmenus.com/ms/vancleave/
Vicksburg,https://www.allmenus.com/ms/vicksburg/
Walls,https://www.allmenus.com/ms/walls/
Walnut,https://www.allmenus.com/ms/walnut/
Water Valley,https://www.allmenus.com/ms/water-valley/
Waynesboro,https://www.allmenus.com/ms/waynesboro/
West Point,https://www.allmenus.com/ms/west-point/
Wiggins,https://www.allmenus.com/ms/wiggins/
Winona,https://www.allmenus.com/ms/winona/
Woodville,https://www.allmenus.com/ms/woodville/
Yazoo City,https://www.allmenus.com/ms/yazoo-city/
