City Name,City URL
Adrian,https://www.allmenus.com/mo/adrian/
Advance,https://www.allmenus.com/mo/advance/
Affton,https://www.allmenus.com/mo/affton/
Albany,https://www.allmenus.com/mo/albany/
Anderson,https://www.allmenus.com/mo/anderson/
Arnold,https://www.allmenus.com/mo/arnold/
Ashland,https://www.allmenus.com/mo/ashland/
Aurora,https://www.allmenus.com/mo/aurora/
Ava,https://www.allmenus.com/mo/ava/
Ballwin,https://www.allmenus.com/mo/ballwin/
Barnhart,https://www.allmenus.com/mo/barnhart/
Beaufort,https://www.allmenus.com/mo/beaufort/
Belgrade,https://www.allmenus.com/mo/belgrade/
Belle,https://www.allmenus.com/mo/belle/
Belton,https://www.allmenus.com/mo/belton/
Benton,https://www.allmenus.com/mo/benton/
Berger,https://www.allmenus.com/mo/berger/
Berkeley,https://www.allmenus.com/mo/berkeley/
Bernie,https://www.allmenus.com/mo/bernie/
Bethany,https://www.allmenus.com/mo/bethany/
Bevier,https://www.allmenus.com/mo/bevier/
Billings,https://www.allmenus.com/mo/billings/
Bloomfield,https://www.allmenus.com/mo/bloomfield/
Bloomsdale,https://www.allmenus.com/mo/bloomsdale/
Blue Springs,https://www.allmenus.com/mo/blue-springs/
Bolivar,https://www.allmenus.com/mo/bolivar/
Bonne Terre,https://www.allmenus.com/mo/bonne-terre/
Boonville,https://www.allmenus.com/mo/boonville/
Bourbon,https://www.allmenus.com/mo/bourbon/
Bowling Green,https://www.allmenus.com/mo/bowling-green/
Branson,https://www.allmenus.com/mo/branson/
Brentwood,https://www.allmenus.com/mo/brentwood/
Bridgeton,https://www.allmenus.com/mo/bridgeton/
Brookfield,https://www.allmenus.com/mo/brookfield/
Brunswick,https://www.allmenus.com/mo/brunswick/
Buckner,https://www.allmenus.com/mo/buckner/
Buffalo,https://www.allmenus.com/mo/buffalo/
Bunker,https://www.allmenus.com/mo/bunker/
Butler,https://www.allmenus.com/mo/butler/
Cabool,https://www.allmenus.com/mo/cabool/
Calhoun,https://www.allmenus.com/mo/calhoun/
California,https://www.allmenus.com/mo/california/
Camdenton,https://www.allmenus.com/mo/camdenton/
Cameron,https://www.allmenus.com/mo/cameron/
Campbell,https://www.allmenus.com/mo/campbell/
Canton,https://www.allmenus.com/mo/canton/
Cape Girardeau,https://www.allmenus.com/mo/cape-girardeau/
Cardwell,https://www.allmenus.com/mo/cardwell/
Carl Junction,https://www.allmenus.com/mo/carl-junction/
Carrollton,https://www.allmenus.com/mo/carrollton/
Carterville,https://www.allmenus.com/mo/carterville/
Carthage,https://www.allmenus.com/mo/carthage/
Caruthersville,https://www.allmenus.com/mo/caruthersville/
Cassville,https://www.allmenus.com/mo/cassville/
Caulfield,https://www.allmenus.com/mo/caulfield/
Cedar Hill,https://www.allmenus.com/mo/cedar-hill/
Centralia,https://www.allmenus.com/mo/centralia/
Chaffee,https://www.allmenus.com/mo/chaffee/
Charleston,https://www.allmenus.com/mo/charleston/
Chesterfield,https://www.allmenus.com/mo/chesterfield/
Chillicothe,https://www.allmenus.com/mo/chillicothe/
Clarksville,https://www.allmenus.com/mo/clarksville/
Clayton,https://www.allmenus.com/mo/clayton/
Clearmont,https://www.allmenus.com/mo/clearmont/
Clever,https://www.allmenus.com/mo/clever/
Clinton,https://www.allmenus.com/mo/clinton/
Cole Camp,https://www.allmenus.com/mo/cole-camp/
Collins,https://www.allmenus.com/mo/collins/
Columbia,https://www.allmenus.com/mo/columbia/
Concordia,https://www.allmenus.com/mo/concordia/
Cottleville,https://www.allmenus.com/mo/cottleville/
Crane,https://www.allmenus.com/mo/crane/
Creve Coeur,https://www.allmenus.com/mo/creve-coeur/
Crystal City,https://www.allmenus.com/mo/crystal-city/
Cuba,https://www.allmenus.com/mo/cuba/
De Soto,https://www.allmenus.com/mo/de-soto/
Dearborn,https://www.allmenus.com/mo/dearborn/
Defiance,https://www.allmenus.com/mo/defiance/
Des Peres,https://www.allmenus.com/mo/des-peres/
Desloge,https://www.allmenus.com/mo/desloge/
Dexter,https://www.allmenus.com/mo/dexter/
Dixon,https://www.allmenus.com/mo/dixon/
Doniphan,https://www.allmenus.com/mo/doniphan/
Drexel,https://www.allmenus.com/mo/drexel/
Eagleville,https://www.allmenus.com/mo/eagleville/
East Prairie,https://www.allmenus.com/mo/east-prairie/
Edina,https://www.allmenus.com/mo/edina/
El Dorado Springs,https://www.allmenus.com/mo/el-dorado-springs/
Eldon,https://www.allmenus.com/mo/eldon/
Elsberry,https://www.allmenus.com/mo/elsberry/
Eminence,https://www.allmenus.com/mo/eminence/
Eugene,https://www.allmenus.com/mo/eugene/
Eureka,https://www.allmenus.com/mo/eureka/
Excelsior Springs,https://www.allmenus.com/mo/excelsior-springs/
Fair Grove,https://www.allmenus.com/mo/fair-grove/
Farmington,https://www.allmenus.com/mo/farmington/
Fayette,https://www.allmenus.com/mo/fayette/
Fenton,https://www.allmenus.com/mo/fenton/
Ferguson,https://www.allmenus.com/mo/ferguson/
Festus,https://www.allmenus.com/mo/festus/
Florissant,https://www.allmenus.com/mo/florissant/
Fordland,https://www.allmenus.com/mo/fordland/
Foristell,https://www.allmenus.com/mo/foristell/
Forsyth,https://www.allmenus.com/mo/forsyth/
Fort Leonard Wood,https://www.allmenus.com/mo/fort-leonard-wood/
Fredericktown,https://www.allmenus.com/mo/fredericktown/
Fulton,https://www.allmenus.com/mo/fulton/
Gainesville,https://www.allmenus.com/mo/gainesville/
Gallatin,https://www.allmenus.com/mo/gallatin/
Gerald,https://www.allmenus.com/mo/gerald/
Gideon,https://www.allmenus.com/mo/gideon/
Gladstone,https://www.allmenus.com/mo/gladstone/
Glasgow,https://www.allmenus.com/mo/glasgow/
Glencoe,https://www.allmenus.com/mo/glencoe/
Golden City,https://www.allmenus.com/mo/golden-city/
Goodman,https://www.allmenus.com/mo/goodman/
Gower,https://www.allmenus.com/mo/gower/
Grain Valley,https://www.allmenus.com/mo/grain-valley/
Grandview,https://www.allmenus.com/mo/grandview/
Gravois Mills,https://www.allmenus.com/mo/gravois-mills/
Green Ridge,https://www.allmenus.com/mo/green-ridge/
Greenfield,https://www.allmenus.com/mo/greenfield/
Greenwood,https://www.allmenus.com/mo/greenwood/
Grover,https://www.allmenus.com/mo/grover/
Hallsville,https://www.allmenus.com/mo/hallsville/
Hamilton,https://www.allmenus.com/mo/hamilton/
Hannibal,https://www.allmenus.com/mo/hannibal/
Harrisonville,https://www.allmenus.com/mo/harrisonville/
Hartsburg,https://www.allmenus.com/mo/hartsburg/
Hartville,https://www.allmenus.com/mo/hartville/
Hayti,https://www.allmenus.com/mo/hayti/
Hazelwood,https://www.allmenus.com/mo/hazelwood/
Herculaneum,https://www.allmenus.com/mo/herculaneum/
Hermann,https://www.allmenus.com/mo/hermann/
Higginsville,https://www.allmenus.com/mo/higginsville/
High Ridge,https://www.allmenus.com/mo/high-ridge/
Highlandville,https://www.allmenus.com/mo/highlandville/
Hillsboro,https://www.allmenus.com/mo/hillsboro/
Holden,https://www.allmenus.com/mo/holden/
Hollister,https://www.allmenus.com/mo/hollister/
Holts Summit,https://www.allmenus.com/mo/holts-summit/
House Springs,https://www.allmenus.com/mo/house-springs/
Houston,https://www.allmenus.com/mo/houston/
Huntsville,https://www.allmenus.com/mo/huntsville/
Imperial,https://www.allmenus.com/mo/imperial/
Independence,https://www.allmenus.com/mo/independence/
Ironton,https://www.allmenus.com/mo/ironton/
Jackson,https://www.allmenus.com/mo/jackson/
Jefferson City,https://www.allmenus.com/mo/jefferson-city/
Jennings,https://www.allmenus.com/mo/jennings/
Jerico Springs,https://www.allmenus.com/mo/jerico-springs/
Joplin,https://www.allmenus.com/mo/joplin/
Kahoka,https://www.allmenus.com/mo/kahoka/
Kansas City,https://www.allmenus.com/mo/kansas-city/
Kearney,https://www.allmenus.com/mo/kearney/
Kennett,https://www.allmenus.com/mo/kennett/
Keytesville,https://www.allmenus.com/mo/keytesville/
Kimberling City,https://www.allmenus.com/mo/kimberling-city/
King City,https://www.allmenus.com/mo/king-city/
Kingdom City,https://www.allmenus.com/mo/kingdom-city/
Kirksville,https://www.allmenus.com/mo/kirksville/
Knob Noster,https://www.allmenus.com/mo/knob-noster/
La Monte,https://www.allmenus.com/mo/la-monte/
Labadie,https://www.allmenus.com/mo/labadie/
Laddonia,https://www.allmenus.com/mo/laddonia/
Lake Ozark,https://www.allmenus.com/mo/lake-ozark/
Lamar,https://www.allmenus.com/mo/lamar/
Lathrop,https://www.allmenus.com/mo/lathrop/
Lawson,https://www.allmenus.com/mo/lawson/
Lebanon,https://www.allmenus.com/mo/lebanon/
Lees Summit,https://www.allmenus.com/mo/lees-summit/
Leeton,https://www.allmenus.com/mo/leeton/
Lexington,https://www.allmenus.com/mo/lexington/
Liberty,https://www.allmenus.com/mo/liberty/
Licking,https://www.allmenus.com/mo/licking/
Lilbourn,https://www.allmenus.com/mo/lilbourn/
Lincoln,https://www.allmenus.com/mo/lincoln/
Linn,https://www.allmenus.com/mo/linn/
Linn Creek,https://www.allmenus.com/mo/linn-creek/
Lohman,https://www.allmenus.com/mo/lohman/
Lone Jack,https://www.allmenus.com/mo/lone-jack/
Louisiana,https://www.allmenus.com/mo/louisiana/
Lowry City,https://www.allmenus.com/mo/lowry-city/
Macon,https://www.allmenus.com/mo/macon/
Malden,https://www.allmenus.com/mo/malden/
Manchester,https://www.allmenus.com/mo/manchester/
Mansfield,https://www.allmenus.com/mo/mansfield/
Maplewood,https://www.allmenus.com/mo/maplewood/
Marble Hill,https://www.allmenus.com/mo/marble-hill/
Marceline,https://www.allmenus.com/mo/marceline/
Marionville,https://www.allmenus.com/mo/marionville/
Marshall,https://www.allmenus.com/mo/marshall/
Marshfield,https://www.allmenus.com/mo/marshfield/
Maryland Heights,https://www.allmenus.com/mo/maryland-heights/
Maryville,https://www.allmenus.com/mo/maryville/
Matthews,https://www.allmenus.com/mo/matthews/
Maysville,https://www.allmenus.com/mo/maysville/
Memphis,https://www.allmenus.com/mo/memphis/
Mexico,https://www.allmenus.com/mo/mexico/
Milan,https://www.allmenus.com/mo/milan/
Miller,https://www.allmenus.com/mo/miller/
Moberly,https://www.allmenus.com/mo/moberly/
Monett,https://www.allmenus.com/mo/monett/
Monroe City,https://www.allmenus.com/mo/monroe-city/
Montgomery City,https://www.allmenus.com/mo/montgomery-city/
Montreal,https://www.allmenus.com/mo/montreal/
Montrose,https://www.allmenus.com/mo/montrose/
Moscow Mills,https://www.allmenus.com/mo/moscow-mills/
Mound City,https://www.allmenus.com/mo/mound-city/
Mount Vernon,https://www.allmenus.com/mo/mount-vernon/
Mountain Grove,https://www.allmenus.com/mo/mountain-grove/
Mountain View,https://www.allmenus.com/mo/mountain-view/
Myrtle,https://www.allmenus.com/mo/myrtle/
Neosho,https://www.allmenus.com/mo/neosho/
Nevada,https://www.allmenus.com/mo/nevada/
New Florence,https://www.allmenus.com/mo/new-florence/
New Haven,https://www.allmenus.com/mo/new-haven/
New London,https://www.allmenus.com/mo/new-london/
New Madrid,https://www.allmenus.com/mo/new-madrid/
Nixa,https://www.allmenus.com/mo/nixa/
Normandy,https://www.allmenus.com/mo/normandy/
North Kansas City,https://www.allmenus.com/mo/north-kansas-city/
Norwood,https://www.allmenus.com/mo/norwood/
O Fallon,https://www.allmenus.com/mo/o-fallon/
Oak Grove,https://www.allmenus.com/mo/oak-grove/
Oak Ridge,https://www.allmenus.com/mo/oak-ridge/
Odessa,https://www.allmenus.com/mo/odessa/
Olivette,https://www.allmenus.com/mo/olivette/
Oronogo,https://www.allmenus.com/mo/oronogo/
Osage Beach,https://www.allmenus.com/mo/osage-beach/
Osceola,https://www.allmenus.com/mo/osceola/
Owensville,https://www.allmenus.com/mo/owensville/
Ozark,https://www.allmenus.com/mo/ozark/
Pacific,https://www.allmenus.com/mo/pacific/
Palmyra,https://www.allmenus.com/mo/palmyra/
Paris,https://www.allmenus.com/mo/paris/
Park Hills,https://www.allmenus.com/mo/park-hills/
Parkville,https://www.allmenus.com/mo/parkville/
Parnell,https://www.allmenus.com/mo/parnell/
Peculiar,https://www.allmenus.com/mo/peculiar/
Perry,https://www.allmenus.com/mo/perry/
Perryville,https://www.allmenus.com/mo/perryville/
Pevely,https://www.allmenus.com/mo/pevely/
Piedmont,https://www.allmenus.com/mo/piedmont/
Pierce City,https://www.allmenus.com/mo/pierce-city/
Pilot Grove,https://www.allmenus.com/mo/pilot-grove/
Pineville,https://www.allmenus.com/mo/pineville/
Platte City,https://www.allmenus.com/mo/platte-city/
Plattsburg,https://www.allmenus.com/mo/plattsburg/
Pleasant Hill,https://www.allmenus.com/mo/pleasant-hill/
Polo,https://www.allmenus.com/mo/polo/
Poplar Bluff,https://www.allmenus.com/mo/poplar-bluff/
Portageville,https://www.allmenus.com/mo/portageville/
Potosi,https://www.allmenus.com/mo/potosi/
Princeton,https://www.allmenus.com/mo/princeton/
Purdy,https://www.allmenus.com/mo/purdy/
Raymore,https://www.allmenus.com/mo/raymore/
Raytown,https://www.allmenus.com/mo/raytown/
Rayville,https://www.allmenus.com/mo/rayville/
Reeds Spring,https://www.allmenus.com/mo/reeds-spring/
Republic,https://www.allmenus.com/mo/republic/
Rhineland,https://www.allmenus.com/mo/rhineland/
Richland,https://www.allmenus.com/mo/richland/
Richmond,https://www.allmenus.com/mo/richmond/
Richmond Heights,https://www.allmenus.com/mo/richmond-heights/
Ridgedale,https://www.allmenus.com/mo/ridgedale/
Riverside,https://www.allmenus.com/mo/riverside/
Rocheport,https://www.allmenus.com/mo/rocheport/
Rock Port,https://www.allmenus.com/mo/rock-port/
Rogersville,https://www.allmenus.com/mo/rogersville/
Rolla,https://www.allmenus.com/mo/rolla/
Saint Ann,https://www.allmenus.com/mo/saint-ann/
Saint Charles,https://www.allmenus.com/mo/saint-charles/
Saint Clair,https://www.allmenus.com/mo/saint-clair/
Saint James,https://www.allmenus.com/mo/saint-james/
Saint Joseph,https://www.allmenus.com/mo/saint-joseph/
Saint Louis,https://www.allmenus.com/mo/saint-louis/
Saint Peters,https://www.allmenus.com/mo/saint-peters/
Sainte Genevieve,https://www.allmenus.com/mo/sainte-genevieve/
Salem,https://www.allmenus.com/mo/salem/
Salisbury,https://www.allmenus.com/mo/salisbury/
Sappington,https://www.allmenus.com/mo/sappington/
Sarcoxie,https://www.allmenus.com/mo/sarcoxie/
Savannah,https://www.allmenus.com/mo/savannah/
Scott City,https://www.allmenus.com/mo/scott-city/
Sedalia,https://www.allmenus.com/mo/sedalia/
Senath,https://www.allmenus.com/mo/senath/
Seneca,https://www.allmenus.com/mo/seneca/
Seymour,https://www.allmenus.com/mo/seymour/
Shelbina,https://www.allmenus.com/mo/shelbina/
Shelbyville,https://www.allmenus.com/mo/shelbyville/
Shell Knob,https://www.allmenus.com/mo/shell-knob/
Sikeston,https://www.allmenus.com/mo/sikeston/
Silex,https://www.allmenus.com/mo/silex/
Smithville,https://www.allmenus.com/mo/smithville/
South West City,https://www.allmenus.com/mo/south-west-city/
Sparta,https://www.allmenus.com/mo/sparta/
Springfield,https://www.allmenus.com/mo/springfield/
Stanberry,https://www.allmenus.com/mo/stanberry/
Steele,https://www.allmenus.com/mo/steele/
Steelville,https://www.allmenus.com/mo/steelville/
Stockton,https://www.allmenus.com/mo/stockton/
Stover,https://www.allmenus.com/mo/stover/
Strafford,https://www.allmenus.com/mo/strafford/
Sturgeon,https://www.allmenus.com/mo/sturgeon/
Sugar Creek,https://www.allmenus.com/mo/sugar-creek/
Sullivan,https://www.allmenus.com/mo/sullivan/
Summersville,https://www.allmenus.com/mo/summersville/
Sunrise Beach,https://www.allmenus.com/mo/sunrise-beach/
Sweet Springs,https://www.allmenus.com/mo/sweet-springs/
Tarkio,https://www.allmenus.com/mo/tarkio/
Thayer,https://www.allmenus.com/mo/thayer/
Theodosia,https://www.allmenus.com/mo/theodosia/
Tipton,https://www.allmenus.com/mo/tipton/
Town And Country,https://www.allmenus.com/mo/town-and-country/
Trenton,https://www.allmenus.com/mo/trenton/
Troy,https://www.allmenus.com/mo/troy/
Tuscumbia,https://www.allmenus.com/mo/tuscumbia/
Union,https://www.allmenus.com/mo/union/
Union Star,https://www.allmenus.com/mo/union-star/
Unionville,https://www.allmenus.com/mo/unionville/
University City,https://www.allmenus.com/mo/university-city/
Urbana,https://www.allmenus.com/mo/urbana/
Urich,https://www.allmenus.com/mo/urich/
Valles Mines,https://www.allmenus.com/mo/valles-mines/
Valley Park,https://www.allmenus.com/mo/valley-park/
Van Buren,https://www.allmenus.com/mo/van-buren/
Vandalia,https://www.allmenus.com/mo/vandalia/
Versailles,https://www.allmenus.com/mo/versailles/
Vienna,https://www.allmenus.com/mo/vienna/
Villa Ridge,https://www.allmenus.com/mo/villa-ridge/
Wappapello,https://www.allmenus.com/mo/wappapello/
Warrensburg,https://www.allmenus.com/mo/warrensburg/
Warrenton,https://www.allmenus.com/mo/warrenton/
Warsaw,https://www.allmenus.com/mo/warsaw/
Washington,https://www.allmenus.com/mo/washington/
Waverly,https://www.allmenus.com/mo/waverly/
Wayland,https://www.allmenus.com/mo/wayland/
Waynesville,https://www.allmenus.com/mo/waynesville/
Weaubleau,https://www.allmenus.com/mo/weaubleau/
Webb City,https://www.allmenus.com/mo/webb-city/
Wellsville,https://www.allmenus.com/mo/wellsville/
Wentzville,https://www.allmenus.com/mo/wentzville/
West Alton,https://www.allmenus.com/mo/west-alton/
West Plains,https://www.allmenus.com/mo/west-plains/
Weston,https://www.allmenus.com/mo/weston/
Willard,https://www.allmenus.com/mo/willard/
Willow Springs,https://www.allmenus.com/mo/willow-springs/
Windsor,https://www.allmenus.com/mo/windsor/
Winfield,https://www.allmenus.com/mo/winfield/
Winona,https://www.allmenus.com/mo/winona/
Wright City,https://www.allmenus.com/mo/wright-city/
