City Name,City URL
Ainsworth,https://www.allmenus.com/ne/ainsworth/
Albion,https://www.allmenus.com/ne/albion/
Alliance,https://www.allmenus.com/ne/alliance/
Alma,https://www.allmenus.com/ne/alma/
Arapahoe,https://www.allmenus.com/ne/arapahoe/
Ashland,https://www.allmenus.com/ne/ashland/
Atkinson,https://www.allmenus.com/ne/atkinson/
Auburn,https://www.allmenus.com/ne/auburn/
Aurora,https://www.allmenus.com/ne/aurora/
Battle Creek,https://www.allmenus.com/ne/battle-creek/
Beatrice,https://www.allmenus.com/ne/beatrice/
Bellevue,https://www.allmenus.com/ne/bellevue/
Bennet,https://www.allmenus.com/ne/bennet/
Bennington,https://www.allmenus.com/ne/bennington/
Big Springs,https://www.allmenus.com/ne/big-springs/
Blair,https://www.allmenus.com/ne/blair/
Brady,https://www.allmenus.com/ne/brady/
Bridgeport,https://www.allmenus.com/ne/bridgeport/
Broken Bow,https://www.allmenus.com/ne/broken-bow/
Burwell,https://www.allmenus.com/ne/burwell/
Cambridge,https://www.allmenus.com/ne/cambridge/
Central City,https://www.allmenus.com/ne/central-city/
Chadron,https://www.allmenus.com/ne/chadron/
Columbus,https://www.allmenus.com/ne/columbus/
Cozad,https://www.allmenus.com/ne/cozad/
Crawford,https://www.allmenus.com/ne/crawford/
Creighton,https://www.allmenus.com/ne/creighton/
Crete,https://www.allmenus.com/ne/crete/
Crofton,https://www.allmenus.com/ne/crofton/
David City,https://www.allmenus.com/ne/david-city/
Decatur,https://www.allmenus.com/ne/decatur/
Eagle,https://www.allmenus.com/ne/eagle/
Elkhorn,https://www.allmenus.com/ne/elkhorn/
Elm Creek,https://www.allmenus.com/ne/elm-creek/
Eustis,https://www.allmenus.com/ne/eustis/
Fairbury,https://www.allmenus.com/ne/fairbury/
Falls City,https://www.allmenus.com/ne/falls-city/
Firth,https://www.allmenus.com/ne/firth/
Fremont,https://www.allmenus.com/ne/fremont/
Fullerton,https://www.allmenus.com/ne/fullerton/
Garland,https://www.allmenus.com/ne/garland/
Geneva,https://www.allmenus.com/ne/geneva/
Gering,https://www.allmenus.com/ne/gering/
Gordon,https://www.allmenus.com/ne/gordon/
Gothenburg,https://www.allmenus.com/ne/gothenburg/
Grand Island,https://www.allmenus.com/ne/grand-island/
Grant,https://www.allmenus.com/ne/grant/
Gretna,https://www.allmenus.com/ne/gretna/
Haigler,https://www.allmenus.com/ne/haigler/
Hartington,https://www.allmenus.com/ne/hartington/
Hastings,https://www.allmenus.com/ne/hastings/
Hay Springs,https://www.allmenus.com/ne/hay-springs/
Hebron,https://www.allmenus.com/ne/hebron/
Henderson,https://www.allmenus.com/ne/henderson/
Hickman,https://www.allmenus.com/ne/hickman/
Holdrege,https://www.allmenus.com/ne/holdrege/
Imperial,https://www.allmenus.com/ne/imperial/
Kearney,https://www.allmenus.com/ne/kearney/
Kenesaw,https://www.allmenus.com/ne/kenesaw/
Kimball,https://www.allmenus.com/ne/kimball/
Laurel,https://www.allmenus.com/ne/laurel/
Lexington,https://www.allmenus.com/ne/lexington/
Lincoln,https://www.allmenus.com/ne/lincoln/
Louisville,https://www.allmenus.com/ne/louisville/
Loup City,https://www.allmenus.com/ne/loup-city/
Madison,https://www.allmenus.com/ne/madison/
Mc Cook,https://www.allmenus.com/ne/mc-cook/
Milford,https://www.allmenus.com/ne/milford/
Milligan,https://www.allmenus.com/ne/milligan/
Minden,https://www.allmenus.com/ne/minden/
Mitchell,https://www.allmenus.com/ne/mitchell/
Morrill,https://www.allmenus.com/ne/morrill/
Nebraska City,https://www.allmenus.com/ne/nebraska-city/
Neligh,https://www.allmenus.com/ne/neligh/
Norfolk,https://www.allmenus.com/ne/norfolk/
North Bend,https://www.allmenus.com/ne/north-bend/
North Platte,https://www.allmenus.com/ne/north-platte/
Ogallala,https://www.allmenus.com/ne/ogallala/
Omaha,https://www.allmenus.com/ne/omaha/
Oneill,https://www.allmenus.com/ne/oneill/
Ord,https://www.allmenus.com/ne/ord/
Osceola,https://www.allmenus.com/ne/osceola/
Palmyra,https://www.allmenus.com/ne/palmyra/
Papillion,https://www.allmenus.com/ne/papillion/
Paxton,https://www.allmenus.com/ne/paxton/
Pender,https://www.allmenus.com/ne/pender/
Pierce,https://www.allmenus.com/ne/pierce/
Plainview,https://www.allmenus.com/ne/plainview/
Plattsmouth,https://www.allmenus.com/ne/plattsmouth/
Ralston,https://www.allmenus.com/ne/ralston/
Ravenna,https://www.allmenus.com/ne/ravenna/
Raymond,https://www.allmenus.com/ne/raymond/
Red Cloud,https://www.allmenus.com/ne/red-cloud/
Roca,https://www.allmenus.com/ne/roca/
Saint Paul,https://www.allmenus.com/ne/saint-paul/
Schuyler,https://www.allmenus.com/ne/schuyler/
Scottsbluff,https://www.allmenus.com/ne/scottsbluff/
Scribner,https://www.allmenus.com/ne/scribner/
Seward,https://www.allmenus.com/ne/seward/
Shelton,https://www.allmenus.com/ne/shelton/
Sidney,https://www.allmenus.com/ne/sidney/
South Sioux City,https://www.allmenus.com/ne/south-sioux-city/
Springfield,https://www.allmenus.com/ne/springfield/
Stanton,https://www.allmenus.com/ne/stanton/
Stromsburg,https://www.allmenus.com/ne/stromsburg/
Superior,https://www.allmenus.com/ne/superior/
Sutherland,https://www.allmenus.com/ne/sutherland/
Sutton,https://www.allmenus.com/ne/sutton/
Syracuse,https://www.allmenus.com/ne/syracuse/
Table Rock,https://www.allmenus.com/ne/table-rock/
Tecumseh,https://www.allmenus.com/ne/tecumseh/
Tekamah,https://www.allmenus.com/ne/tekamah/
Upland,https://www.allmenus.com/ne/upland/
Valentine,https://www.allmenus.com/ne/valentine/
Valley,https://www.allmenus.com/ne/valley/
Valparaiso,https://www.allmenus.com/ne/valparaiso/
Wahoo,https://www.allmenus.com/ne/wahoo/
Wakefield,https://www.allmenus.com/ne/wakefield/
Waterloo,https://www.allmenus.com/ne/waterloo/
Waverly,https://www.allmenus.com/ne/waverly/
Wayne,https://www.allmenus.com/ne/wayne/
West Point,https://www.allmenus.com/ne/west-point/
Wilber,https://www.allmenus.com/ne/wilber/
Wisner,https://www.allmenus.com/ne/wisner/
Wood River,https://www.allmenus.com/ne/wood-river/
Wymore,https://www.allmenus.com/ne/wymore/
York,https://www.allmenus.com/ne/york/
