City Name,City URL
Alamo,https://www.allmenus.com/nv/alamo/
Battle Mountain,https://www.allmenus.com/nv/battle-mountain/
Boulder City,https://www.allmenus.com/nv/boulder-city/
Carlin,https://www.allmenus.com/nv/carlin/
Carson City,https://www.allmenus.com/nv/carson-city/
Dayton,https://www.allmenus.com/nv/dayton/
Elko,https://www.allmenus.com/nv/elko/
Ely,https://www.allmenus.com/nv/ely/
Fallon,https://www.allmenus.com/nv/fallon/
Fernley,https://www.allmenus.com/nv/fernley/
Gardnerville,https://www.allmenus.com/nv/gardnerville/
Hawthorne,https://www.allmenus.com/nv/hawthorne/
Henderson,https://www.allmenus.com/nv/henderson/
Incline Village,https://www.allmenus.com/nv/incline-village/
Indian Springs,https://www.allmenus.com/nv/indian-springs/
Jean,https://www.allmenus.com/nv/jean/
Las Vegas,https://www.allmenus.com/nv/las-vegas/
Laughlin,https://www.allmenus.com/nv/laughlin/
Lovelock,https://www.allmenus.com/nv/lovelock/
Mesquite,https://www.allmenus.com/nv/mesquite/
Minden,https://www.allmenus.com/nv/minden/
North Las Vegas,https://www.allmenus.com/nv/north-las-vegas/
Pahrump,https://www.allmenus.com/nv/pahrump/
Reno,https://www.allmenus.com/nv/reno/
Silver Springs,https://www.allmenus.com/nv/silver-springs/
Sparks,https://www.allmenus.com/nv/sparks/
Spring Creek,https://www.allmenus.com/nv/spring-creek/
Sun Valley,https://www.allmenus.com/nv/sun-valley/
Tonopah,https://www.allmenus.com/nv/tonopah/
Wells,https://www.allmenus.com/nv/wells/
Winnemucca,https://www.allmenus.com/nv/winnemucca/
Yerington,https://www.allmenus.com/nv/yerington/
