City Name,City URL
Accord,https://www.allmenus.com/ny/accord/
Acra,https://www.allmenus.com/ny/acra/
Adams,https://www.allmenus.com/ny/adams/
Adams Center,https://www.allmenus.com/ny/adams-center/
Addison,https://www.allmenus.com/ny/addison/
Akron,https://www.allmenus.com/ny/akron/
Albany,https://www.allmenus.com/ny/albany/
Albertson,https://www.allmenus.com/ny/albertson/
Albion,https://www.allmenus.com/ny/albion/
Alden,https://www.allmenus.com/ny/alden/
Alexandria Bay,https://www.allmenus.com/ny/alexandria-bay/
Alfred,https://www.allmenus.com/ny/alfred/
Alfred Station,https://www.allmenus.com/ny/alfred-station/
Allegany,https://www.allmenus.com/ny/allegany/
Altamont,https://www.allmenus.com/ny/altamont/
Amenia,https://www.allmenus.com/ny/amenia/
Amherst,https://www.allmenus.com/ny/amherst/
Amityville,https://www.allmenus.com/ny/amityville/
Amsterdam,https://www.allmenus.com/ny/amsterdam/
Ancram,https://www.allmenus.com/ny/ancram/
Angelica,https://www.allmenus.com/ny/angelica/
Angola,https://www.allmenus.com/ny/angola/
Apalachin,https://www.allmenus.com/ny/apalachin/
Arcade,https://www.allmenus.com/ny/arcade/
Ardsley,https://www.allmenus.com/ny/ardsley/
Arlington,https://www.allmenus.com/ny/arlington/
Armonk,https://www.allmenus.com/ny/armonk/
Atlantic Beach,https://www.allmenus.com/ny/atlantic-beach/
Attica,https://www.allmenus.com/ny/attica/
Auburn,https://www.allmenus.com/ny/auburn/
Aurora,https://www.allmenus.com/ny/aurora/
Averill Park,https://www.allmenus.com/ny/averill-park/
Avon,https://www.allmenus.com/ny/avon/
Babylon,https://www.allmenus.com/ny/babylon/
Bainbridge,https://www.allmenus.com/ny/bainbridge/
Baldwin,https://www.allmenus.com/ny/baldwin/
Baldwin Place,https://www.allmenus.com/ny/baldwin-place/
Baldwinsville,https://www.allmenus.com/ny/baldwinsville/
Ballston Spa,https://www.allmenus.com/ny/ballston-spa/
Bardonia,https://www.allmenus.com/ny/bardonia/
Barneveld,https://www.allmenus.com/ny/barneveld/
Barryville,https://www.allmenus.com/ny/barryville/
Batavia,https://www.allmenus.com/ny/batavia/
Bath,https://www.allmenus.com/ny/bath/
Bay Shore,https://www.allmenus.com/ny/bay-shore/
Bayport,https://www.allmenus.com/ny/bayport/
Bayville,https://www.allmenus.com/ny/bayville/
Beacon,https://www.allmenus.com/ny/beacon/
Bedford,https://www.allmenus.com/ny/bedford/
Bedford Hills,https://www.allmenus.com/ny/bedford-hills/
Bellmore,https://www.allmenus.com/ny/bellmore/
Bellport,https://www.allmenus.com/ny/bellport/
Bergen,https://www.allmenus.com/ny/bergen/
Bethel,https://www.allmenus.com/ny/bethel/
Bethpage,https://www.allmenus.com/ny/bethpage/
Big Flats,https://www.allmenus.com/ny/big-flats/
Binghamton,https://www.allmenus.com/ny/binghamton/
Black River,https://www.allmenus.com/ny/black-river/
Blasdell,https://www.allmenus.com/ny/blasdell/
Blauvelt,https://www.allmenus.com/ny/blauvelt/
Bloomfield,https://www.allmenus.com/ny/bloomfield/
Bloomingburg,https://www.allmenus.com/ny/bloomingburg/
Blue Point,https://www.allmenus.com/ny/blue-point/
Bohemia,https://www.allmenus.com/ny/bohemia/
Boiceville,https://www.allmenus.com/ny/boiceville/
Bolton Landing,https://www.allmenus.com/ny/bolton-landing/
Boonville,https://www.allmenus.com/ny/boonville/
Boston,https://www.allmenus.com/ny/boston/
Bouckville,https://www.allmenus.com/ny/bouckville/
Brentwood,https://www.allmenus.com/ny/brentwood/
Brewerton,https://www.allmenus.com/ny/brewerton/
Brewster,https://www.allmenus.com/ny/brewster/
Briarcliff Manor,https://www.allmenus.com/ny/briarcliff-manor/
Bridgeport,https://www.allmenus.com/ny/bridgeport/
Brightwaters,https://www.allmenus.com/ny/brightwaters/
Broadalbin,https://www.allmenus.com/ny/broadalbin/
Brockport,https://www.allmenus.com/ny/brockport/
Bronx,https://www.allmenus.com/ny/bronx/
Bronxville,https://www.allmenus.com/ny/bronxville/
Brookhaven,https://www.allmenus.com/ny/brookhaven/
Brooklyn,https://www.allmenus.com/ny/brooklyn/
Buchanan,https://www.allmenus.com/ny/buchanan/
Buffalo,https://www.allmenus.com/ny/buffalo/
Burnt Hills,https://www.allmenus.com/ny/burnt-hills/
Byron,https://www.allmenus.com/ny/byron/
Cadyville,https://www.allmenus.com/ny/cadyville/
Cairo,https://www.allmenus.com/ny/cairo/
Caledonia,https://www.allmenus.com/ny/caledonia/
Callicoon,https://www.allmenus.com/ny/callicoon/
Calverton,https://www.allmenus.com/ny/calverton/
Cambridge,https://www.allmenus.com/ny/cambridge/
Camden,https://www.allmenus.com/ny/camden/
Camillus,https://www.allmenus.com/ny/camillus/
Campbell,https://www.allmenus.com/ny/campbell/
Campbell Hall,https://www.allmenus.com/ny/campbell-hall/
Canaan,https://www.allmenus.com/ny/canaan/
Canandaigua,https://www.allmenus.com/ny/canandaigua/
Canastota,https://www.allmenus.com/ny/canastota/
Canisteo,https://www.allmenus.com/ny/canisteo/
Canton,https://www.allmenus.com/ny/canton/
Cape Vincent,https://www.allmenus.com/ny/cape-vincent/
Carle Place,https://www.allmenus.com/ny/carle-place/
Carmel,https://www.allmenus.com/ny/carmel/
Carthage,https://www.allmenus.com/ny/carthage/
Castle Creek,https://www.allmenus.com/ny/castle-creek/
Castleton On Hudson,https://www.allmenus.com/ny/castleton-on-hudson/
Cato,https://www.allmenus.com/ny/cato/
Catskill,https://www.allmenus.com/ny/catskill/
Cayuta,https://www.allmenus.com/ny/cayuta/
Cazenovia,https://www.allmenus.com/ny/cazenovia/
Cedarhurst,https://www.allmenus.com/ny/cedarhurst/
Center Moriches,https://www.allmenus.com/ny/center-moriches/
Centereach,https://www.allmenus.com/ny/centereach/
Centerport,https://www.allmenus.com/ny/centerport/
Central Islip,https://www.allmenus.com/ny/central-islip/
Central Square,https://www.allmenus.com/ny/central-square/
Central Valley,https://www.allmenus.com/ny/central-valley/
Champlain,https://www.allmenus.com/ny/champlain/
Chappaqua,https://www.allmenus.com/ny/chappaqua/
Chateaugay,https://www.allmenus.com/ny/chateaugay/
Chatham,https://www.allmenus.com/ny/chatham/
Chaumont,https://www.allmenus.com/ny/chaumont/
Cheektowaga,https://www.allmenus.com/ny/cheektowaga/
Chester,https://www.allmenus.com/ny/chester/
Chestertown,https://www.allmenus.com/ny/chestertown/
Chittenango,https://www.allmenus.com/ny/chittenango/
Churchville,https://www.allmenus.com/ny/churchville/
Cincinnatus,https://www.allmenus.com/ny/cincinnatus/
Circleville,https://www.allmenus.com/ny/circleville/
Clarence,https://www.allmenus.com/ny/clarence/
Clarksville,https://www.allmenus.com/ny/clarksville/
Claverack,https://www.allmenus.com/ny/claverack/
Clay,https://www.allmenus.com/ny/clay/
Clayton,https://www.allmenus.com/ny/clayton/
Clifton Park,https://www.allmenus.com/ny/clifton-park/
Clifton Springs,https://www.allmenus.com/ny/clifton-springs/
Climax,https://www.allmenus.com/ny/climax/
Clinton,https://www.allmenus.com/ny/clinton/
Clinton Corners,https://www.allmenus.com/ny/clinton-corners/
Clymer,https://www.allmenus.com/ny/clymer/
Cobleskill,https://www.allmenus.com/ny/cobleskill/
Cohoes,https://www.allmenus.com/ny/cohoes/
Cold Brook,https://www.allmenus.com/ny/cold-brook/
Cold Spring,https://www.allmenus.com/ny/cold-spring/
Cold Spring Harbor,https://www.allmenus.com/ny/cold-spring-harbor/
Commack,https://www.allmenus.com/ny/commack/
Congers,https://www.allmenus.com/ny/congers/
Conklin,https://www.allmenus.com/ny/conklin/
Cooperstown,https://www.allmenus.com/ny/cooperstown/
Copiague,https://www.allmenus.com/ny/copiague/
Coram,https://www.allmenus.com/ny/coram/
Corfu,https://www.allmenus.com/ny/corfu/
Corinth,https://www.allmenus.com/ny/corinth/
Corning,https://www.allmenus.com/ny/corning/
Cornwall,https://www.allmenus.com/ny/cornwall/
Cornwall On Hudson,https://www.allmenus.com/ny/cornwall-on-hudson/
Cortland,https://www.allmenus.com/ny/cortland/
Coxsackie,https://www.allmenus.com/ny/coxsackie/
Craryville,https://www.allmenus.com/ny/craryville/
Cropseyville,https://www.allmenus.com/ny/cropseyville/
Cross River,https://www.allmenus.com/ny/cross-river/
Croton On Hudson,https://www.allmenus.com/ny/croton-on-hudson/
Crown Point,https://www.allmenus.com/ny/crown-point/
Cuba,https://www.allmenus.com/ny/cuba/
Cutchogue,https://www.allmenus.com/ny/cutchogue/
Dalton,https://www.allmenus.com/ny/dalton/
Dansville,https://www.allmenus.com/ny/dansville/
Darien Center,https://www.allmenus.com/ny/darien-center/
De Witt,https://www.allmenus.com/ny/de-witt/
Deer Park,https://www.allmenus.com/ny/deer-park/
Delhi,https://www.allmenus.com/ny/delhi/
Delmar,https://www.allmenus.com/ny/delmar/
Depew,https://www.allmenus.com/ny/depew/
Deposit,https://www.allmenus.com/ny/deposit/
Derby,https://www.allmenus.com/ny/derby/
Dexter,https://www.allmenus.com/ny/dexter/
Dobbs Ferry,https://www.allmenus.com/ny/dobbs-ferry/
Dover Plains,https://www.allmenus.com/ny/dover-plains/
Dryden,https://www.allmenus.com/ny/dryden/
Duanesburg,https://www.allmenus.com/ny/duanesburg/
Dunkirk,https://www.allmenus.com/ny/dunkirk/
Durhamville,https://www.allmenus.com/ny/durhamville/
Eagle Bay,https://www.allmenus.com/ny/eagle-bay/
East Amherst,https://www.allmenus.com/ny/east-amherst/
East Aurora,https://www.allmenus.com/ny/east-aurora/
East Greenbush,https://www.allmenus.com/ny/east-greenbush/
East Hampton,https://www.allmenus.com/ny/east-hampton/
East Islip,https://www.allmenus.com/ny/east-islip/
East Meadow,https://www.allmenus.com/ny/east-meadow/
East Moriches,https://www.allmenus.com/ny/east-moriches/
East Northport,https://www.allmenus.com/ny/east-northport/
East Norwich,https://www.allmenus.com/ny/east-norwich/
East Quogue,https://www.allmenus.com/ny/east-quogue/
East Rochester,https://www.allmenus.com/ny/east-rochester/
East Rockaway,https://www.allmenus.com/ny/east-rockaway/
East Setauket,https://www.allmenus.com/ny/east-setauket/
East Syracuse,https://www.allmenus.com/ny/east-syracuse/
Eastchester,https://www.allmenus.com/ny/eastchester/
Eastport,https://www.allmenus.com/ny/eastport/
Eden,https://www.allmenus.com/ny/eden/
Edwards,https://www.allmenus.com/ny/edwards/
Elbridge,https://www.allmenus.com/ny/elbridge/
Eldred,https://www.allmenus.com/ny/eldred/
Ellenville,https://www.allmenus.com/ny/ellenville/
Ellicottville,https://www.allmenus.com/ny/ellicottville/
Elma,https://www.allmenus.com/ny/elma/
Elmira,https://www.allmenus.com/ny/elmira/
Elmira Heights,https://www.allmenus.com/ny/elmira-heights/
Elmont,https://www.allmenus.com/ny/elmont/
Elmsford,https://www.allmenus.com/ny/elmsford/
Endicott,https://www.allmenus.com/ny/endicott/
Endwell,https://www.allmenus.com/ny/endwell/
Evans Mills,https://www.allmenus.com/ny/evans-mills/
Fairport,https://www.allmenus.com/ny/fairport/
Falconer,https://www.allmenus.com/ny/falconer/
Far Rockaway,https://www.allmenus.com/ny/far-rockaway/
Farmingdale,https://www.allmenus.com/ny/farmingdale/
Farmington,https://www.allmenus.com/ny/farmington/
Farmingville,https://www.allmenus.com/ny/farmingville/
Fayetteville,https://www.allmenus.com/ny/fayetteville/
Feura Bush,https://www.allmenus.com/ny/feura-bush/
Fishkill,https://www.allmenus.com/ny/fishkill/
Floral Park,https://www.allmenus.com/ny/floral-park/
Florida,https://www.allmenus.com/ny/florida/
Flushing,https://www.allmenus.com/ny/flushing/
Fonda,https://www.allmenus.com/ny/fonda/
Forestport,https://www.allmenus.com/ny/forestport/
Fort Ann,https://www.allmenus.com/ny/fort-ann/
Fort Drum,https://www.allmenus.com/ny/fort-drum/
Fort Edward,https://www.allmenus.com/ny/fort-edward/
Fort Plain,https://www.allmenus.com/ny/fort-plain/
Frankfort,https://www.allmenus.com/ny/frankfort/
Franklin Square,https://www.allmenus.com/ny/franklin-square/
Fredonia,https://www.allmenus.com/ny/fredonia/
Freeport,https://www.allmenus.com/ny/freeport/
Freeville,https://www.allmenus.com/ny/freeville/
Friendship,https://www.allmenus.com/ny/friendship/
Fulton,https://www.allmenus.com/ny/fulton/
Fultonville,https://www.allmenus.com/ny/fultonville/
Galway,https://www.allmenus.com/ny/galway/
Gansevoort,https://www.allmenus.com/ny/gansevoort/
Garden City,https://www.allmenus.com/ny/garden-city/
Gardiner,https://www.allmenus.com/ny/gardiner/
Garnerville,https://www.allmenus.com/ny/garnerville/
Garrison,https://www.allmenus.com/ny/garrison/
Geneseo,https://www.allmenus.com/ny/geneseo/
Geneva,https://www.allmenus.com/ny/geneva/
Germantown,https://www.allmenus.com/ny/germantown/
Getzville,https://www.allmenus.com/ny/getzville/
Glen Cove,https://www.allmenus.com/ny/glen-cove/
Glen Head,https://www.allmenus.com/ny/glen-head/
Glen Oaks,https://www.allmenus.com/ny/glen-oaks/
Glenmont,https://www.allmenus.com/ny/glenmont/
Glens Falls,https://www.allmenus.com/ny/glens-falls/
Glenville,https://www.allmenus.com/ny/glenville/
Gloversville,https://www.allmenus.com/ny/gloversville/
Goldens Bridge,https://www.allmenus.com/ny/goldens-bridge/
Goshen,https://www.allmenus.com/ny/goshen/
Gouverneur,https://www.allmenus.com/ny/gouverneur/
Gowanda,https://www.allmenus.com/ny/gowanda/
Grand Gorge,https://www.allmenus.com/ny/grand-gorge/
Grand Island,https://www.allmenus.com/ny/grand-island/
Granite Springs,https://www.allmenus.com/ny/granite-springs/
Granville,https://www.allmenus.com/ny/granville/
Great Neck,https://www.allmenus.com/ny/great-neck/
Greece,https://www.allmenus.com/ny/greece/
Green Island,https://www.allmenus.com/ny/green-island/
Greene,https://www.allmenus.com/ny/greene/
Greenlawn,https://www.allmenus.com/ny/greenlawn/
Greenport,https://www.allmenus.com/ny/greenport/
Greenvale,https://www.allmenus.com/ny/greenvale/
Greenville,https://www.allmenus.com/ny/greenville/
Greenwich,https://www.allmenus.com/ny/greenwich/
Greenwood Lake,https://www.allmenus.com/ny/greenwood-lake/
Groton,https://www.allmenus.com/ny/groton/
Guilderland,https://www.allmenus.com/ny/guilderland/
Halesite,https://www.allmenus.com/ny/halesite/
Halfmoon,https://www.allmenus.com/ny/halfmoon/
Hamburg,https://www.allmenus.com/ny/hamburg/
Hamilton,https://www.allmenus.com/ny/hamilton/
Hamlin,https://www.allmenus.com/ny/hamlin/
Hammondsport,https://www.allmenus.com/ny/hammondsport/
Hampton Bays,https://www.allmenus.com/ny/hampton-bays/
Hancock,https://www.allmenus.com/ny/hancock/
Hannacroix,https://www.allmenus.com/ny/hannacroix/
Harpursville,https://www.allmenus.com/ny/harpursville/
Harriman,https://www.allmenus.com/ny/harriman/
Harrison,https://www.allmenus.com/ny/harrison/
Hartsdale,https://www.allmenus.com/ny/hartsdale/
Hartwick,https://www.allmenus.com/ny/hartwick/
Hastings On Hudson,https://www.allmenus.com/ny/hastings-on-hudson/
Hauppauge,https://www.allmenus.com/ny/hauppauge/
Haverstraw,https://www.allmenus.com/ny/haverstraw/
Hawthorne,https://www.allmenus.com/ny/hawthorne/
Hector,https://www.allmenus.com/ny/hector/
Hempstead,https://www.allmenus.com/ny/hempstead/
Henderson,https://www.allmenus.com/ny/henderson/
Henrietta,https://www.allmenus.com/ny/henrietta/
Hensonville,https://www.allmenus.com/ny/hensonville/
Herkimer,https://www.allmenus.com/ny/herkimer/
Hewlett,https://www.allmenus.com/ny/hewlett/
Hicksville,https://www.allmenus.com/ny/hicksville/
High Falls,https://www.allmenus.com/ny/high-falls/
Highland,https://www.allmenus.com/ny/highland/
Highland Falls,https://www.allmenus.com/ny/highland-falls/
Highland Mills,https://www.allmenus.com/ny/highland-mills/
Hillburn,https://www.allmenus.com/ny/hillburn/
Hillsdale,https://www.allmenus.com/ny/hillsdale/
Hilton,https://www.allmenus.com/ny/hilton/
Hobart,https://www.allmenus.com/ny/hobart/
Hogansburg,https://www.allmenus.com/ny/hogansburg/
Holbrook,https://www.allmenus.com/ny/holbrook/
Holley,https://www.allmenus.com/ny/holley/
Holmes,https://www.allmenus.com/ny/holmes/
Holtsville,https://www.allmenus.com/ny/holtsville/
Homer,https://www.allmenus.com/ny/homer/
Honeoye,https://www.allmenus.com/ny/honeoye/
Honeoye Falls,https://www.allmenus.com/ny/honeoye-falls/
Hoosick Falls,https://www.allmenus.com/ny/hoosick-falls/
Hopewell Junction,https://www.allmenus.com/ny/hopewell-junction/
Hornell,https://www.allmenus.com/ny/hornell/
Horseheads,https://www.allmenus.com/ny/horseheads/
Houghton,https://www.allmenus.com/ny/houghton/
Hudson,https://www.allmenus.com/ny/hudson/
Hudson Falls,https://www.allmenus.com/ny/hudson-falls/
Hunter,https://www.allmenus.com/ny/hunter/
Huntington,https://www.allmenus.com/ny/huntington/
Huntington Station,https://www.allmenus.com/ny/huntington-station/
Hurleyville,https://www.allmenus.com/ny/hurleyville/
Hyde Park,https://www.allmenus.com/ny/hyde-park/
Ilion,https://www.allmenus.com/ny/ilion/
Indian Lake,https://www.allmenus.com/ny/indian-lake/
Inlet,https://www.allmenus.com/ny/inlet/
Interlaken,https://www.allmenus.com/ny/interlaken/
Inwood,https://www.allmenus.com/ny/inwood/
Irving,https://www.allmenus.com/ny/irving/
Irvington,https://www.allmenus.com/ny/irvington/
Island Park,https://www.allmenus.com/ny/island-park/
Islip,https://www.allmenus.com/ny/islip/
Islip Terrace,https://www.allmenus.com/ny/islip-terrace/
Ithaca,https://www.allmenus.com/ny/ithaca/
Jamaica,https://www.allmenus.com/ny/jamaica/
Jamestown,https://www.allmenus.com/ny/jamestown/
Jamesville,https://www.allmenus.com/ny/jamesville/
Java Center,https://www.allmenus.com/ny/java-center/
Jefferson Valley,https://www.allmenus.com/ny/jefferson-valley/
Jericho,https://www.allmenus.com/ny/jericho/
Johnson City,https://www.allmenus.com/ny/johnson-city/
Johnstown,https://www.allmenus.com/ny/johnstown/
Katonah,https://www.allmenus.com/ny/katonah/
Keene Valley,https://www.allmenus.com/ny/keene-valley/
Kenmore,https://www.allmenus.com/ny/kenmore/
Kerhonkson,https://www.allmenus.com/ny/kerhonkson/
Keuka Park,https://www.allmenus.com/ny/keuka-park/
Kinderhook,https://www.allmenus.com/ny/kinderhook/
Kings Park,https://www.allmenus.com/ny/kings-park/
Kingston,https://www.allmenus.com/ny/kingston/
Kirkwood,https://www.allmenus.com/ny/kirkwood/
La Fayette,https://www.allmenus.com/ny/la-fayette/
Lackawanna,https://www.allmenus.com/ny/lackawanna/
Lagrangeville,https://www.allmenus.com/ny/lagrangeville/
Lake Clear,https://www.allmenus.com/ny/lake-clear/
Lake George,https://www.allmenus.com/ny/lake-george/
Lake Grove,https://www.allmenus.com/ny/lake-grove/
Lake Huntington,https://www.allmenus.com/ny/lake-huntington/
Lake Katrine,https://www.allmenus.com/ny/lake-katrine/
Lake Luzerne,https://www.allmenus.com/ny/lake-luzerne/
Lake Placid,https://www.allmenus.com/ny/lake-placid/
Lake Ronkonkoma,https://www.allmenus.com/ny/lake-ronkonkoma/
Lake View,https://www.allmenus.com/ny/lake-view/
Lakeville,https://www.allmenus.com/ny/lakeville/
Lakewood,https://www.allmenus.com/ny/lakewood/
Lancaster,https://www.allmenus.com/ny/lancaster/
Lansing,https://www.allmenus.com/ny/lansing/
Larchmont,https://www.allmenus.com/ny/larchmont/
Latham,https://www.allmenus.com/ny/latham/
Laurel,https://www.allmenus.com/ny/laurel/
Lawrence,https://www.allmenus.com/ny/lawrence/
Le Roy,https://www.allmenus.com/ny/le-roy/
Levittown,https://www.allmenus.com/ny/levittown/
Lewiston,https://www.allmenus.com/ny/lewiston/
Liberty,https://www.allmenus.com/ny/liberty/
Lima,https://www.allmenus.com/ny/lima/
Limestone,https://www.allmenus.com/ny/limestone/
Lindenhurst,https://www.allmenus.com/ny/lindenhurst/
Lindley,https://www.allmenus.com/ny/lindley/
Little Falls,https://www.allmenus.com/ny/little-falls/
Liverpool,https://www.allmenus.com/ny/liverpool/
Lockport,https://www.allmenus.com/ny/lockport/
Locust Valley,https://www.allmenus.com/ny/locust-valley/
Lodi,https://www.allmenus.com/ny/lodi/
Long Beach,https://www.allmenus.com/ny/long-beach/
Long Island City,https://www.allmenus.com/ny/long-island-city/
Loudonville,https://www.allmenus.com/ny/loudonville/
Lowville,https://www.allmenus.com/ny/lowville/
Lynbrook,https://www.allmenus.com/ny/lynbrook/
Lyndonville,https://www.allmenus.com/ny/lyndonville/
Lyons,https://www.allmenus.com/ny/lyons/
Macedon,https://www.allmenus.com/ny/macedon/
Madison,https://www.allmenus.com/ny/madison/
Madrid,https://www.allmenus.com/ny/madrid/
Mahopac,https://www.allmenus.com/ny/mahopac/
Malone,https://www.allmenus.com/ny/malone/
Malverne,https://www.allmenus.com/ny/malverne/
Mamaroneck,https://www.allmenus.com/ny/mamaroneck/
Manchester,https://www.allmenus.com/ny/manchester/
Manhasset,https://www.allmenus.com/ny/manhasset/
Manlius,https://www.allmenus.com/ny/manlius/
Manorville,https://www.allmenus.com/ny/manorville/
Marathon,https://www.allmenus.com/ny/marathon/
Marcellus,https://www.allmenus.com/ny/marcellus/
Marcy,https://www.allmenus.com/ny/marcy/
Margaretville,https://www.allmenus.com/ny/margaretville/
Marlboro,https://www.allmenus.com/ny/marlboro/
Massapequa,https://www.allmenus.com/ny/massapequa/
Massapequa Park,https://www.allmenus.com/ny/massapequa-park/
Massena,https://www.allmenus.com/ny/massena/
Mastic,https://www.allmenus.com/ny/mastic/
Mastic Beach,https://www.allmenus.com/ny/mastic-beach/
Mattituck,https://www.allmenus.com/ny/mattituck/
Mattydale,https://www.allmenus.com/ny/mattydale/
Maybrook,https://www.allmenus.com/ny/maybrook/
Mayfield,https://www.allmenus.com/ny/mayfield/
Mayville,https://www.allmenus.com/ny/mayville/
Mc Graw,https://www.allmenus.com/ny/mc-graw/
Mechanicville,https://www.allmenus.com/ny/mechanicville/
Medford,https://www.allmenus.com/ny/medford/
Medina,https://www.allmenus.com/ny/medina/
Melville,https://www.allmenus.com/ny/melville/
Mendon,https://www.allmenus.com/ny/mendon/
Merrick,https://www.allmenus.com/ny/merrick/
Mexico,https://www.allmenus.com/ny/mexico/
Middle Island,https://www.allmenus.com/ny/middle-island/
Middleburgh,https://www.allmenus.com/ny/middleburgh/
Middletown,https://www.allmenus.com/ny/middletown/
Milford,https://www.allmenus.com/ny/milford/
Mill Neck,https://www.allmenus.com/ny/mill-neck/
Millbrook,https://www.allmenus.com/ny/millbrook/
Miller Place,https://www.allmenus.com/ny/miller-place/
Millerton,https://www.allmenus.com/ny/millerton/
Millwood,https://www.allmenus.com/ny/millwood/
Milton,https://www.allmenus.com/ny/milton/
Mineola,https://www.allmenus.com/ny/mineola/
Minoa,https://www.allmenus.com/ny/minoa/
Modena,https://www.allmenus.com/ny/modena/
Mohawk,https://www.allmenus.com/ny/mohawk/
Mohegan Lake,https://www.allmenus.com/ny/mohegan-lake/
Monroe,https://www.allmenus.com/ny/monroe/
Monsey,https://www.allmenus.com/ny/monsey/
Montauk,https://www.allmenus.com/ny/montauk/
Montgomery,https://www.allmenus.com/ny/montgomery/
Monticello,https://www.allmenus.com/ny/monticello/
Montour Falls,https://www.allmenus.com/ny/montour-falls/
Montrose,https://www.allmenus.com/ny/montrose/
Moravia,https://www.allmenus.com/ny/moravia/
Moriches,https://www.allmenus.com/ny/moriches/
Morristown,https://www.allmenus.com/ny/morristown/
Morrisville,https://www.allmenus.com/ny/morrisville/
Mount Kisco,https://www.allmenus.com/ny/mount-kisco/
Mount Morris,https://www.allmenus.com/ny/mount-morris/
Mount Sinai,https://www.allmenus.com/ny/mount-sinai/
Mount Vernon,https://www.allmenus.com/ny/mount-vernon/
Nanuet,https://www.allmenus.com/ny/nanuet/
Naples,https://www.allmenus.com/ny/naples/
Nassau,https://www.allmenus.com/ny/nassau/
Nedrow,https://www.allmenus.com/ny/nedrow/
Nesconset,https://www.allmenus.com/ny/nesconset/
New City,https://www.allmenus.com/ny/new-city/
New Hampton,https://www.allmenus.com/ny/new-hampton/
New Hartford,https://www.allmenus.com/ny/new-hartford/
New Hyde Park,https://www.allmenus.com/ny/new-hyde-park/
New Lebanon,https://www.allmenus.com/ny/new-lebanon/
New Paltz,https://www.allmenus.com/ny/new-paltz/
New Rochelle,https://www.allmenus.com/ny/new-rochelle/
New Windsor,https://www.allmenus.com/ny/new-windsor/
New York,https://www.allmenus.com/ny/new-york/
New York Mills,https://www.allmenus.com/ny/new-york-mills/
Newark,https://www.allmenus.com/ny/newark/
Newark Valley,https://www.allmenus.com/ny/newark-valley/
Newburgh,https://www.allmenus.com/ny/newburgh/
Newcomb,https://www.allmenus.com/ny/newcomb/
Newfane,https://www.allmenus.com/ny/newfane/
Niagara Falls,https://www.allmenus.com/ny/niagara-falls/
Niskayuna,https://www.allmenus.com/ny/niskayuna/
North Babylon,https://www.allmenus.com/ny/north-babylon/
North Bellmore,https://www.allmenus.com/ny/north-bellmore/
North Chili,https://www.allmenus.com/ny/north-chili/
North New Hyde Park,https://www.allmenus.com/ny/north-new-hyde-park/
North Salem,https://www.allmenus.com/ny/north-salem/
North Tonawanda,https://www.allmenus.com/ny/north-tonawanda/
Northport,https://www.allmenus.com/ny/northport/
Northville,https://www.allmenus.com/ny/northville/
Norwich,https://www.allmenus.com/ny/norwich/
Norwood,https://www.allmenus.com/ny/norwood/
Nunda,https://www.allmenus.com/ny/nunda/
Nyack,https://www.allmenus.com/ny/nyack/
Oakdale,https://www.allmenus.com/ny/oakdale/
Oceanside,https://www.allmenus.com/ny/oceanside/
Ogdensburg,https://www.allmenus.com/ny/ogdensburg/
Old Bethpage,https://www.allmenus.com/ny/old-bethpage/
Old Forge,https://www.allmenus.com/ny/old-forge/
Old Westbury,https://www.allmenus.com/ny/old-westbury/
Olean,https://www.allmenus.com/ny/olean/
Oneida,https://www.allmenus.com/ny/oneida/
Oneonta,https://www.allmenus.com/ny/oneonta/
Ontario,https://www.allmenus.com/ny/ontario/
Orangeburg,https://www.allmenus.com/ny/orangeburg/
Orchard Park,https://www.allmenus.com/ny/orchard-park/
Oriskany,https://www.allmenus.com/ny/oriskany/
Ossining,https://www.allmenus.com/ny/ossining/
Oswego,https://www.allmenus.com/ny/oswego/
Otego,https://www.allmenus.com/ny/otego/
Ovid,https://www.allmenus.com/ny/ovid/
Owego,https://www.allmenus.com/ny/owego/
Oxford,https://www.allmenus.com/ny/oxford/
Oyster Bay,https://www.allmenus.com/ny/oyster-bay/
Painted Post,https://www.allmenus.com/ny/painted-post/
Palatine Bridge,https://www.allmenus.com/ny/palatine-bridge/
Palisades,https://www.allmenus.com/ny/palisades/
Palmyra,https://www.allmenus.com/ny/palmyra/
Parish,https://www.allmenus.com/ny/parish/
Patchogue,https://www.allmenus.com/ny/patchogue/
Patterson,https://www.allmenus.com/ny/patterson/
Pattersonville,https://www.allmenus.com/ny/pattersonville/
Pavilion,https://www.allmenus.com/ny/pavilion/
Pawling,https://www.allmenus.com/ny/pawling/
Pearl River,https://www.allmenus.com/ny/pearl-river/
Peekskill,https://www.allmenus.com/ny/peekskill/
Pelham,https://www.allmenus.com/ny/pelham/
Penfield,https://www.allmenus.com/ny/penfield/
Penn Yan,https://www.allmenus.com/ny/penn-yan/
Pennellville,https://www.allmenus.com/ny/pennellville/
Perry,https://www.allmenus.com/ny/perry/
Peru,https://www.allmenus.com/ny/peru/
Phelps,https://www.allmenus.com/ny/phelps/
Philadelphia,https://www.allmenus.com/ny/philadelphia/
Philmont,https://www.allmenus.com/ny/philmont/
Phoenix,https://www.allmenus.com/ny/phoenix/
Piermont,https://www.allmenus.com/ny/piermont/
Pine Bush,https://www.allmenus.com/ny/pine-bush/
Pine Island,https://www.allmenus.com/ny/pine-island/
Pine Plains,https://www.allmenus.com/ny/pine-plains/
Pittsford,https://www.allmenus.com/ny/pittsford/
Plainview,https://www.allmenus.com/ny/plainview/
Plattsburgh,https://www.allmenus.com/ny/plattsburgh/
Pleasant Valley,https://www.allmenus.com/ny/pleasant-valley/
Pleasantville,https://www.allmenus.com/ny/pleasantville/
Pomona,https://www.allmenus.com/ny/pomona/
Port Byron,https://www.allmenus.com/ny/port-byron/
Port Chester,https://www.allmenus.com/ny/port-chester/
Port Crane,https://www.allmenus.com/ny/port-crane/
Port Ewen,https://www.allmenus.com/ny/port-ewen/
Port Jefferson,https://www.allmenus.com/ny/port-jefferson/
Port Jefferson Station,https://www.allmenus.com/ny/port-jefferson-station/
Port Jervis,https://www.allmenus.com/ny/port-jervis/
Port Washington,https://www.allmenus.com/ny/port-washington/
Portville,https://www.allmenus.com/ny/portville/
Potsdam,https://www.allmenus.com/ny/potsdam/
Pottersville,https://www.allmenus.com/ny/pottersville/
Poughkeepsie,https://www.allmenus.com/ny/poughkeepsie/
Poughquag,https://www.allmenus.com/ny/poughquag/
Pound Ridge,https://www.allmenus.com/ny/pound-ridge/
Preble,https://www.allmenus.com/ny/preble/
Pulaski,https://www.allmenus.com/ny/pulaski/
Purchase,https://www.allmenus.com/ny/purchase/
Purdys,https://www.allmenus.com/ny/purdys/
Putnam Valley,https://www.allmenus.com/ny/putnam-valley/
Queensbury,https://www.allmenus.com/ny/queensbury/
Ransomville,https://www.allmenus.com/ny/ransomville/
Ravena,https://www.allmenus.com/ny/ravena/
Red Hook,https://www.allmenus.com/ny/red-hook/
Rensselaer,https://www.allmenus.com/ny/rensselaer/
Rexford,https://www.allmenus.com/ny/rexford/
Rhinebeck,https://www.allmenus.com/ny/rhinebeck/
Richfield Springs,https://www.allmenus.com/ny/richfield-springs/
Richford,https://www.allmenus.com/ny/richford/
Ridge,https://www.allmenus.com/ny/ridge/
Riverhead,https://www.allmenus.com/ny/riverhead/
Rochester,https://www.allmenus.com/ny/rochester/
Rock Hill,https://www.allmenus.com/ny/rock-hill/
Rock Stream,https://www.allmenus.com/ny/rock-stream/
Rock Tavern,https://www.allmenus.com/ny/rock-tavern/
Rockville Centre,https://www.allmenus.com/ny/rockville-centre/
Rocky Point,https://www.allmenus.com/ny/rocky-point/
Rome,https://www.allmenus.com/ny/rome/
Ronkonkoma,https://www.allmenus.com/ny/ronkonkoma/
Roosevelt,https://www.allmenus.com/ny/roosevelt/
Rosendale,https://www.allmenus.com/ny/rosendale/
Roslyn,https://www.allmenus.com/ny/roslyn/
Roslyn Heights,https://www.allmenus.com/ny/roslyn-heights/
Round Lake,https://www.allmenus.com/ny/round-lake/
Round Top,https://www.allmenus.com/ny/round-top/
Rush,https://www.allmenus.com/ny/rush/
Rye,https://www.allmenus.com/ny/rye/
Sag Harbor,https://www.allmenus.com/ny/sag-harbor/
Saint James,https://www.allmenus.com/ny/saint-james/
Salamanca,https://www.allmenus.com/ny/salamanca/
Salem,https://www.allmenus.com/ny/salem/
Salt Point,https://www.allmenus.com/ny/salt-point/
Sanborn,https://www.allmenus.com/ny/sanborn/
Saranac Lake,https://www.allmenus.com/ny/saranac-lake/
Saratoga Springs,https://www.allmenus.com/ny/saratoga-springs/
Saugerties,https://www.allmenus.com/ny/saugerties/
Sauquoit,https://www.allmenus.com/ny/sauquoit/
Savona,https://www.allmenus.com/ny/savona/
Sayville,https://www.allmenus.com/ny/sayville/
Scarsdale,https://www.allmenus.com/ny/scarsdale/
Schaghticoke,https://www.allmenus.com/ny/schaghticoke/
Schenectady,https://www.allmenus.com/ny/schenectady/
Schoharie,https://www.allmenus.com/ny/schoharie/
Schroon Lake,https://www.allmenus.com/ny/schroon-lake/
Schuylerville,https://www.allmenus.com/ny/schuylerville/
Scotia,https://www.allmenus.com/ny/scotia/
Scottsville,https://www.allmenus.com/ny/scottsville/
Sea Cliff,https://www.allmenus.com/ny/sea-cliff/
Seaford,https://www.allmenus.com/ny/seaford/
Selden,https://www.allmenus.com/ny/selden/
Selkirk,https://www.allmenus.com/ny/selkirk/
Seneca Falls,https://www.allmenus.com/ny/seneca-falls/
Setauket,https://www.allmenus.com/ny/setauket/
Sharon Springs,https://www.allmenus.com/ny/sharon-springs/
Sherburne,https://www.allmenus.com/ny/sherburne/
Sherman,https://www.allmenus.com/ny/sherman/
Sherrill,https://www.allmenus.com/ny/sherrill/
Shirley,https://www.allmenus.com/ny/shirley/
Shoreham,https://www.allmenus.com/ny/shoreham/
Shortsville,https://www.allmenus.com/ny/shortsville/
Shrub Oak,https://www.allmenus.com/ny/shrub-oak/
Sidney,https://www.allmenus.com/ny/sidney/
Skaneateles,https://www.allmenus.com/ny/skaneateles/
Slate Hill,https://www.allmenus.com/ny/slate-hill/
Slingerlands,https://www.allmenus.com/ny/slingerlands/
Sloatsburg,https://www.allmenus.com/ny/sloatsburg/
Smithtown,https://www.allmenus.com/ny/smithtown/
Sodus,https://www.allmenus.com/ny/sodus/
Sodus Point,https://www.allmenus.com/ny/sodus-point/
Solvay,https://www.allmenus.com/ny/solvay/
Somers,https://www.allmenus.com/ny/somers/
Sound Beach,https://www.allmenus.com/ny/sound-beach/
South Farmingdale,https://www.allmenus.com/ny/south-farmingdale/
South Salem,https://www.allmenus.com/ny/south-salem/
South Wales,https://www.allmenus.com/ny/south-wales/
Southampton,https://www.allmenus.com/ny/southampton/
Southold,https://www.allmenus.com/ny/southold/
Sparkill,https://www.allmenus.com/ny/sparkill/
Spencer,https://www.allmenus.com/ny/spencer/
Spencerport,https://www.allmenus.com/ny/spencerport/
Spring Valley,https://www.allmenus.com/ny/spring-valley/
Springville,https://www.allmenus.com/ny/springville/
Staatsburg,https://www.allmenus.com/ny/staatsburg/
Stafford,https://www.allmenus.com/ny/stafford/
Stamford,https://www.allmenus.com/ny/stamford/
Stanfordville,https://www.allmenus.com/ny/stanfordville/
Staten Island,https://www.allmenus.com/ny/staten-island/
Stephentown,https://www.allmenus.com/ny/stephentown/
Stillwater,https://www.allmenus.com/ny/stillwater/
Stone Ridge,https://www.allmenus.com/ny/stone-ridge/
Stony Brook,https://www.allmenus.com/ny/stony-brook/
Stony Point,https://www.allmenus.com/ny/stony-point/
Stormville,https://www.allmenus.com/ny/stormville/
Strykersville,https://www.allmenus.com/ny/strykersville/
Suffern,https://www.allmenus.com/ny/suffern/
Syosset,https://www.allmenus.com/ny/syosset/
Syracuse,https://www.allmenus.com/ny/syracuse/
Tappan,https://www.allmenus.com/ny/tappan/
Tarrytown,https://www.allmenus.com/ny/tarrytown/
Thiells,https://www.allmenus.com/ny/thiells/
Thornwood,https://www.allmenus.com/ny/thornwood/
Ticonderoga,https://www.allmenus.com/ny/ticonderoga/
Tillson,https://www.allmenus.com/ny/tillson/
Tomkins Cove,https://www.allmenus.com/ny/tomkins-cove/
Tonawanda,https://www.allmenus.com/ny/tonawanda/
Troy,https://www.allmenus.com/ny/troy/
Trumansburg,https://www.allmenus.com/ny/trumansburg/
Tuckahoe,https://www.allmenus.com/ny/tuckahoe/
Tully,https://www.allmenus.com/ny/tully/
Tupper Lake,https://www.allmenus.com/ny/tupper-lake/
Ulster Park,https://www.allmenus.com/ny/ulster-park/
Uniondale,https://www.allmenus.com/ny/uniondale/
Utica,https://www.allmenus.com/ny/utica/
Valatie,https://www.allmenus.com/ny/valatie/
Valhalla,https://www.allmenus.com/ny/valhalla/
Valley Cottage,https://www.allmenus.com/ny/valley-cottage/
Valley Stream,https://www.allmenus.com/ny/valley-stream/
Verbank,https://www.allmenus.com/ny/verbank/
Vernon,https://www.allmenus.com/ny/vernon/
Vernon Center,https://www.allmenus.com/ny/vernon-center/
Verona,https://www.allmenus.com/ny/verona/
Vestal,https://www.allmenus.com/ny/vestal/
Victor,https://www.allmenus.com/ny/victor/
Voorheesville,https://www.allmenus.com/ny/voorheesville/
Wading River,https://www.allmenus.com/ny/wading-river/
Walden,https://www.allmenus.com/ny/walden/
Wallkill,https://www.allmenus.com/ny/wallkill/
Walton,https://www.allmenus.com/ny/walton/
Walworth,https://www.allmenus.com/ny/walworth/
Wantagh,https://www.allmenus.com/ny/wantagh/
Wappingers Falls,https://www.allmenus.com/ny/wappingers-falls/
Warners,https://www.allmenus.com/ny/warners/
Warrensburg,https://www.allmenus.com/ny/warrensburg/
Warsaw,https://www.allmenus.com/ny/warsaw/
Warwick,https://www.allmenus.com/ny/warwick/
Washingtonville,https://www.allmenus.com/ny/washingtonville/
Wassaic,https://www.allmenus.com/ny/wassaic/
Water Mill,https://www.allmenus.com/ny/water-mill/
Waterford,https://www.allmenus.com/ny/waterford/
Waterloo,https://www.allmenus.com/ny/waterloo/
Watertown,https://www.allmenus.com/ny/watertown/
Watervliet,https://www.allmenus.com/ny/watervliet/
Watkins Glen,https://www.allmenus.com/ny/watkins-glen/
Waverly,https://www.allmenus.com/ny/waverly/
Webster,https://www.allmenus.com/ny/webster/
Weedsport,https://www.allmenus.com/ny/weedsport/
Wellsville,https://www.allmenus.com/ny/wellsville/
West Babylon,https://www.allmenus.com/ny/west-babylon/
West Harrison,https://www.allmenus.com/ny/west-harrison/
West Haverstraw,https://www.allmenus.com/ny/west-haverstraw/
West Hempstead,https://www.allmenus.com/ny/west-hempstead/
West Henrietta,https://www.allmenus.com/ny/west-henrietta/
West Islip,https://www.allmenus.com/ny/west-islip/
West Nyack,https://www.allmenus.com/ny/west-nyack/
West Oneonta,https://www.allmenus.com/ny/west-oneonta/
West Point,https://www.allmenus.com/ny/west-point/
West Sand Lake,https://www.allmenus.com/ny/west-sand-lake/
West Sayville,https://www.allmenus.com/ny/west-sayville/
West Seneca,https://www.allmenus.com/ny/west-seneca/
West Winfield,https://www.allmenus.com/ny/west-winfield/
Westbury,https://www.allmenus.com/ny/westbury/
Westfield,https://www.allmenus.com/ny/westfield/
Westgate,https://www.allmenus.com/ny/westgate/
Westhampton,https://www.allmenus.com/ny/westhampton/
Westhampton Beach,https://www.allmenus.com/ny/westhampton-beach/
Westmoreland,https://www.allmenus.com/ny/westmoreland/
Westtown,https://www.allmenus.com/ny/westtown/
Wheatley Heights,https://www.allmenus.com/ny/wheatley-heights/
White Lake,https://www.allmenus.com/ny/white-lake/
White Plains,https://www.allmenus.com/ny/white-plains/
Whitehall,https://www.allmenus.com/ny/whitehall/
Whitesboro,https://www.allmenus.com/ny/whitesboro/
Whitney Point,https://www.allmenus.com/ny/whitney-point/
Williamson,https://www.allmenus.com/ny/williamson/
Williamsville,https://www.allmenus.com/ny/williamsville/
Williston Park,https://www.allmenus.com/ny/williston-park/
Wilson,https://www.allmenus.com/ny/wilson/
Windham,https://www.allmenus.com/ny/windham/
Windsor,https://www.allmenus.com/ny/windsor/
Wingdale,https://www.allmenus.com/ny/wingdale/
Wolcott,https://www.allmenus.com/ny/wolcott/
Woodbury,https://www.allmenus.com/ny/woodbury/
Woodmere,https://www.allmenus.com/ny/woodmere/
Woodstock,https://www.allmenus.com/ny/woodstock/
Worcester,https://www.allmenus.com/ny/worcester/
Wyandanch,https://www.allmenus.com/ny/wyandanch/
Wynantskill,https://www.allmenus.com/ny/wynantskill/
Wyoming,https://www.allmenus.com/ny/wyoming/
Yaphank,https://www.allmenus.com/ny/yaphank/
Yonkers,https://www.allmenus.com/ny/yonkers/
Yorktown Heights,https://www.allmenus.com/ny/yorktown-heights/
Yorkville,https://www.allmenus.com/ny/yorkville/
