City Name,City URL
Aberdeen,https://www.allmenus.com/oh/aberdeen/
Ada,https://www.allmenus.com/oh/ada/
Akron,https://www.allmenus.com/oh/akron/
Albany,https://www.allmenus.com/oh/albany/
Alexandria,https://www.allmenus.com/oh/alexandria/
Alliance,https://www.allmenus.com/oh/alliance/
Amanda,https://www.allmenus.com/oh/amanda/
Amelia,https://www.allmenus.com/oh/amelia/
Amherst,https://www.allmenus.com/oh/amherst/
Amsterdam,https://www.allmenus.com/oh/amsterdam/
Andover,https://www.allmenus.com/oh/andover/
Anna,https://www.allmenus.com/oh/anna/
Antwerp,https://www.allmenus.com/oh/antwerp/
Apple Creek,https://www.allmenus.com/oh/apple-creek/
Arcanum,https://www.allmenus.com/oh/arcanum/
Archbold,https://www.allmenus.com/oh/archbold/
Arlington,https://www.allmenus.com/oh/arlington/
Ashland,https://www.allmenus.com/oh/ashland/
Ashtabula,https://www.allmenus.com/oh/ashtabula/
Ashville,https://www.allmenus.com/oh/ashville/
Athens,https://www.allmenus.com/oh/athens/
Atwater,https://www.allmenus.com/oh/atwater/
Aurora,https://www.allmenus.com/oh/aurora/
Austinburg,https://www.allmenus.com/oh/austinburg/
Austintown,https://www.allmenus.com/oh/austintown/
Avon,https://www.allmenus.com/oh/avon/
Avon Lake,https://www.allmenus.com/oh/avon-lake/
Bainbridge,https://www.allmenus.com/oh/bainbridge/
Baltimore,https://www.allmenus.com/oh/baltimore/
Barberton,https://www.allmenus.com/oh/barberton/
Barnesville,https://www.allmenus.com/oh/barnesville/
Batavia,https://www.allmenus.com/oh/batavia/
Bay Village,https://www.allmenus.com/oh/bay-village/
Beachwood,https://www.allmenus.com/oh/beachwood/
Beavercreek,https://www.allmenus.com/oh/beavercreek/
Bedford,https://www.allmenus.com/oh/bedford/
Bellaire,https://www.allmenus.com/oh/bellaire/
Bellbrook,https://www.allmenus.com/oh/bellbrook/
Bellefontaine,https://www.allmenus.com/oh/bellefontaine/
Bellevue,https://www.allmenus.com/oh/bellevue/
Bellville,https://www.allmenus.com/oh/bellville/
Belmont,https://www.allmenus.com/oh/belmont/
Beloit,https://www.allmenus.com/oh/beloit/
Belpre,https://www.allmenus.com/oh/belpre/
Berea,https://www.allmenus.com/oh/berea/
Bergholz,https://www.allmenus.com/oh/bergholz/
Berlin Center,https://www.allmenus.com/oh/berlin-center/
Berlin Heights,https://www.allmenus.com/oh/berlin-heights/
Bethel,https://www.allmenus.com/oh/bethel/
Beverly,https://www.allmenus.com/oh/beverly/
Bexley,https://www.allmenus.com/oh/bexley/
Bidwell,https://www.allmenus.com/oh/bidwell/
Blacklick,https://www.allmenus.com/oh/blacklick/
Blanchester,https://www.allmenus.com/oh/blanchester/
Bloomingdale,https://www.allmenus.com/oh/bloomingdale/
Bloomville,https://www.allmenus.com/oh/bloomville/
Bluffton,https://www.allmenus.com/oh/bluffton/
Boardman,https://www.allmenus.com/oh/boardman/
Bolivar,https://www.allmenus.com/oh/bolivar/
Botkins,https://www.allmenus.com/oh/botkins/
Bowling Green,https://www.allmenus.com/oh/bowling-green/
Bradner,https://www.allmenus.com/oh/bradner/
Bremen,https://www.allmenus.com/oh/bremen/
Brewster,https://www.allmenus.com/oh/brewster/
Bridgeport,https://www.allmenus.com/oh/bridgeport/
Broadview Heights,https://www.allmenus.com/oh/broadview-heights/
Brookfield,https://www.allmenus.com/oh/brookfield/
Brooklyn,https://www.allmenus.com/oh/brooklyn/
Brookville,https://www.allmenus.com/oh/brookville/
Brunswick,https://www.allmenus.com/oh/brunswick/
Bryan,https://www.allmenus.com/oh/bryan/
Bucyrus,https://www.allmenus.com/oh/bucyrus/
Burbank,https://www.allmenus.com/oh/burbank/
Burton,https://www.allmenus.com/oh/burton/
Butler,https://www.allmenus.com/oh/butler/
Byesville,https://www.allmenus.com/oh/byesville/
Cadiz,https://www.allmenus.com/oh/cadiz/
Calcutta,https://www.allmenus.com/oh/calcutta/
Caldwell,https://www.allmenus.com/oh/caldwell/
Caledonia,https://www.allmenus.com/oh/caledonia/
Cambridge,https://www.allmenus.com/oh/cambridge/
Camden,https://www.allmenus.com/oh/camden/
Campbell,https://www.allmenus.com/oh/campbell/
Canal Fulton,https://www.allmenus.com/oh/canal-fulton/
Canal Winchester,https://www.allmenus.com/oh/canal-winchester/
Canfield,https://www.allmenus.com/oh/canfield/
Canton,https://www.allmenus.com/oh/canton/
Cardington,https://www.allmenus.com/oh/cardington/
Carey,https://www.allmenus.com/oh/carey/
Carroll,https://www.allmenus.com/oh/carroll/
Carrollton,https://www.allmenus.com/oh/carrollton/
Castalia,https://www.allmenus.com/oh/castalia/
Cedarville,https://www.allmenus.com/oh/cedarville/
Celina,https://www.allmenus.com/oh/celina/
Centerburg,https://www.allmenus.com/oh/centerburg/
Chagrin Falls,https://www.allmenus.com/oh/chagrin-falls/
Chardon,https://www.allmenus.com/oh/chardon/
Chesapeake,https://www.allmenus.com/oh/chesapeake/
Chesterland,https://www.allmenus.com/oh/chesterland/
Chillicothe,https://www.allmenus.com/oh/chillicothe/
Cincinnati,https://www.allmenus.com/oh/cincinnati/
Circleville,https://www.allmenus.com/oh/circleville/
Clayton,https://www.allmenus.com/oh/clayton/
Cleveland,https://www.allmenus.com/oh/cleveland/
Cleveland Heights,https://www.allmenus.com/oh/cleveland-heights/
Cleves,https://www.allmenus.com/oh/cleves/
Clyde,https://www.allmenus.com/oh/clyde/
Coldwater,https://www.allmenus.com/oh/coldwater/
Columbia Station,https://www.allmenus.com/oh/columbia-station/
Columbiana,https://www.allmenus.com/oh/columbiana/
Columbus,https://www.allmenus.com/oh/columbus/
Columbus Grove,https://www.allmenus.com/oh/columbus-grove/
Commercial Point,https://www.allmenus.com/oh/commercial-point/
Conneaut,https://www.allmenus.com/oh/conneaut/
Continental,https://www.allmenus.com/oh/continental/
Convoy,https://www.allmenus.com/oh/convoy/
Copley,https://www.allmenus.com/oh/copley/
Cortland,https://www.allmenus.com/oh/cortland/
Coshocton,https://www.allmenus.com/oh/coshocton/
Covington,https://www.allmenus.com/oh/covington/
Crestline,https://www.allmenus.com/oh/crestline/
Cridersville,https://www.allmenus.com/oh/cridersville/
Crooksville,https://www.allmenus.com/oh/crooksville/
Cuyahoga Falls,https://www.allmenus.com/oh/cuyahoga-falls/
Dalton,https://www.allmenus.com/oh/dalton/
Danville,https://www.allmenus.com/oh/danville/
Dayton,https://www.allmenus.com/oh/dayton/
Deerfield,https://www.allmenus.com/oh/deerfield/
Defiance,https://www.allmenus.com/oh/defiance/
Delaware,https://www.allmenus.com/oh/delaware/
Dellroy,https://www.allmenus.com/oh/dellroy/
Delphos,https://www.allmenus.com/oh/delphos/
Delta,https://www.allmenus.com/oh/delta/
Dennison,https://www.allmenus.com/oh/dennison/
Deshler,https://www.allmenus.com/oh/deshler/
Dillonvale,https://www.allmenus.com/oh/dillonvale/
Dover,https://www.allmenus.com/oh/dover/
Doylestown,https://www.allmenus.com/oh/doylestown/
Dresden,https://www.allmenus.com/oh/dresden/
Dublin,https://www.allmenus.com/oh/dublin/
Duncan Falls,https://www.allmenus.com/oh/duncan-falls/
Dundee,https://www.allmenus.com/oh/dundee/
East Canton,https://www.allmenus.com/oh/east-canton/
East Cleveland,https://www.allmenus.com/oh/east-cleveland/
East Liverpool,https://www.allmenus.com/oh/east-liverpool/
East Palestine,https://www.allmenus.com/oh/east-palestine/
Eaton,https://www.allmenus.com/oh/eaton/
Edgerton,https://www.allmenus.com/oh/edgerton/
Edison,https://www.allmenus.com/oh/edison/
Edon,https://www.allmenus.com/oh/edon/
Elida,https://www.allmenus.com/oh/elida/
Elmore,https://www.allmenus.com/oh/elmore/
Elyria,https://www.allmenus.com/oh/elyria/
Englewood,https://www.allmenus.com/oh/englewood/
Enon,https://www.allmenus.com/oh/enon/
Etna,https://www.allmenus.com/oh/etna/
Euclid,https://www.allmenus.com/oh/euclid/
Fairborn,https://www.allmenus.com/oh/fairborn/
Fairfield,https://www.allmenus.com/oh/fairfield/
Fairlawn,https://www.allmenus.com/oh/fairlawn/
Fairport Harbor,https://www.allmenus.com/oh/fairport-harbor/
Fairview Park,https://www.allmenus.com/oh/fairview-park/
Fayetteville,https://www.allmenus.com/oh/fayetteville/
Findlay,https://www.allmenus.com/oh/findlay/
Fletcher,https://www.allmenus.com/oh/fletcher/
Forest,https://www.allmenus.com/oh/forest/
Fort Recovery,https://www.allmenus.com/oh/fort-recovery/
Fostoria,https://www.allmenus.com/oh/fostoria/
Franklin,https://www.allmenus.com/oh/franklin/
Frazeysburg,https://www.allmenus.com/oh/frazeysburg/
Fredericksburg,https://www.allmenus.com/oh/fredericksburg/
Fredericktown,https://www.allmenus.com/oh/fredericktown/
Fremont,https://www.allmenus.com/oh/fremont/
Gahanna,https://www.allmenus.com/oh/gahanna/
Galena,https://www.allmenus.com/oh/galena/
Galion,https://www.allmenus.com/oh/galion/
Gallipolis,https://www.allmenus.com/oh/gallipolis/
Galloway,https://www.allmenus.com/oh/galloway/
Garfield Heights,https://www.allmenus.com/oh/garfield-heights/
Garrettsville,https://www.allmenus.com/oh/garrettsville/
Gates Mills,https://www.allmenus.com/oh/gates-mills/
Geneva,https://www.allmenus.com/oh/geneva/
Genoa,https://www.allmenus.com/oh/genoa/
Georgetown,https://www.allmenus.com/oh/georgetown/
Germantown,https://www.allmenus.com/oh/germantown/
Gibsonburg,https://www.allmenus.com/oh/gibsonburg/
Girard,https://www.allmenus.com/oh/girard/
Glouster,https://www.allmenus.com/oh/glouster/
Goshen,https://www.allmenus.com/oh/goshen/
Grafton,https://www.allmenus.com/oh/grafton/
Granville,https://www.allmenus.com/oh/granville/
Greenfield,https://www.allmenus.com/oh/greenfield/
Greenville,https://www.allmenus.com/oh/greenville/
Greenwich,https://www.allmenus.com/oh/greenwich/
Groesbeck,https://www.allmenus.com/oh/groesbeck/
Grove City,https://www.allmenus.com/oh/grove-city/
Groveport,https://www.allmenus.com/oh/groveport/
Hamden,https://www.allmenus.com/oh/hamden/
Hamilton,https://www.allmenus.com/oh/hamilton/
Hamler,https://www.allmenus.com/oh/hamler/
Harpster,https://www.allmenus.com/oh/harpster/
Harrison,https://www.allmenus.com/oh/harrison/
Hartville,https://www.allmenus.com/oh/hartville/
Haskins,https://www.allmenus.com/oh/haskins/
Heath,https://www.allmenus.com/oh/heath/
Hebron,https://www.allmenus.com/oh/hebron/
Hicksville,https://www.allmenus.com/oh/hicksville/
Hilliard,https://www.allmenus.com/oh/hilliard/
Hillsboro,https://www.allmenus.com/oh/hillsboro/
Hinckley,https://www.allmenus.com/oh/hinckley/
Hiram,https://www.allmenus.com/oh/hiram/
Holgate,https://www.allmenus.com/oh/holgate/
Holland,https://www.allmenus.com/oh/holland/
Holmesville,https://www.allmenus.com/oh/holmesville/
Hopedale,https://www.allmenus.com/oh/hopedale/
Howard,https://www.allmenus.com/oh/howard/
Hubbard,https://www.allmenus.com/oh/hubbard/
Huber Heights,https://www.allmenus.com/oh/huber-heights/
Hudson,https://www.allmenus.com/oh/hudson/
Huron,https://www.allmenus.com/oh/huron/
Independence,https://www.allmenus.com/oh/independence/
Ironton,https://www.allmenus.com/oh/ironton/
Jackson,https://www.allmenus.com/oh/jackson/
Jackson Center,https://www.allmenus.com/oh/jackson-center/
Jamestown,https://www.allmenus.com/oh/jamestown/
Jefferson,https://www.allmenus.com/oh/jefferson/
Jeffersonville,https://www.allmenus.com/oh/jeffersonville/
Johnstown,https://www.allmenus.com/oh/johnstown/
Junction City,https://www.allmenus.com/oh/junction-city/
Kensington,https://www.allmenus.com/oh/kensington/
Kent,https://www.allmenus.com/oh/kent/
Kenton,https://www.allmenus.com/oh/kenton/
Kettering,https://www.allmenus.com/oh/kettering/
Kings Mills,https://www.allmenus.com/oh/kings-mills/
Kingston,https://www.allmenus.com/oh/kingston/
Kingsville,https://www.allmenus.com/oh/kingsville/
Lagrange,https://www.allmenus.com/oh/lagrange/
Lake Milton,https://www.allmenus.com/oh/lake-milton/
Lakeside Marblehead,https://www.allmenus.com/oh/lakeside-marblehead/
Lakeview,https://www.allmenus.com/oh/lakeview/
Lakewood,https://www.allmenus.com/oh/lakewood/
Lancaster,https://www.allmenus.com/oh/lancaster/
Laurelville,https://www.allmenus.com/oh/laurelville/
Leavittsburg,https://www.allmenus.com/oh/leavittsburg/
Lebanon,https://www.allmenus.com/oh/lebanon/
Leetonia,https://www.allmenus.com/oh/leetonia/
Leipsic,https://www.allmenus.com/oh/leipsic/
Lewis Center,https://www.allmenus.com/oh/lewis-center/
Lewisburg,https://www.allmenus.com/oh/lewisburg/
Lexington,https://www.allmenus.com/oh/lexington/
Liberty Center,https://www.allmenus.com/oh/liberty-center/
Lima,https://www.allmenus.com/oh/lima/
Lisbon,https://www.allmenus.com/oh/lisbon/
Litchfield,https://www.allmenus.com/oh/litchfield/
Lithopolis,https://www.allmenus.com/oh/lithopolis/
Little Hocking,https://www.allmenus.com/oh/little-hocking/
Lockbourne,https://www.allmenus.com/oh/lockbourne/
Lodi,https://www.allmenus.com/oh/lodi/
Logan,https://www.allmenus.com/oh/logan/
London,https://www.allmenus.com/oh/london/
Lorain,https://www.allmenus.com/oh/lorain/
Loudonville,https://www.allmenus.com/oh/loudonville/
Louisville,https://www.allmenus.com/oh/louisville/
Loveland,https://www.allmenus.com/oh/loveland/
Lowellville,https://www.allmenus.com/oh/lowellville/
Lucas,https://www.allmenus.com/oh/lucas/
Lucasville,https://www.allmenus.com/oh/lucasville/
Lyons,https://www.allmenus.com/oh/lyons/
Macksburg,https://www.allmenus.com/oh/macksburg/
Madeira,https://www.allmenus.com/oh/madeira/
Madison,https://www.allmenus.com/oh/madison/
Magnolia,https://www.allmenus.com/oh/magnolia/
Maineville,https://www.allmenus.com/oh/maineville/
Malvern,https://www.allmenus.com/oh/malvern/
Manchester,https://www.allmenus.com/oh/manchester/
Mansfield,https://www.allmenus.com/oh/mansfield/
Mantua,https://www.allmenus.com/oh/mantua/
Marengo,https://www.allmenus.com/oh/marengo/
Marietta,https://www.allmenus.com/oh/marietta/
Marion,https://www.allmenus.com/oh/marion/
Marshallville,https://www.allmenus.com/oh/marshallville/
Martins Ferry,https://www.allmenus.com/oh/martins-ferry/
Marysville,https://www.allmenus.com/oh/marysville/
Mason,https://www.allmenus.com/oh/mason/
Massillon,https://www.allmenus.com/oh/massillon/
Maumee,https://www.allmenus.com/oh/maumee/
Mc Arthur,https://www.allmenus.com/oh/mc-arthur/
Mcconnelsville,https://www.allmenus.com/oh/mcconnelsville/
Mechanicsburg,https://www.allmenus.com/oh/mechanicsburg/
Medina,https://www.allmenus.com/oh/medina/
Mentor,https://www.allmenus.com/oh/mentor/
Miamisburg,https://www.allmenus.com/oh/miamisburg/
Middlefield,https://www.allmenus.com/oh/middlefield/
Middletown,https://www.allmenus.com/oh/middletown/
Milan,https://www.allmenus.com/oh/milan/
Milford,https://www.allmenus.com/oh/milford/
Milford Center,https://www.allmenus.com/oh/milford-center/
Millbury,https://www.allmenus.com/oh/millbury/
Millersburg,https://www.allmenus.com/oh/millersburg/
Millersport,https://www.allmenus.com/oh/millersport/
Mineral Ridge,https://www.allmenus.com/oh/mineral-ridge/
Minerva,https://www.allmenus.com/oh/minerva/
Minford,https://www.allmenus.com/oh/minford/
Mingo Junction,https://www.allmenus.com/oh/mingo-junction/
Minster,https://www.allmenus.com/oh/minster/
Mogadore,https://www.allmenus.com/oh/mogadore/
Monroe,https://www.allmenus.com/oh/monroe/
Monroeville,https://www.allmenus.com/oh/monroeville/
Montpelier,https://www.allmenus.com/oh/montpelier/
Morrow,https://www.allmenus.com/oh/morrow/
Moscow,https://www.allmenus.com/oh/moscow/
Mount Gilead,https://www.allmenus.com/oh/mount-gilead/
Mount Orab,https://www.allmenus.com/oh/mount-orab/
Mount Sterling,https://www.allmenus.com/oh/mount-sterling/
Mount Vernon,https://www.allmenus.com/oh/mount-vernon/
Munroe Falls,https://www.allmenus.com/oh/munroe-falls/
Napoleon,https://www.allmenus.com/oh/napoleon/
Nashport,https://www.allmenus.com/oh/nashport/
Navarre,https://www.allmenus.com/oh/navarre/
Nelsonville,https://www.allmenus.com/oh/nelsonville/
Nevada,https://www.allmenus.com/oh/nevada/
New Albany,https://www.allmenus.com/oh/new-albany/
New Bremen,https://www.allmenus.com/oh/new-bremen/
New Carlisle,https://www.allmenus.com/oh/new-carlisle/
New Concord,https://www.allmenus.com/oh/new-concord/
New Lebanon,https://www.allmenus.com/oh/new-lebanon/
New Lexington,https://www.allmenus.com/oh/new-lexington/
New London,https://www.allmenus.com/oh/new-london/
New Middletown,https://www.allmenus.com/oh/new-middletown/
New Paris,https://www.allmenus.com/oh/new-paris/
New Philadelphia,https://www.allmenus.com/oh/new-philadelphia/
New Richmond,https://www.allmenus.com/oh/new-richmond/
New Springfield,https://www.allmenus.com/oh/new-springfield/
New Straitsville,https://www.allmenus.com/oh/new-straitsville/
New Washington,https://www.allmenus.com/oh/new-washington/
New Waterford,https://www.allmenus.com/oh/new-waterford/
Newark,https://www.allmenus.com/oh/newark/
Newbury,https://www.allmenus.com/oh/newbury/
Newcomerstown,https://www.allmenus.com/oh/newcomerstown/
Newport,https://www.allmenus.com/oh/newport/
Newton Falls,https://www.allmenus.com/oh/newton-falls/
Niles,https://www.allmenus.com/oh/niles/
North Baltimore,https://www.allmenus.com/oh/north-baltimore/
North Bend,https://www.allmenus.com/oh/north-bend/
North Canton,https://www.allmenus.com/oh/north-canton/
North Jackson,https://www.allmenus.com/oh/north-jackson/
North Lewisburg,https://www.allmenus.com/oh/north-lewisburg/
North Lima,https://www.allmenus.com/oh/north-lima/
North Olmsted,https://www.allmenus.com/oh/north-olmsted/
North Ridgeville,https://www.allmenus.com/oh/north-ridgeville/
North Royalton,https://www.allmenus.com/oh/north-royalton/
Northfield,https://www.allmenus.com/oh/northfield/
Norton,https://www.allmenus.com/oh/norton/
Norwalk,https://www.allmenus.com/oh/norwalk/
Norwood,https://www.allmenus.com/oh/norwood/
Oak Harbor,https://www.allmenus.com/oh/oak-harbor/
Oak Hill,https://www.allmenus.com/oh/oak-hill/
Oakwood,https://www.allmenus.com/oh/oakwood/
Oberlin,https://www.allmenus.com/oh/oberlin/
Olmsted Falls,https://www.allmenus.com/oh/olmsted-falls/
Ontario,https://www.allmenus.com/oh/ontario/
Oregon,https://www.allmenus.com/oh/oregon/
Orient,https://www.allmenus.com/oh/orient/
Orrville,https://www.allmenus.com/oh/orrville/
Orwell,https://www.allmenus.com/oh/orwell/
Ottawa,https://www.allmenus.com/oh/ottawa/
Owensville,https://www.allmenus.com/oh/owensville/
Oxford,https://www.allmenus.com/oh/oxford/
Painesville,https://www.allmenus.com/oh/painesville/
Parma,https://www.allmenus.com/oh/parma/
Pataskala,https://www.allmenus.com/oh/pataskala/
Paulding,https://www.allmenus.com/oh/paulding/
Peebles,https://www.allmenus.com/oh/peebles/
Pemberville,https://www.allmenus.com/oh/pemberville/
Peninsula,https://www.allmenus.com/oh/peninsula/
Perrysburg,https://www.allmenus.com/oh/perrysburg/
Perrysville,https://www.allmenus.com/oh/perrysville/
Philo,https://www.allmenus.com/oh/philo/
Pickerington,https://www.allmenus.com/oh/pickerington/
Piketon,https://www.allmenus.com/oh/piketon/
Pioneer,https://www.allmenus.com/oh/pioneer/
Piqua,https://www.allmenus.com/oh/piqua/
Plain City,https://www.allmenus.com/oh/plain-city/
Pleasant City,https://www.allmenus.com/oh/pleasant-city/
Pleasant Hill,https://www.allmenus.com/oh/pleasant-hill/
Poland,https://www.allmenus.com/oh/poland/
Pomeroy,https://www.allmenus.com/oh/pomeroy/
Port Clinton,https://www.allmenus.com/oh/port-clinton/
Portsmouth,https://www.allmenus.com/oh/portsmouth/
Powell,https://www.allmenus.com/oh/powell/
Proctorville,https://www.allmenus.com/oh/proctorville/
Prospect,https://www.allmenus.com/oh/prospect/
Racine,https://www.allmenus.com/oh/racine/
Ravenna,https://www.allmenus.com/oh/ravenna/
Republic,https://www.allmenus.com/oh/republic/
Reynoldsburg,https://www.allmenus.com/oh/reynoldsburg/
Richfield,https://www.allmenus.com/oh/richfield/
Richmond,https://www.allmenus.com/oh/richmond/
Richmond Heights,https://www.allmenus.com/oh/richmond-heights/
Richwood,https://www.allmenus.com/oh/richwood/
Ripley,https://www.allmenus.com/oh/ripley/
Rittman,https://www.allmenus.com/oh/rittman/
Rock Creek,https://www.allmenus.com/oh/rock-creek/
Rockbridge,https://www.allmenus.com/oh/rockbridge/
Rockford,https://www.allmenus.com/oh/rockford/
Rocky River,https://www.allmenus.com/oh/rocky-river/
Rootstown,https://www.allmenus.com/oh/rootstown/
Rossford,https://www.allmenus.com/oh/rossford/
Rushville,https://www.allmenus.com/oh/rushville/
Russells Point,https://www.allmenus.com/oh/russells-point/
Rutland,https://www.allmenus.com/oh/rutland/
Sabina,https://www.allmenus.com/oh/sabina/
Saint Bernard,https://www.allmenus.com/oh/saint-bernard/
Saint Clairsville,https://www.allmenus.com/oh/saint-clairsville/
Saint Henry,https://www.allmenus.com/oh/saint-henry/
Saint Louisville,https://www.allmenus.com/oh/saint-louisville/
Saint Marys,https://www.allmenus.com/oh/saint-marys/
Saint Paris,https://www.allmenus.com/oh/saint-paris/
Salem,https://www.allmenus.com/oh/salem/
Salineville,https://www.allmenus.com/oh/salineville/
Sandusky,https://www.allmenus.com/oh/sandusky/
Sardinia,https://www.allmenus.com/oh/sardinia/
Scio,https://www.allmenus.com/oh/scio/
Seaman,https://www.allmenus.com/oh/seaman/
Sebring,https://www.allmenus.com/oh/sebring/
Seville,https://www.allmenus.com/oh/seville/
Sharonville,https://www.allmenus.com/oh/sharonville/
Shelby,https://www.allmenus.com/oh/shelby/
Sherrodsville,https://www.allmenus.com/oh/sherrodsville/
Sherwood,https://www.allmenus.com/oh/sherwood/
Shreve,https://www.allmenus.com/oh/shreve/
Sidney,https://www.allmenus.com/oh/sidney/
Smithville,https://www.allmenus.com/oh/smithville/
Somerset,https://www.allmenus.com/oh/somerset/
South Euclid,https://www.allmenus.com/oh/south-euclid/
South Lebanon,https://www.allmenus.com/oh/south-lebanon/
South Point,https://www.allmenus.com/oh/south-point/
South Webster,https://www.allmenus.com/oh/south-webster/
Spencerville,https://www.allmenus.com/oh/spencerville/
Spring Valley,https://www.allmenus.com/oh/spring-valley/
Springboro,https://www.allmenus.com/oh/springboro/
Springfield,https://www.allmenus.com/oh/springfield/
Steubenville,https://www.allmenus.com/oh/steubenville/
Stoutsville,https://www.allmenus.com/oh/stoutsville/
Stow,https://www.allmenus.com/oh/stow/
Strasburg,https://www.allmenus.com/oh/strasburg/
Streetsboro,https://www.allmenus.com/oh/streetsboro/
Strongsville,https://www.allmenus.com/oh/strongsville/
Struthers,https://www.allmenus.com/oh/struthers/
Stryker,https://www.allmenus.com/oh/stryker/
Sugar Grove,https://www.allmenus.com/oh/sugar-grove/
Sugarcreek,https://www.allmenus.com/oh/sugarcreek/
Sunbury,https://www.allmenus.com/oh/sunbury/
Swanton,https://www.allmenus.com/oh/swanton/
Sylvania,https://www.allmenus.com/oh/sylvania/
Tallmadge,https://www.allmenus.com/oh/tallmadge/
Terrace Park,https://www.allmenus.com/oh/terrace-park/
The Plains,https://www.allmenus.com/oh/the-plains/
Thompson,https://www.allmenus.com/oh/thompson/
Thornville,https://www.allmenus.com/oh/thornville/
Tiffin,https://www.allmenus.com/oh/tiffin/
Tipp City,https://www.allmenus.com/oh/tipp-city/
Toledo,https://www.allmenus.com/oh/toledo/
Toronto,https://www.allmenus.com/oh/toronto/
Trenton,https://www.allmenus.com/oh/trenton/
Trotwood,https://www.allmenus.com/oh/trotwood/
Troy,https://www.allmenus.com/oh/troy/
Twinsburg,https://www.allmenus.com/oh/twinsburg/
Uhrichsville,https://www.allmenus.com/oh/uhrichsville/
Uniontown,https://www.allmenus.com/oh/uniontown/
Upper Arlington,https://www.allmenus.com/oh/upper-arlington/
Upper Sandusky,https://www.allmenus.com/oh/upper-sandusky/
Urbana,https://www.allmenus.com/oh/urbana/
Utica,https://www.allmenus.com/oh/utica/
Valley City,https://www.allmenus.com/oh/valley-city/
Van Wert,https://www.allmenus.com/oh/van-wert/
Vandalia,https://www.allmenus.com/oh/vandalia/
Vermilion,https://www.allmenus.com/oh/vermilion/
Versailles,https://www.allmenus.com/oh/versailles/
Vienna,https://www.allmenus.com/oh/vienna/
Vincent,https://www.allmenus.com/oh/vincent/
Wadsworth,https://www.allmenus.com/oh/wadsworth/
Wakeman,https://www.allmenus.com/oh/wakeman/
Waldo,https://www.allmenus.com/oh/waldo/
Wapakoneta,https://www.allmenus.com/oh/wapakoneta/
Warren,https://www.allmenus.com/oh/warren/
Washington Court House,https://www.allmenus.com/oh/washington-court-house/
Washington Township,https://www.allmenus.com/oh/washington-township/
Waterville,https://www.allmenus.com/oh/waterville/
Wauseon,https://www.allmenus.com/oh/wauseon/
Waverly,https://www.allmenus.com/oh/waverly/
Waynesburg,https://www.allmenus.com/oh/waynesburg/
Waynesville,https://www.allmenus.com/oh/waynesville/
Wellington,https://www.allmenus.com/oh/wellington/
Wellston,https://www.allmenus.com/oh/wellston/
Wellsville,https://www.allmenus.com/oh/wellsville/
West Alexandria,https://www.allmenus.com/oh/west-alexandria/
West Carrollton,https://www.allmenus.com/oh/west-carrollton/
West Chester,https://www.allmenus.com/oh/west-chester/
West Jefferson,https://www.allmenus.com/oh/west-jefferson/
West Lafayette,https://www.allmenus.com/oh/west-lafayette/
West Liberty,https://www.allmenus.com/oh/west-liberty/
West Milton,https://www.allmenus.com/oh/west-milton/
West Salem,https://www.allmenus.com/oh/west-salem/
West Union,https://www.allmenus.com/oh/west-union/
West Unity,https://www.allmenus.com/oh/west-unity/
Westerville,https://www.allmenus.com/oh/westerville/
Westlake,https://www.allmenus.com/oh/westlake/
Weston,https://www.allmenus.com/oh/weston/
Wheelersburg,https://www.allmenus.com/oh/wheelersburg/
Whitehall,https://www.allmenus.com/oh/whitehall/
Whitehouse,https://www.allmenus.com/oh/whitehouse/
Wickliffe,https://www.allmenus.com/oh/wickliffe/
Willard,https://www.allmenus.com/oh/willard/
Williamsburg,https://www.allmenus.com/oh/williamsburg/
Williamsport,https://www.allmenus.com/oh/williamsport/
Willoughby,https://www.allmenus.com/oh/willoughby/
Willowick,https://www.allmenus.com/oh/willowick/
Wilmington,https://www.allmenus.com/oh/wilmington/
Wilmot,https://www.allmenus.com/oh/wilmot/
Windham,https://www.allmenus.com/oh/windham/
Windsor,https://www.allmenus.com/oh/windsor/
Wintersville,https://www.allmenus.com/oh/wintersville/
Woodsfield,https://www.allmenus.com/oh/woodsfield/
Woodville,https://www.allmenus.com/oh/woodville/
Wooster,https://www.allmenus.com/oh/wooster/
Worthington,https://www.allmenus.com/oh/worthington/
Xenia,https://www.allmenus.com/oh/xenia/
Yellow Springs,https://www.allmenus.com/oh/yellow-springs/
Yorkville,https://www.allmenus.com/oh/yorkville/
Youngstown,https://www.allmenus.com/oh/youngstown/
Zanesville,https://www.allmenus.com/oh/zanesville/
