City Name,City URL
Ada,https://www.allmenus.com/ok/ada/
Adair,https://www.allmenus.com/ok/adair/
Afton,https://www.allmenus.com/ok/afton/
Alex,https://www.allmenus.com/ok/alex/
Altus,https://www.allmenus.com/ok/altus/
Alva,https://www.allmenus.com/ok/alva/
Anadarko,https://www.allmenus.com/ok/anadarko/
Antlers,https://www.allmenus.com/ok/antlers/
Apache,https://www.allmenus.com/ok/apache/
Arcadia,https://www.allmenus.com/ok/arcadia/
Ardmore,https://www.allmenus.com/ok/ardmore/
Atoka,https://www.allmenus.com/ok/atoka/
Bartlesville,https://www.allmenus.com/ok/bartlesville/
Beaver,https://www.allmenus.com/ok/beaver/
Beggs,https://www.allmenus.com/ok/beggs/
Bethany,https://www.allmenus.com/ok/bethany/
Big Cabin,https://www.allmenus.com/ok/big-cabin/
Billings,https://www.allmenus.com/ok/billings/
Binger,https://www.allmenus.com/ok/binger/
Bixby,https://www.allmenus.com/ok/bixby/
Blackwell,https://www.allmenus.com/ok/blackwell/
Blanchard,https://www.allmenus.com/ok/blanchard/
Boise City,https://www.allmenus.com/ok/boise-city/
Boswell,https://www.allmenus.com/ok/boswell/
Bristow,https://www.allmenus.com/ok/bristow/
Broken Arrow,https://www.allmenus.com/ok/broken-arrow/
Broken Bow,https://www.allmenus.com/ok/broken-bow/
Buffalo,https://www.allmenus.com/ok/buffalo/
Cache,https://www.allmenus.com/ok/cache/
Calera,https://www.allmenus.com/ok/calera/
Calumet,https://www.allmenus.com/ok/calumet/
Carnegie,https://www.allmenus.com/ok/carnegie/
Cashion,https://www.allmenus.com/ok/cashion/
Catoosa,https://www.allmenus.com/ok/catoosa/
Chandler,https://www.allmenus.com/ok/chandler/
Checotah,https://www.allmenus.com/ok/checotah/
Chelsea,https://www.allmenus.com/ok/chelsea/
Cherokee,https://www.allmenus.com/ok/cherokee/
Chickasha,https://www.allmenus.com/ok/chickasha/
Choctaw,https://www.allmenus.com/ok/choctaw/
Chouteau,https://www.allmenus.com/ok/chouteau/
Claremore,https://www.allmenus.com/ok/claremore/
Clayton,https://www.allmenus.com/ok/clayton/
Cleveland,https://www.allmenus.com/ok/cleveland/
Clinton,https://www.allmenus.com/ok/clinton/
Coalgate,https://www.allmenus.com/ok/coalgate/
Collinsville,https://www.allmenus.com/ok/collinsville/
Comanche,https://www.allmenus.com/ok/comanche/
Cordell,https://www.allmenus.com/ok/cordell/
Coweta,https://www.allmenus.com/ok/coweta/
Coyle,https://www.allmenus.com/ok/coyle/
Crescent,https://www.allmenus.com/ok/crescent/
Cushing,https://www.allmenus.com/ok/cushing/
Davis,https://www.allmenus.com/ok/davis/
Dewey,https://www.allmenus.com/ok/dewey/
Drumright,https://www.allmenus.com/ok/drumright/
Duncan,https://www.allmenus.com/ok/duncan/
Durant,https://www.allmenus.com/ok/durant/
Edmond,https://www.allmenus.com/ok/edmond/
El Reno,https://www.allmenus.com/ok/el-reno/
Elgin,https://www.allmenus.com/ok/elgin/
Elk City,https://www.allmenus.com/ok/elk-city/
Enid,https://www.allmenus.com/ok/enid/
Erick,https://www.allmenus.com/ok/erick/
Eufaula,https://www.allmenus.com/ok/eufaula/
Fairland,https://www.allmenus.com/ok/fairland/
Fairview,https://www.allmenus.com/ok/fairview/
Fort Cobb,https://www.allmenus.com/ok/fort-cobb/
Fort Gibson,https://www.allmenus.com/ok/fort-gibson/
Fort Sill,https://www.allmenus.com/ok/fort-sill/
Frederick,https://www.allmenus.com/ok/frederick/
Garber,https://www.allmenus.com/ok/garber/
Glenpool,https://www.allmenus.com/ok/glenpool/
Gore,https://www.allmenus.com/ok/gore/
Grandfield,https://www.allmenus.com/ok/grandfield/
Grove,https://www.allmenus.com/ok/grove/
Guthrie,https://www.allmenus.com/ok/guthrie/
Guymon,https://www.allmenus.com/ok/guymon/
Harrah,https://www.allmenus.com/ok/harrah/
Hartshorne,https://www.allmenus.com/ok/hartshorne/
Haskell,https://www.allmenus.com/ok/haskell/
Healdton,https://www.allmenus.com/ok/healdton/
Heavener,https://www.allmenus.com/ok/heavener/
Hennessey,https://www.allmenus.com/ok/hennessey/
Henryetta,https://www.allmenus.com/ok/henryetta/
Hinton,https://www.allmenus.com/ok/hinton/
Hobart,https://www.allmenus.com/ok/hobart/
Holdenville,https://www.allmenus.com/ok/holdenville/
Hollis,https://www.allmenus.com/ok/hollis/
Hominy,https://www.allmenus.com/ok/hominy/
Hooker,https://www.allmenus.com/ok/hooker/
Hugo,https://www.allmenus.com/ok/hugo/
Hulbert,https://www.allmenus.com/ok/hulbert/
Idabel,https://www.allmenus.com/ok/idabel/
Inola,https://www.allmenus.com/ok/inola/
Jay,https://www.allmenus.com/ok/jay/
Jenks,https://www.allmenus.com/ok/jenks/
Jones,https://www.allmenus.com/ok/jones/
Kansas,https://www.allmenus.com/ok/kansas/
Kellyville,https://www.allmenus.com/ok/kellyville/
Keota,https://www.allmenus.com/ok/keota/
Kingfisher,https://www.allmenus.com/ok/kingfisher/
Kingston,https://www.allmenus.com/ok/kingston/
Konawa,https://www.allmenus.com/ok/konawa/
Lawton,https://www.allmenus.com/ok/lawton/
Lexington,https://www.allmenus.com/ok/lexington/
Lindsay,https://www.allmenus.com/ok/lindsay/
Locust Grove,https://www.allmenus.com/ok/locust-grove/
Lone Grove,https://www.allmenus.com/ok/lone-grove/
Luther,https://www.allmenus.com/ok/luther/
Madill,https://www.allmenus.com/ok/madill/
Mangum,https://www.allmenus.com/ok/mangum/
Mannford,https://www.allmenus.com/ok/mannford/
Marietta,https://www.allmenus.com/ok/marietta/
Marlow,https://www.allmenus.com/ok/marlow/
Mcalester,https://www.allmenus.com/ok/mcalester/
Mcloud,https://www.allmenus.com/ok/mcloud/
Meeker,https://www.allmenus.com/ok/meeker/
Miami,https://www.allmenus.com/ok/miami/
Midwest City,https://www.allmenus.com/ok/midwest-city/
Minco,https://www.allmenus.com/ok/minco/
Moore,https://www.allmenus.com/ok/moore/
Morrison,https://www.allmenus.com/ok/morrison/
Mounds,https://www.allmenus.com/ok/mounds/
Mountain View,https://www.allmenus.com/ok/mountain-view/
Muldrow,https://www.allmenus.com/ok/muldrow/
Muskogee,https://www.allmenus.com/ok/muskogee/
Mustang,https://www.allmenus.com/ok/mustang/
Newalla,https://www.allmenus.com/ok/newalla/
Newcastle,https://www.allmenus.com/ok/newcastle/
Newkirk,https://www.allmenus.com/ok/newkirk/
Ninnekah,https://www.allmenus.com/ok/ninnekah/
Noble,https://www.allmenus.com/ok/noble/
Norman,https://www.allmenus.com/ok/norman/
Nowata,https://www.allmenus.com/ok/nowata/
Okarche,https://www.allmenus.com/ok/okarche/
Okemah,https://www.allmenus.com/ok/okemah/
Oklahoma City,https://www.allmenus.com/ok/oklahoma-city/
Okmulgee,https://www.allmenus.com/ok/okmulgee/
Oologah,https://www.allmenus.com/ok/oologah/
Owasso,https://www.allmenus.com/ok/owasso/
Pauls Valley,https://www.allmenus.com/ok/pauls-valley/
Pawhuska,https://www.allmenus.com/ok/pawhuska/
Pawnee,https://www.allmenus.com/ok/pawnee/
Perkins,https://www.allmenus.com/ok/perkins/
Perry,https://www.allmenus.com/ok/perry/
Piedmont,https://www.allmenus.com/ok/piedmont/
Pocola,https://www.allmenus.com/ok/pocola/
Ponca City,https://www.allmenus.com/ok/ponca-city/
Porter,https://www.allmenus.com/ok/porter/
Porum,https://www.allmenus.com/ok/porum/
Poteau,https://www.allmenus.com/ok/poteau/
Prague,https://www.allmenus.com/ok/prague/
Prue,https://www.allmenus.com/ok/prue/
Pryor,https://www.allmenus.com/ok/pryor/
Purcell,https://www.allmenus.com/ok/purcell/
Quapaw,https://www.allmenus.com/ok/quapaw/
Quinton,https://www.allmenus.com/ok/quinton/
Randlett,https://www.allmenus.com/ok/randlett/
Ringling,https://www.allmenus.com/ok/ringling/
Roland,https://www.allmenus.com/ok/roland/
Roosevelt,https://www.allmenus.com/ok/roosevelt/
Ryan,https://www.allmenus.com/ok/ryan/
S Coffeyville,https://www.allmenus.com/ok/s-coffeyville/
Salina,https://www.allmenus.com/ok/salina/
Sallisaw,https://www.allmenus.com/ok/sallisaw/
Sand Springs,https://www.allmenus.com/ok/sand-springs/
Sapulpa,https://www.allmenus.com/ok/sapulpa/
Sayre,https://www.allmenus.com/ok/sayre/
Seiling,https://www.allmenus.com/ok/seiling/
Seminole,https://www.allmenus.com/ok/seminole/
Shattuck,https://www.allmenus.com/ok/shattuck/
Shawnee,https://www.allmenus.com/ok/shawnee/
Skiatook,https://www.allmenus.com/ok/skiatook/
Spiro,https://www.allmenus.com/ok/spiro/
Springer,https://www.allmenus.com/ok/springer/
Stigler,https://www.allmenus.com/ok/stigler/
Stillwater,https://www.allmenus.com/ok/stillwater/
Stilwell,https://www.allmenus.com/ok/stilwell/
Stratford,https://www.allmenus.com/ok/stratford/
Stroud,https://www.allmenus.com/ok/stroud/
Sulphur,https://www.allmenus.com/ok/sulphur/
Tahlequah,https://www.allmenus.com/ok/tahlequah/
Talihina,https://www.allmenus.com/ok/talihina/
Tecumseh,https://www.allmenus.com/ok/tecumseh/
Texhoma,https://www.allmenus.com/ok/texhoma/
Thackerville,https://www.allmenus.com/ok/thackerville/
Tinker Afb,https://www.allmenus.com/ok/tinker-afb/
Tishomingo,https://www.allmenus.com/ok/tishomingo/
Tonkawa,https://www.allmenus.com/ok/tonkawa/
Tulsa,https://www.allmenus.com/ok/tulsa/
Tuttle,https://www.allmenus.com/ok/tuttle/
Union City,https://www.allmenus.com/ok/union-city/
Valliant,https://www.allmenus.com/ok/valliant/
Verden,https://www.allmenus.com/ok/verden/
Vian,https://www.allmenus.com/ok/vian/
Vinita,https://www.allmenus.com/ok/vinita/
Wagoner,https://www.allmenus.com/ok/wagoner/
Walters,https://www.allmenus.com/ok/walters/
Wanette,https://www.allmenus.com/ok/wanette/
Warner,https://www.allmenus.com/ok/warner/
Washington,https://www.allmenus.com/ok/washington/
Watonga,https://www.allmenus.com/ok/watonga/
Waukomis,https://www.allmenus.com/ok/waukomis/
Waurika,https://www.allmenus.com/ok/waurika/
Weatherford,https://www.allmenus.com/ok/weatherford/
Webbers Falls,https://www.allmenus.com/ok/webbers-falls/
Welch,https://www.allmenus.com/ok/welch/
Wellston,https://www.allmenus.com/ok/wellston/
Westville,https://www.allmenus.com/ok/westville/
Wetumka,https://www.allmenus.com/ok/wetumka/
Wewoka,https://www.allmenus.com/ok/wewoka/
Wilburton,https://www.allmenus.com/ok/wilburton/
Wilson,https://www.allmenus.com/ok/wilson/
Wister,https://www.allmenus.com/ok/wister/
Woodward,https://www.allmenus.com/ok/woodward/
Wynnewood,https://www.allmenus.com/ok/wynnewood/
Yukon,https://www.allmenus.com/ok/yukon/
