City Name,City URL
Abington,https://www.allmenus.com/pa/abington/
Allentown,https://www.allmenus.com/pa/allentown/
Bala Cynwyd,https://www.allmenus.com/pa/bala-cynwyd/
Hershey,https://www.allmenus.com/pa/hershey/
Hickory,https://www.allmenus.com/pa/hickory/
Highspire,https://www.allmenus.com/pa/highspire/
Hollidaysburg,https://www.allmenus.com/pa/hollidaysburg/
Holmes,https://www.allmenus.com/pa/holmes/
Home,https://www.allmenus.com/pa/home/
Huntingdon Valley,https://www.allmenus.com/pa/huntingdon-valley/
Imperial,https://www.allmenus.com/pa/imperial/
Indiana,https://www.allmenus.com/pa/indiana/
Indianola,https://www.allmenus.com/pa/indianola/
Industry,https://www.allmenus.com/pa/industry/
Irwin,https://www.allmenus.com/pa/irwin/
Jim Thorpe,https://www.allmenus.com/pa/jim-thorpe/
Johnsonburg,https://www.allmenus.com/pa/johnsonburg/
Johnstown,https://www.allmenus.com/pa/johnstown/
Jones Mills,https://www.allmenus.com/pa/jones-mills/
Jonestown,https://www.allmenus.com/pa/jonestown/
Kane,https://www.allmenus.com/pa/kane/
Kempton,https://www.allmenus.com/pa/kempton/
Kennett Square,https://www.allmenus.com/pa/kennett-square/
King Of Prussia,https://www.allmenus.com/pa/king-of-prussia/
Orangeville,https://www.allmenus.com/pa/orangeville/
Orbisonia,https://www.allmenus.com/pa/orbisonia/
Orefield,https://www.allmenus.com/pa/orefield/
Oreland,https://www.allmenus.com/pa/oreland/
Orwigsburg,https://www.allmenus.com/pa/orwigsburg/
Osceola Mills,https://www.allmenus.com/pa/osceola-mills/
Ottsville,https://www.allmenus.com/pa/ottsville/
Oxford,https://www.allmenus.com/pa/oxford/
Palm,https://www.allmenus.com/pa/palm/
Palmer,https://www.allmenus.com/pa/palmer/
Palmerton,https://www.allmenus.com/pa/palmerton/
Palmyra,https://www.allmenus.com/pa/palmyra/
Paoli,https://www.allmenus.com/pa/paoli/
Paradise,https://www.allmenus.com/pa/paradise/
Parkesburg,https://www.allmenus.com/pa/parkesburg/
Patton,https://www.allmenus.com/pa/patton/
Paxinos,https://www.allmenus.com/pa/paxinos/
Peckville,https://www.allmenus.com/pa/peckville/
Pen Argyl,https://www.allmenus.com/pa/pen-argyl/
Penn,https://www.allmenus.com/pa/penn/
Penn Hills,https://www.allmenus.com/pa/penn-hills/
Penndel,https://www.allmenus.com/pa/penndel/
Pequea,https://www.allmenus.com/pa/pequea/
Perkasie,https://www.allmenus.com/pa/perkasie/
Perkiomenville,https://www.allmenus.com/pa/perkiomenville/
Perryopolis,https://www.allmenus.com/pa/perryopolis/
Petersburg,https://www.allmenus.com/pa/petersburg/
Philadelphia,https://www.allmenus.com/pa/philadelphia/
Philipsburg,https://www.allmenus.com/pa/philipsburg/
Phoenixville,https://www.allmenus.com/pa/phoenixville/
Pine Grove,https://www.allmenus.com/pa/pine-grove/
Pipersville,https://www.allmenus.com/pa/pipersville/
Pitcairn,https://www.allmenus.com/pa/pitcairn/
Pittsburgh,https://www.allmenus.com/pa/pittsburgh/
Pittsfield,https://www.allmenus.com/pa/pittsfield/