City Name,City URL
Abernathy,https://www.allmenus.com/tx/abernathy/
Abilene,https://www.allmenus.com/tx/abilene/
Acton,https://www.allmenus.com/tx/acton/
Addison,https://www.allmenus.com/tx/addison/
Adkins,https://www.allmenus.com/tx/adkins/
Alamo,https://www.allmenus.com/tx/alamo/
Alamo Heights,https://www.allmenus.com/tx/alamo-heights/
Albany,https://www.allmenus.com/tx/albany/
Aledo,https://www.allmenus.com/tx/aledo/
Alice,https://www.allmenus.com/tx/alice/
Allen,https://www.allmenus.com/tx/allen/
Alpine,https://www.allmenus.com/tx/alpine/
Alto,https://www.allmenus.com/tx/alto/
Alvarado,https://www.allmenus.com/tx/alvarado/
Alvin,https://www.allmenus.com/tx/alvin/
Alvord,https://www.allmenus.com/tx/alvord/
Amarillo,https://www.allmenus.com/tx/amarillo/
Anahuac,https://www.allmenus.com/tx/anahuac/
Anderson,https://www.allmenus.com/tx/anderson/
Andrews,https://www.allmenus.com/tx/andrews/
Angleton,https://www.allmenus.com/tx/angleton/
Anna,https://www.allmenus.com/tx/anna/
Anson,https://www.allmenus.com/tx/anson/
Apple Springs,https://www.allmenus.com/tx/apple-springs/
Aransas Pass,https://www.allmenus.com/tx/aransas-pass/
Argyle,https://www.allmenus.com/tx/argyle/
Arlington,https://www.allmenus.com/tx/arlington/
Asherton,https://www.allmenus.com/tx/asherton/
Athens,https://www.allmenus.com/tx/athens/
Atlanta,https://www.allmenus.com/tx/atlanta/
Aubrey,https://www.allmenus.com/tx/aubrey/
Austin,https://www.allmenus.com/tx/austin/
Avery,https://www.allmenus.com/tx/avery/
Azle,https://www.allmenus.com/tx/azle/
Bacliff,https://www.allmenus.com/tx/bacliff/
Baird,https://www.allmenus.com/tx/baird/
Balch Springs,https://www.allmenus.com/tx/balch-springs/
Ballinger,https://www.allmenus.com/tx/ballinger/
Bandera,https://www.allmenus.com/tx/bandera/
Bangs,https://www.allmenus.com/tx/bangs/
Bastrop,https://www.allmenus.com/tx/bastrop/
Batson,https://www.allmenus.com/tx/batson/
Bay City,https://www.allmenus.com/tx/bay-city/
Bayside,https://www.allmenus.com/tx/bayside/
Baytown,https://www.allmenus.com/tx/baytown/
Beasley,https://www.allmenus.com/tx/beasley/
Beaumont,https://www.allmenus.com/tx/beaumont/
Bedford,https://www.allmenus.com/tx/bedford/
Beeville,https://www.allmenus.com/tx/beeville/
Bellaire,https://www.allmenus.com/tx/bellaire/
Bellmead,https://www.allmenus.com/tx/bellmead/
Bells,https://www.allmenus.com/tx/bells/
Bellville,https://www.allmenus.com/tx/bellville/
Belton,https://www.allmenus.com/tx/belton/
Ben Wheeler,https://www.allmenus.com/tx/ben-wheeler/
Benbrook,https://www.allmenus.com/tx/benbrook/
Big Lake,https://www.allmenus.com/tx/big-lake/
Big Sandy,https://www.allmenus.com/tx/big-sandy/
Big Spring,https://www.allmenus.com/tx/big-spring/
Bishop,https://www.allmenus.com/tx/bishop/
Blanco,https://www.allmenus.com/tx/blanco/
Boerne,https://www.allmenus.com/tx/boerne/
Bonham,https://www.allmenus.com/tx/bonham/
Borger,https://www.allmenus.com/tx/borger/
Bowie,https://www.allmenus.com/tx/bowie/
Boyd,https://www.allmenus.com/tx/boyd/
Brackettville,https://www.allmenus.com/tx/brackettville/
Brady,https://www.allmenus.com/tx/brady/
Brashear,https://www.allmenus.com/tx/brashear/
Brazoria,https://www.allmenus.com/tx/brazoria/
Breckenridge,https://www.allmenus.com/tx/breckenridge/
Brenham,https://www.allmenus.com/tx/brenham/
Bridge City,https://www.allmenus.com/tx/bridge-city/
Bridgeport,https://www.allmenus.com/tx/bridgeport/
Bronte,https://www.allmenus.com/tx/bronte/
Brookeland,https://www.allmenus.com/tx/brookeland/
Brookshire,https://www.allmenus.com/tx/brookshire/
Brownfield,https://www.allmenus.com/tx/brownfield/
Brownsboro,https://www.allmenus.com/tx/brownsboro/
Brownsville,https://www.allmenus.com/tx/brownsville/
Brownwood,https://www.allmenus.com/tx/brownwood/
Bryan,https://www.allmenus.com/tx/bryan/
Buda,https://www.allmenus.com/tx/buda/
Buffalo,https://www.allmenus.com/tx/buffalo/
Buffalo Gap,https://www.allmenus.com/tx/buffalo-gap/
Bullard,https://www.allmenus.com/tx/bullard/
Buna,https://www.allmenus.com/tx/buna/
Burkburnett,https://www.allmenus.com/tx/burkburnett/
Burleson,https://www.allmenus.com/tx/burleson/
Burnet,https://www.allmenus.com/tx/burnet/
Burton,https://www.allmenus.com/tx/burton/
Byers,https://www.allmenus.com/tx/byers/
Caddo Mills,https://www.allmenus.com/tx/caddo-mills/
Caldwell,https://www.allmenus.com/tx/caldwell/
Calvert,https://www.allmenus.com/tx/calvert/
Cameron,https://www.allmenus.com/tx/cameron/
Canadian,https://www.allmenus.com/tx/canadian/
Canton,https://www.allmenus.com/tx/canton/
Canutillo,https://www.allmenus.com/tx/canutillo/
Canyon,https://www.allmenus.com/tx/canyon/
Canyon Lake,https://www.allmenus.com/tx/canyon-lake/
Carmine,https://www.allmenus.com/tx/carmine/
Carrizo Springs,https://www.allmenus.com/tx/carrizo-springs/
Carrollton,https://www.allmenus.com/tx/carrollton/
Carthage,https://www.allmenus.com/tx/carthage/
Castroville,https://www.allmenus.com/tx/castroville/
Cat Spring,https://www.allmenus.com/tx/cat-spring/
Cedar Creek,https://www.allmenus.com/tx/cedar-creek/
Cedar Hill,https://www.allmenus.com/tx/cedar-hill/
Cedar Park,https://www.allmenus.com/tx/cedar-park/
Celina,https://www.allmenus.com/tx/celina/
Center,https://www.allmenus.com/tx/center/
Center Point,https://www.allmenus.com/tx/center-point/
Centerville,https://www.allmenus.com/tx/centerville/
Chandler,https://www.allmenus.com/tx/chandler/
Channelview,https://www.allmenus.com/tx/channelview/
Chappell Hill,https://www.allmenus.com/tx/chappell-hill/
Chico,https://www.allmenus.com/tx/chico/
Childress,https://www.allmenus.com/tx/childress/
China Spring,https://www.allmenus.com/tx/china-spring/
Cibolo,https://www.allmenus.com/tx/cibolo/
Cisco,https://www.allmenus.com/tx/cisco/
Clarendon,https://www.allmenus.com/tx/clarendon/
Clarksville,https://www.allmenus.com/tx/clarksville/
Claude,https://www.allmenus.com/tx/claude/
Cleburne,https://www.allmenus.com/tx/cleburne/
Cleveland,https://www.allmenus.com/tx/cleveland/
Clifton,https://www.allmenus.com/tx/clifton/
Clint,https://www.allmenus.com/tx/clint/
Clute,https://www.allmenus.com/tx/clute/
Clyde,https://www.allmenus.com/tx/clyde/
Coldspring,https://www.allmenus.com/tx/coldspring/
Coleman,https://www.allmenus.com/tx/coleman/
College Station,https://www.allmenus.com/tx/college-station/
Colleyville,https://www.allmenus.com/tx/colleyville/
Collinsville,https://www.allmenus.com/tx/collinsville/
Colorado City,https://www.allmenus.com/tx/colorado-city/
Columbus,https://www.allmenus.com/tx/columbus/
Comanche,https://www.allmenus.com/tx/comanche/
Comfort,https://www.allmenus.com/tx/comfort/
Commerce,https://www.allmenus.com/tx/commerce/
Conroe,https://www.allmenus.com/tx/conroe/
Converse,https://www.allmenus.com/tx/converse/
Coppell,https://www.allmenus.com/tx/coppell/
Copperas Cove,https://www.allmenus.com/tx/copperas-cove/
Corpus Christi,https://www.allmenus.com/tx/corpus-christi/
Corrigan,https://www.allmenus.com/tx/corrigan/
Corsicana,https://www.allmenus.com/tx/corsicana/
Cotulla,https://www.allmenus.com/tx/cotulla/
Coupland,https://www.allmenus.com/tx/coupland/
Crandall,https://www.allmenus.com/tx/crandall/
Crane,https://www.allmenus.com/tx/crane/
Crawford,https://www.allmenus.com/tx/crawford/
Cresson,https://www.allmenus.com/tx/cresson/
Crockett,https://www.allmenus.com/tx/crockett/
Crosby,https://www.allmenus.com/tx/crosby/
Crosbyton,https://www.allmenus.com/tx/crosbyton/
Cross Plains,https://www.allmenus.com/tx/cross-plains/
Crowley,https://www.allmenus.com/tx/crowley/
Crystal City,https://www.allmenus.com/tx/crystal-city/
Cuero,https://www.allmenus.com/tx/cuero/
Cypress,https://www.allmenus.com/tx/cypress/
Daingerfield,https://www.allmenus.com/tx/daingerfield/
Dalhart,https://www.allmenus.com/tx/dalhart/
Dallas,https://www.allmenus.com/tx/dallas/
Dawson,https://www.allmenus.com/tx/dawson/
Dayton,https://www.allmenus.com/tx/dayton/
De Kalb,https://www.allmenus.com/tx/de-kalb/
De Leon,https://www.allmenus.com/tx/de-leon/
Decatur,https://www.allmenus.com/tx/decatur/
Deer Park,https://www.allmenus.com/tx/deer-park/
Del Rio,https://www.allmenus.com/tx/del-rio/
Del Valle,https://www.allmenus.com/tx/del-valle/
Dell City,https://www.allmenus.com/tx/dell-city/
Denison,https://www.allmenus.com/tx/denison/
Denton,https://www.allmenus.com/tx/denton/
Denver City,https://www.allmenus.com/tx/denver-city/
Desoto,https://www.allmenus.com/tx/desoto/
Devers,https://www.allmenus.com/tx/devers/
Devine,https://www.allmenus.com/tx/devine/
Diana,https://www.allmenus.com/tx/diana/
Diboll,https://www.allmenus.com/tx/diboll/
Dickinson,https://www.allmenus.com/tx/dickinson/
Dilley,https://www.allmenus.com/tx/dilley/
Dimmitt,https://www.allmenus.com/tx/dimmitt/
Donna,https://www.allmenus.com/tx/donna/
Doss,https://www.allmenus.com/tx/doss/
Douglass,https://www.allmenus.com/tx/douglass/
Driftwood,https://www.allmenus.com/tx/driftwood/
Dripping Springs,https://www.allmenus.com/tx/dripping-springs/
Dublin,https://www.allmenus.com/tx/dublin/
Dumas,https://www.allmenus.com/tx/dumas/
Duncanville,https://www.allmenus.com/tx/duncanville/
Dyess Afb,https://www.allmenus.com/tx/dyess-afb/
Eagle Lake,https://www.allmenus.com/tx/eagle-lake/
Eagle Pass,https://www.allmenus.com/tx/eagle-pass/
Early,https://www.allmenus.com/tx/early/
East Bernard,https://www.allmenus.com/tx/east-bernard/
Eastland,https://www.allmenus.com/tx/eastland/
Edcouch,https://www.allmenus.com/tx/edcouch/
Eddy,https://www.allmenus.com/tx/eddy/
Eden,https://www.allmenus.com/tx/eden/
Edgewood,https://www.allmenus.com/tx/edgewood/
Edinburg,https://www.allmenus.com/tx/edinburg/
Edna,https://www.allmenus.com/tx/edna/
El Campo,https://www.allmenus.com/tx/el-campo/
El Paso,https://www.allmenus.com/tx/el-paso/
Eldorado,https://www.allmenus.com/tx/eldorado/
Electra,https://www.allmenus.com/tx/electra/
Elgin,https://www.allmenus.com/tx/elgin/
Elkhart,https://www.allmenus.com/tx/elkhart/
Elm Mott,https://www.allmenus.com/tx/elm-mott/
Emory,https://www.allmenus.com/tx/emory/
Ennis,https://www.allmenus.com/tx/ennis/
Era,https://www.allmenus.com/tx/era/
Euless,https://www.allmenus.com/tx/euless/
Eustace,https://www.allmenus.com/tx/eustace/
Fairfield,https://www.allmenus.com/tx/fairfield/
Falfurrias,https://www.allmenus.com/tx/falfurrias/
Farmers Branch,https://www.allmenus.com/tx/farmers-branch/
Farmersville,https://www.allmenus.com/tx/farmersville/
Ferris,https://www.allmenus.com/tx/ferris/
Flatonia,https://www.allmenus.com/tx/flatonia/
Flint,https://www.allmenus.com/tx/flint/
Floresville,https://www.allmenus.com/tx/floresville/
Flower Mound,https://www.allmenus.com/tx/flower-mound/
Floydada,https://www.allmenus.com/tx/floydada/
Forney,https://www.allmenus.com/tx/forney/
Fort Bliss,https://www.allmenus.com/tx/fort-bliss/
Fort Hood,https://www.allmenus.com/tx/fort-hood/
Fort Sam Houston,https://www.allmenus.com/tx/fort-sam-houston/
Fort Stockton,https://www.allmenus.com/tx/fort-stockton/
Fort Worth,https://www.allmenus.com/tx/fort-worth/
Franklin,https://www.allmenus.com/tx/franklin/
Frankston,https://www.allmenus.com/tx/frankston/
Fredericksburg,https://www.allmenus.com/tx/fredericksburg/
Freeport,https://www.allmenus.com/tx/freeport/
Fresno,https://www.allmenus.com/tx/fresno/
Friendswood,https://www.allmenus.com/tx/friendswood/
Friona,https://www.allmenus.com/tx/friona/
Frisco,https://www.allmenus.com/tx/frisco/
Fritch,https://www.allmenus.com/tx/fritch/
Fruitvale,https://www.allmenus.com/tx/fruitvale/
Fulshear,https://www.allmenus.com/tx/fulshear/
Gainesville,https://www.allmenus.com/tx/gainesville/
Galena Park,https://www.allmenus.com/tx/galena-park/
Galveston,https://www.allmenus.com/tx/galveston/
Ganado,https://www.allmenus.com/tx/ganado/
Garland,https://www.allmenus.com/tx/garland/
Gatesville,https://www.allmenus.com/tx/gatesville/
George West,https://www.allmenus.com/tx/george-west/
Georgetown,https://www.allmenus.com/tx/georgetown/
Giddings,https://www.allmenus.com/tx/giddings/
Gilmer,https://www.allmenus.com/tx/gilmer/
Gladewater,https://www.allmenus.com/tx/gladewater/
Glen Rose,https://www.allmenus.com/tx/glen-rose/
Godley,https://www.allmenus.com/tx/godley/
Goldthwaite,https://www.allmenus.com/tx/goldthwaite/
Goliad,https://www.allmenus.com/tx/goliad/
Gonzales,https://www.allmenus.com/tx/gonzales/
Goodrich,https://www.allmenus.com/tx/goodrich/
Goree,https://www.allmenus.com/tx/goree/
Gorman,https://www.allmenus.com/tx/gorman/
Graford,https://www.allmenus.com/tx/graford/
Graham,https://www.allmenus.com/tx/graham/
Granbury,https://www.allmenus.com/tx/granbury/
Grand Prairie,https://www.allmenus.com/tx/grand-prairie/
Grand Saline,https://www.allmenus.com/tx/grand-saline/
Grandview,https://www.allmenus.com/tx/grandview/
Granger,https://www.allmenus.com/tx/granger/
Grapeland,https://www.allmenus.com/tx/grapeland/
Grapevine,https://www.allmenus.com/tx/grapevine/
Greenville,https://www.allmenus.com/tx/greenville/
Groesbeck,https://www.allmenus.com/tx/groesbeck/
Groves,https://www.allmenus.com/tx/groves/
Groveton,https://www.allmenus.com/tx/groveton/
Gunter,https://www.allmenus.com/tx/gunter/
Hallettsville,https://www.allmenus.com/tx/hallettsville/
Hallsville,https://www.allmenus.com/tx/hallsville/
Haltom City,https://www.allmenus.com/tx/haltom-city/
Hamilton,https://www.allmenus.com/tx/hamilton/
Hamlin,https://www.allmenus.com/tx/hamlin/
Hamshire,https://www.allmenus.com/tx/hamshire/
Hankamer,https://www.allmenus.com/tx/hankamer/
Harker Heights,https://www.allmenus.com/tx/harker-heights/
Harlingen,https://www.allmenus.com/tx/harlingen/
Harper,https://www.allmenus.com/tx/harper/
Harrold,https://www.allmenus.com/tx/harrold/
Haskell,https://www.allmenus.com/tx/haskell/
Haslet,https://www.allmenus.com/tx/haslet/
Hawkins,https://www.allmenus.com/tx/hawkins/
Hawley,https://www.allmenus.com/tx/hawley/
Hearne,https://www.allmenus.com/tx/hearne/
Hebbronville,https://www.allmenus.com/tx/hebbronville/
Helotes,https://www.allmenus.com/tx/helotes/
Hemphill,https://www.allmenus.com/tx/hemphill/
Hempstead,https://www.allmenus.com/tx/hempstead/
Henderson,https://www.allmenus.com/tx/henderson/
Henrietta,https://www.allmenus.com/tx/henrietta/
Hereford,https://www.allmenus.com/tx/hereford/
Hewitt,https://www.allmenus.com/tx/hewitt/
Hico,https://www.allmenus.com/tx/hico/
Hidalgo,https://www.allmenus.com/tx/hidalgo/
Highlands,https://www.allmenus.com/tx/highlands/
Hillsboro,https://www.allmenus.com/tx/hillsboro/
Hitchcock,https://www.allmenus.com/tx/hitchcock/
Hockley,https://www.allmenus.com/tx/hockley/
Holliday,https://www.allmenus.com/tx/holliday/
Hondo,https://www.allmenus.com/tx/hondo/
Honey Grove,https://www.allmenus.com/tx/honey-grove/
Hooks,https://www.allmenus.com/tx/hooks/
Horseshoe Bay,https://www.allmenus.com/tx/horseshoe-bay/
Houston,https://www.allmenus.com/tx/houston/
Howe,https://www.allmenus.com/tx/howe/
Hubbard,https://www.allmenus.com/tx/hubbard/
Huffman,https://www.allmenus.com/tx/huffman/
Hughes Springs,https://www.allmenus.com/tx/hughes-springs/
Humble,https://www.allmenus.com/tx/humble/
Huntington,https://www.allmenus.com/tx/huntington/
Huntsville,https://www.allmenus.com/tx/huntsville/
Hurst,https://www.allmenus.com/tx/hurst/
Hutchins,https://www.allmenus.com/tx/hutchins/
Hutto,https://www.allmenus.com/tx/hutto/
Idalou,https://www.allmenus.com/tx/idalou/
Ingleside,https://www.allmenus.com/tx/ingleside/
Ingram,https://www.allmenus.com/tx/ingram/
Iowa Park,https://www.allmenus.com/tx/iowa-park/
Irving,https://www.allmenus.com/tx/irving/
Italy,https://www.allmenus.com/tx/italy/
Itasca,https://www.allmenus.com/tx/itasca/
Jacksboro,https://www.allmenus.com/tx/jacksboro/
Jacksonville,https://www.allmenus.com/tx/jacksonville/
Jarrell,https://www.allmenus.com/tx/jarrell/
Jasper,https://www.allmenus.com/tx/jasper/
Jefferson,https://www.allmenus.com/tx/jefferson/
Joaquin,https://www.allmenus.com/tx/joaquin/
Johnson City,https://www.allmenus.com/tx/johnson-city/
Joshua,https://www.allmenus.com/tx/joshua/
Jourdanton,https://www.allmenus.com/tx/jourdanton/
Junction,https://www.allmenus.com/tx/junction/
Justin,https://www.allmenus.com/tx/justin/
Karnack,https://www.allmenus.com/tx/karnack/
Karnes City,https://www.allmenus.com/tx/karnes-city/
Katy,https://www.allmenus.com/tx/katy/
Kaufman,https://www.allmenus.com/tx/kaufman/
Keene,https://www.allmenus.com/tx/keene/
Keller,https://www.allmenus.com/tx/keller/
Kemah,https://www.allmenus.com/tx/kemah/
Kemp,https://www.allmenus.com/tx/kemp/
Kenedy,https://www.allmenus.com/tx/kenedy/
Kennedale,https://www.allmenus.com/tx/kennedale/
Kermit,https://www.allmenus.com/tx/kermit/
Kerrville,https://www.allmenus.com/tx/kerrville/
Kilgore,https://www.allmenus.com/tx/kilgore/
Killeen,https://www.allmenus.com/tx/killeen/
Kingsland,https://www.allmenus.com/tx/kingsland/
Kingsville,https://www.allmenus.com/tx/kingsville/
Kingwood,https://www.allmenus.com/tx/kingwood/
Kirbyville,https://www.allmenus.com/tx/kirbyville/
Kountze,https://www.allmenus.com/tx/kountze/
Krum,https://www.allmenus.com/tx/krum/
Kyle,https://www.allmenus.com/tx/kyle/
La Feria,https://www.allmenus.com/tx/la-feria/
La Grange,https://www.allmenus.com/tx/la-grange/
La Joya,https://www.allmenus.com/tx/la-joya/
La Marque,https://www.allmenus.com/tx/la-marque/
La Porte,https://www.allmenus.com/tx/la-porte/
La Vernia,https://www.allmenus.com/tx/la-vernia/
Lake Dallas,https://www.allmenus.com/tx/lake-dallas/
Lake Jackson,https://www.allmenus.com/tx/lake-jackson/
Lake Worth,https://www.allmenus.com/tx/lake-worth/
Lakeview,https://www.allmenus.com/tx/lakeview/
Lamesa,https://www.allmenus.com/tx/lamesa/
Lampasas,https://www.allmenus.com/tx/lampasas/
Lancaster,https://www.allmenus.com/tx/lancaster/
Laredo,https://www.allmenus.com/tx/laredo/
Lavon,https://www.allmenus.com/tx/lavon/
Lawn,https://www.allmenus.com/tx/lawn/
League City,https://www.allmenus.com/tx/league-city/
Leakey,https://www.allmenus.com/tx/leakey/
Leander,https://www.allmenus.com/tx/leander/
Leon Valley,https://www.allmenus.com/tx/leon-valley/
Leonard,https://www.allmenus.com/tx/leonard/
Levelland,https://www.allmenus.com/tx/levelland/
Lewisville,https://www.allmenus.com/tx/lewisville/
Lexington,https://www.allmenus.com/tx/lexington/
Liberty,https://www.allmenus.com/tx/liberty/
Liberty Hill,https://www.allmenus.com/tx/liberty-hill/
Lindale,https://www.allmenus.com/tx/lindale/
Linden,https://www.allmenus.com/tx/linden/
Lindsay,https://www.allmenus.com/tx/lindsay/
Lipan,https://www.allmenus.com/tx/lipan/
Little Elm,https://www.allmenus.com/tx/little-elm/
Littlefield,https://www.allmenus.com/tx/littlefield/
Livingston,https://www.allmenus.com/tx/livingston/
Llano,https://www.allmenus.com/tx/llano/
Lockhart,https://www.allmenus.com/tx/lockhart/
Lone Oak,https://www.allmenus.com/tx/lone-oak/
Lone Star,https://www.allmenus.com/tx/lone-star/
Longview,https://www.allmenus.com/tx/longview/
Lorena,https://www.allmenus.com/tx/lorena/
Los Fresnos,https://www.allmenus.com/tx/los-fresnos/
Lott,https://www.allmenus.com/tx/lott/
Lovelady,https://www.allmenus.com/tx/lovelady/
Lubbock,https://www.allmenus.com/tx/lubbock/
Lufkin,https://www.allmenus.com/tx/lufkin/
Luling,https://www.allmenus.com/tx/luling/
Lumberton,https://www.allmenus.com/tx/lumberton/
Lyford,https://www.allmenus.com/tx/lyford/
Lytle,https://www.allmenus.com/tx/lytle/
Mabank,https://www.allmenus.com/tx/mabank/
Madisonville,https://www.allmenus.com/tx/madisonville/
Magnolia,https://www.allmenus.com/tx/magnolia/
Malakoff,https://www.allmenus.com/tx/malakoff/
Manchaca,https://www.allmenus.com/tx/manchaca/
Manor,https://www.allmenus.com/tx/manor/
Mansfield,https://www.allmenus.com/tx/mansfield/
Manvel,https://www.allmenus.com/tx/manvel/
Marble Falls,https://www.allmenus.com/tx/marble-falls/
Marfa,https://www.allmenus.com/tx/marfa/
Marion,https://www.allmenus.com/tx/marion/
Marlin,https://www.allmenus.com/tx/marlin/
Marshall,https://www.allmenus.com/tx/marshall/
Mart,https://www.allmenus.com/tx/mart/
Martindale,https://www.allmenus.com/tx/martindale/
Mason,https://www.allmenus.com/tx/mason/
Mathis,https://www.allmenus.com/tx/mathis/
Maud,https://www.allmenus.com/tx/maud/
May,https://www.allmenus.com/tx/may/
Mc Gregor,https://www.allmenus.com/tx/mc-gregor/
Mcallen,https://www.allmenus.com/tx/mcallen/
Mckinney,https://www.allmenus.com/tx/mckinney/
Melissa,https://www.allmenus.com/tx/melissa/
Memphis,https://www.allmenus.com/tx/memphis/
Mercedes,https://www.allmenus.com/tx/mercedes/
Meridian,https://www.allmenus.com/tx/meridian/
Merkel,https://www.allmenus.com/tx/merkel/
Mertzon,https://www.allmenus.com/tx/mertzon/
Mesquite,https://www.allmenus.com/tx/mesquite/
Mexia,https://www.allmenus.com/tx/mexia/
Midland,https://www.allmenus.com/tx/midland/
Midlothian,https://www.allmenus.com/tx/midlothian/
Mineola,https://www.allmenus.com/tx/mineola/
Mineral Wells,https://www.allmenus.com/tx/mineral-wells/
Mission,https://www.allmenus.com/tx/mission/
Missouri City,https://www.allmenus.com/tx/missouri-city/
Mobeetie,https://www.allmenus.com/tx/mobeetie/
Monahans,https://www.allmenus.com/tx/monahans/
Mont Belvieu,https://www.allmenus.com/tx/mont-belvieu/
Montgomery,https://www.allmenus.com/tx/montgomery/
Moore,https://www.allmenus.com/tx/moore/
Morgan,https://www.allmenus.com/tx/morgan/
Mount Enterprise,https://www.allmenus.com/tx/mount-enterprise/
Mount Pleasant,https://www.allmenus.com/tx/mount-pleasant/
Mount Vernon,https://www.allmenus.com/tx/mount-vernon/
Muenster,https://www.allmenus.com/tx/muenster/
Muleshoe,https://www.allmenus.com/tx/muleshoe/
Munday,https://www.allmenus.com/tx/munday/
Nacogdoches,https://www.allmenus.com/tx/nacogdoches/
Naples,https://www.allmenus.com/tx/naples/
Nash,https://www.allmenus.com/tx/nash/
Natalia,https://www.allmenus.com/tx/natalia/
Navasota,https://www.allmenus.com/tx/navasota/
Nederland,https://www.allmenus.com/tx/nederland/
Needville,https://www.allmenus.com/tx/needville/
New Boston,https://www.allmenus.com/tx/new-boston/
New Braunfels,https://www.allmenus.com/tx/new-braunfels/
New Caney,https://www.allmenus.com/tx/new-caney/
New Waverly,https://www.allmenus.com/tx/new-waverly/
Newark,https://www.allmenus.com/tx/newark/
Newton,https://www.allmenus.com/tx/newton/
Nixon,https://www.allmenus.com/tx/nixon/
Nocona,https://www.allmenus.com/tx/nocona/
Nolanville,https://www.allmenus.com/tx/nolanville/
Normangee,https://www.allmenus.com/tx/normangee/
North Richland Hills,https://www.allmenus.com/tx/north-richland-hills/
Odem,https://www.allmenus.com/tx/odem/
Odessa,https://www.allmenus.com/tx/odessa/
Olmito,https://www.allmenus.com/tx/olmito/
Olney,https://www.allmenus.com/tx/olney/
Onalaska,https://www.allmenus.com/tx/onalaska/
Orange,https://www.allmenus.com/tx/orange/
Orange Grove,https://www.allmenus.com/tx/orange-grove/
Ore City,https://www.allmenus.com/tx/ore-city/
Overton,https://www.allmenus.com/tx/overton/
Ozona,https://www.allmenus.com/tx/ozona/
Paducah,https://www.allmenus.com/tx/paducah/
Palacios,https://www.allmenus.com/tx/palacios/
Palestine,https://www.allmenus.com/tx/palestine/
Palmer,https://www.allmenus.com/tx/palmer/
Pampa,https://www.allmenus.com/tx/pampa/
Panhandle,https://www.allmenus.com/tx/panhandle/
Paradise,https://www.allmenus.com/tx/paradise/
Paris,https://www.allmenus.com/tx/paris/
Pasadena,https://www.allmenus.com/tx/pasadena/
Pearland,https://www.allmenus.com/tx/pearland/
Pearsall,https://www.allmenus.com/tx/pearsall/
Pecos,https://www.allmenus.com/tx/pecos/
Penitas,https://www.allmenus.com/tx/penitas/
Perryton,https://www.allmenus.com/tx/perryton/
Pflugerville,https://www.allmenus.com/tx/pflugerville/
Pharr,https://www.allmenus.com/tx/pharr/
Pilot Point,https://www.allmenus.com/tx/pilot-point/
Pinehurst,https://www.allmenus.com/tx/pinehurst/
Pittsburg,https://www.allmenus.com/tx/pittsburg/
Plainview,https://www.allmenus.com/tx/plainview/
Plano,https://www.allmenus.com/tx/plano/
Pleasanton,https://www.allmenus.com/tx/pleasanton/
Pointblank,https://www.allmenus.com/tx/pointblank/
Pollok,https://www.allmenus.com/tx/pollok/
Ponder,https://www.allmenus.com/tx/ponder/
Poolville,https://www.allmenus.com/tx/poolville/
Port Aransas,https://www.allmenus.com/tx/port-aransas/
Port Arthur,https://www.allmenus.com/tx/port-arthur/
Port Isabel,https://www.allmenus.com/tx/port-isabel/
Port Lavaca,https://www.allmenus.com/tx/port-lavaca/
Port Neches,https://www.allmenus.com/tx/port-neches/
Porter,https://www.allmenus.com/tx/porter/
Portland,https://www.allmenus.com/tx/portland/
Post,https://www.allmenus.com/tx/post/
Poteet,https://www.allmenus.com/tx/poteet/
Pottsboro,https://www.allmenus.com/tx/pottsboro/
Powderly,https://www.allmenus.com/tx/powderly/
Prairie View,https://www.allmenus.com/tx/prairie-view/
Premont,https://www.allmenus.com/tx/premont/
Presidio,https://www.allmenus.com/tx/presidio/
Princeton,https://www.allmenus.com/tx/princeton/
Prosper,https://www.allmenus.com/tx/prosper/
Quanah,https://www.allmenus.com/tx/quanah/
Queen City,https://www.allmenus.com/tx/queen-city/
Quinlan,https://www.allmenus.com/tx/quinlan/
Quitman,https://www.allmenus.com/tx/quitman/
Ranger,https://www.allmenus.com/tx/ranger/
Raymondville,https://www.allmenus.com/tx/raymondville/
Red Oak,https://www.allmenus.com/tx/red-oak/
Refugio,https://www.allmenus.com/tx/refugio/
Rhome,https://www.allmenus.com/tx/rhome/
Rice,https://www.allmenus.com/tx/rice/
Richardson,https://www.allmenus.com/tx/richardson/
Richland Hills,https://www.allmenus.com/tx/richland-hills/
Richmond,https://www.allmenus.com/tx/richmond/
Riesel,https://www.allmenus.com/tx/riesel/
Rio Grande City,https://www.allmenus.com/tx/rio-grande-city/
Rio Hondo,https://www.allmenus.com/tx/rio-hondo/
Rio Vista,https://www.allmenus.com/tx/rio-vista/
Riviera,https://www.allmenus.com/tx/riviera/
Roanoke,https://www.allmenus.com/tx/roanoke/
Robstown,https://www.allmenus.com/tx/robstown/
Rockdale,https://www.allmenus.com/tx/rockdale/
Rockport,https://www.allmenus.com/tx/rockport/
Rocksprings,https://www.allmenus.com/tx/rocksprings/
Rockwall,https://www.allmenus.com/tx/rockwall/
Roma,https://www.allmenus.com/tx/roma/
Roosevelt,https://www.allmenus.com/tx/roosevelt/
Rosebud,https://www.allmenus.com/tx/rosebud/
Rosenberg,https://www.allmenus.com/tx/rosenberg/
Rosharon,https://www.allmenus.com/tx/rosharon/
Rotan,https://www.allmenus.com/tx/rotan/
Round Rock,https://www.allmenus.com/tx/round-rock/
Round Top,https://www.allmenus.com/tx/round-top/
Rowlett,https://www.allmenus.com/tx/rowlett/
Royse City,https://www.allmenus.com/tx/royse-city/
Rusk,https://www.allmenus.com/tx/rusk/
Saginaw,https://www.allmenus.com/tx/saginaw/
Saint Jo,https://www.allmenus.com/tx/saint-jo/
Salado,https://www.allmenus.com/tx/salado/
San Angelo,https://www.allmenus.com/tx/san-angelo/
San Antonio,https://www.allmenus.com/tx/san-antonio/
San Augustine,https://www.allmenus.com/tx/san-augustine/
San Benito,https://www.allmenus.com/tx/san-benito/
San Diego,https://www.allmenus.com/tx/san-diego/
San Isidro,https://www.allmenus.com/tx/san-isidro/
San Juan,https://www.allmenus.com/tx/san-juan/
San Marcos,https://www.allmenus.com/tx/san-marcos/
San Saba,https://www.allmenus.com/tx/san-saba/
Sanger,https://www.allmenus.com/tx/sanger/
Santa Fe,https://www.allmenus.com/tx/santa-fe/
Santo,https://www.allmenus.com/tx/santo/
Schertz,https://www.allmenus.com/tx/schertz/
Schulenburg,https://www.allmenus.com/tx/schulenburg/
Seabrook,https://www.allmenus.com/tx/seabrook/
Seadrift,https://www.allmenus.com/tx/seadrift/
Seagoville,https://www.allmenus.com/tx/seagoville/
Sealy,https://www.allmenus.com/tx/sealy/
Seguin,https://www.allmenus.com/tx/seguin/
Seminole,https://www.allmenus.com/tx/seminole/
Seymour,https://www.allmenus.com/tx/seymour/
Shallowater,https://www.allmenus.com/tx/shallowater/
Shamrock,https://www.allmenus.com/tx/shamrock/
Shepherd,https://www.allmenus.com/tx/shepherd/
Sheppard Afb,https://www.allmenus.com/tx/sheppard-afb/
Sherman,https://www.allmenus.com/tx/sherman/
Shiner,https://www.allmenus.com/tx/shiner/
Silsbee,https://www.allmenus.com/tx/silsbee/
Sinton,https://www.allmenus.com/tx/sinton/
Slaton,https://www.allmenus.com/tx/slaton/
Smithville,https://www.allmenus.com/tx/smithville/
Snyder,https://www.allmenus.com/tx/snyder/
Somerville,https://www.allmenus.com/tx/somerville/
Sonora,https://www.allmenus.com/tx/sonora/
Sour Lake,https://www.allmenus.com/tx/sour-lake/
South Houston,https://www.allmenus.com/tx/south-houston/
South Padre Island,https://www.allmenus.com/tx/south-padre-island/
Southlake,https://www.allmenus.com/tx/southlake/
Spearman,https://www.allmenus.com/tx/spearman/
Spicewood,https://www.allmenus.com/tx/spicewood/
Splendora,https://www.allmenus.com/tx/splendora/
Spring,https://www.allmenus.com/tx/spring/
Spring Branch,https://www.allmenus.com/tx/spring-branch/
Springtown,https://www.allmenus.com/tx/springtown/
Spur,https://www.allmenus.com/tx/spur/
Stafford,https://www.allmenus.com/tx/stafford/
Stamford,https://www.allmenus.com/tx/stamford/
Stanton,https://www.allmenus.com/tx/stanton/
Stephenville,https://www.allmenus.com/tx/stephenville/
Stockdale,https://www.allmenus.com/tx/stockdale/
Stratford,https://www.allmenus.com/tx/stratford/
Strawn,https://www.allmenus.com/tx/strawn/
Sugar Land,https://www.allmenus.com/tx/sugar-land/
Sullivan City,https://www.allmenus.com/tx/sullivan-city/
Sulphur Springs,https://www.allmenus.com/tx/sulphur-springs/
Sweeny,https://www.allmenus.com/tx/sweeny/
Sweetwater,https://www.allmenus.com/tx/sweetwater/
Taft,https://www.allmenus.com/tx/taft/
Tahoka,https://www.allmenus.com/tx/tahoka/
Talco,https://www.allmenus.com/tx/talco/
Tatum,https://www.allmenus.com/tx/tatum/
Taylor,https://www.allmenus.com/tx/taylor/
Teague,https://www.allmenus.com/tx/teague/
Temple,https://www.allmenus.com/tx/temple/
Tenaha,https://www.allmenus.com/tx/tenaha/
Terlingua,https://www.allmenus.com/tx/terlingua/
Terrell,https://www.allmenus.com/tx/terrell/
Texarkana,https://www.allmenus.com/tx/texarkana/
Texas City,https://www.allmenus.com/tx/texas-city/
The Colony,https://www.allmenus.com/tx/the-colony/
The Woodlands,https://www.allmenus.com/tx/the-woodlands/
Three Rivers,https://www.allmenus.com/tx/three-rivers/
Tilden,https://www.allmenus.com/tx/tilden/
Timpson,https://www.allmenus.com/tx/timpson/
Tivoli,https://www.allmenus.com/tx/tivoli/
Tomball,https://www.allmenus.com/tx/tomball/
Trinity,https://www.allmenus.com/tx/trinity/
Troup,https://www.allmenus.com/tx/troup/
Troy,https://www.allmenus.com/tx/troy/
Tulia,https://www.allmenus.com/tx/tulia/
Tuscola,https://www.allmenus.com/tx/tuscola/
Tye,https://www.allmenus.com/tx/tye/
Tyler,https://www.allmenus.com/tx/tyler/
Universal City,https://www.allmenus.com/tx/universal-city/
Utopia,https://www.allmenus.com/tx/utopia/
Uvalde,https://www.allmenus.com/tx/uvalde/
Valley Mills,https://www.allmenus.com/tx/valley-mills/
Valley View,https://www.allmenus.com/tx/valley-view/
Van,https://www.allmenus.com/tx/van/
Van Alstyne,https://www.allmenus.com/tx/van-alstyne/
Van Vleck,https://www.allmenus.com/tx/van-vleck/
Vega,https://www.allmenus.com/tx/vega/
Venus,https://www.allmenus.com/tx/venus/
Vernon,https://www.allmenus.com/tx/vernon/
Victoria,https://www.allmenus.com/tx/victoria/
Vidor,https://www.allmenus.com/tx/vidor/
Von Ormy,https://www.allmenus.com/tx/von-ormy/
Waco,https://www.allmenus.com/tx/waco/
Waller,https://www.allmenus.com/tx/waller/
Wallis,https://www.allmenus.com/tx/wallis/
Wallisville,https://www.allmenus.com/tx/wallisville/
Washington,https://www.allmenus.com/tx/washington/
Waskom,https://www.allmenus.com/tx/waskom/
Watauga,https://www.allmenus.com/tx/watauga/
Waxahachie,https://www.allmenus.com/tx/waxahachie/
Weatherford,https://www.allmenus.com/tx/weatherford/
Webster,https://www.allmenus.com/tx/webster/
Weimar,https://www.allmenus.com/tx/weimar/
Weslaco,https://www.allmenus.com/tx/weslaco/
West,https://www.allmenus.com/tx/west/
West Columbia,https://www.allmenus.com/tx/west-columbia/
Wharton,https://www.allmenus.com/tx/wharton/
White Oak,https://www.allmenus.com/tx/white-oak/
White Settlement,https://www.allmenus.com/tx/white-settlement/
Whitehouse,https://www.allmenus.com/tx/whitehouse/
Whitesboro,https://www.allmenus.com/tx/whitesboro/
Whitewright,https://www.allmenus.com/tx/whitewright/
Whitney,https://www.allmenus.com/tx/whitney/
Wichita Falls,https://www.allmenus.com/tx/wichita-falls/
Wildorado,https://www.allmenus.com/tx/wildorado/
Willis,https://www.allmenus.com/tx/willis/
Wills Point,https://www.allmenus.com/tx/wills-point/
Wilmer,https://www.allmenus.com/tx/wilmer/
Wimberley,https://www.allmenus.com/tx/wimberley/
Winnie,https://www.allmenus.com/tx/winnie/
Winnsboro,https://www.allmenus.com/tx/winnsboro/
Winters,https://www.allmenus.com/tx/winters/
Wolfforth,https://www.allmenus.com/tx/wolfforth/
Woodsboro,https://www.allmenus.com/tx/woodsboro/
Woodville,https://www.allmenus.com/tx/woodville/
Wylie,https://www.allmenus.com/tx/wylie/
Yantis,https://www.allmenus.com/tx/yantis/
Yoakum,https://www.allmenus.com/tx/yoakum/
Yorktown,https://www.allmenus.com/tx/yorktown/
Zapata,https://www.allmenus.com/tx/zapata/
