City Name,City URL
American Fork,https://www.allmenus.com/ut/american-fork/
Beaver,https://www.allmenus.com/ut/beaver/
Blanding,https://www.allmenus.com/ut/blanding/
Bountiful,https://www.allmenus.com/ut/bountiful/
Brigham City,https://www.allmenus.com/ut/brigham-city/
Castle Dale,https://www.allmenus.com/ut/castle-dale/
Cedar City,https://www.allmenus.com/ut/cedar-city/
Centerville,https://www.allmenus.com/ut/centerville/
Clearfield,https://www.allmenus.com/ut/clearfield/
Coalville,https://www.allmenus.com/ut/coalville/
Cottonwood,https://www.allmenus.com/ut/cottonwood/
Delta,https://www.allmenus.com/ut/delta/
Draper,https://www.allmenus.com/ut/draper/
Duchesne,https://www.allmenus.com/ut/duchesne/
Dugway,https://www.allmenus.com/ut/dugway/
Eden,https://www.allmenus.com/ut/eden/
Ephraim,https://www.allmenus.com/ut/ephraim/
Farmington,https://www.allmenus.com/ut/farmington/
Fillmore,https://www.allmenus.com/ut/fillmore/
Garden City,https://www.allmenus.com/ut/garden-city/
Garland,https://www.allmenus.com/ut/garland/
Grantsville,https://www.allmenus.com/ut/grantsville/
Green River,https://www.allmenus.com/ut/green-river/
Heber City,https://www.allmenus.com/ut/heber-city/
Holladay,https://www.allmenus.com/ut/holladay/
Huntington,https://www.allmenus.com/ut/huntington/
Huntsville,https://www.allmenus.com/ut/huntsville/
Hurricane,https://www.allmenus.com/ut/hurricane/
Hyde Park,https://www.allmenus.com/ut/hyde-park/
Hyrum,https://www.allmenus.com/ut/hyrum/
Kamas,https://www.allmenus.com/ut/kamas/
Kanab,https://www.allmenus.com/ut/kanab/
Kaysville,https://www.allmenus.com/ut/kaysville/
Kearns,https://www.allmenus.com/ut/kearns/
Layton,https://www.allmenus.com/ut/layton/
Lehi,https://www.allmenus.com/ut/lehi/
Logan,https://www.allmenus.com/ut/logan/
Magna,https://www.allmenus.com/ut/magna/
Midvale,https://www.allmenus.com/ut/midvale/
Midway,https://www.allmenus.com/ut/midway/
Millcreek,https://www.allmenus.com/ut/millcreek/
Moab,https://www.allmenus.com/ut/moab/
Mona,https://www.allmenus.com/ut/mona/
Monticello,https://www.allmenus.com/ut/monticello/
Morgan,https://www.allmenus.com/ut/morgan/
Mount Pleasant,https://www.allmenus.com/ut/mount-pleasant/
Murray,https://www.allmenus.com/ut/murray/
Nephi,https://www.allmenus.com/ut/nephi/
North Logan,https://www.allmenus.com/ut/north-logan/
North Salt Lake,https://www.allmenus.com/ut/north-salt-lake/
Ogden,https://www.allmenus.com/ut/ogden/
Orem,https://www.allmenus.com/ut/orem/
Panguitch,https://www.allmenus.com/ut/panguitch/
Park City,https://www.allmenus.com/ut/park-city/
Payson,https://www.allmenus.com/ut/payson/
Pleasant Grove,https://www.allmenus.com/ut/pleasant-grove/
Price,https://www.allmenus.com/ut/price/
Providence,https://www.allmenus.com/ut/providence/
Provo,https://www.allmenus.com/ut/provo/
Randolph,https://www.allmenus.com/ut/randolph/
Richfield,https://www.allmenus.com/ut/richfield/
Richmond,https://www.allmenus.com/ut/richmond/
Riverton,https://www.allmenus.com/ut/riverton/
Roosevelt,https://www.allmenus.com/ut/roosevelt/
Roy,https://www.allmenus.com/ut/roy/
Saint George,https://www.allmenus.com/ut/saint-george/
Salem,https://www.allmenus.com/ut/salem/
Salina,https://www.allmenus.com/ut/salina/
Salt Lake City,https://www.allmenus.com/ut/salt-lake-city/
Sandy,https://www.allmenus.com/ut/sandy/
Santa Clara,https://www.allmenus.com/ut/santa-clara/
Santaquin,https://www.allmenus.com/ut/santaquin/
Smithfield,https://www.allmenus.com/ut/smithfield/
Snowville,https://www.allmenus.com/ut/snowville/
South Jordan,https://www.allmenus.com/ut/south-jordan/
South Salt Lake,https://www.allmenus.com/ut/south-salt-lake/
Spanish Fork,https://www.allmenus.com/ut/spanish-fork/
Springdale,https://www.allmenus.com/ut/springdale/
Springville,https://www.allmenus.com/ut/springville/
Stockton,https://www.allmenus.com/ut/stockton/
Tooele,https://www.allmenus.com/ut/tooele/
Tremonton,https://www.allmenus.com/ut/tremonton/
Vernal,https://www.allmenus.com/ut/vernal/
Washington,https://www.allmenus.com/ut/washington/
Wellington,https://www.allmenus.com/ut/wellington/
Wellsville,https://www.allmenus.com/ut/wellsville/
Wendover,https://www.allmenus.com/ut/wendover/
West Jordan,https://www.allmenus.com/ut/west-jordan/
West Valley,https://www.allmenus.com/ut/west-valley/
Willard,https://www.allmenus.com/ut/willard/
