City Name,City URL
Aberdeen,https://www.allmenus.com/wa/aberdeen/
Airway Heights,https://www.allmenus.com/wa/airway-heights/
Anacortes,https://www.allmenus.com/wa/anacortes/
Arlington,https://www.allmenus.com/wa/arlington/
Ashford,https://www.allmenus.com/wa/ashford/
Auburn,https://www.allmenus.com/wa/auburn/
Battle Ground,https://www.allmenus.com/wa/battle-ground/
Belfair,https://www.allmenus.com/wa/belfair/
Bellevue,https://www.allmenus.com/wa/bellevue/
Bellingham,https://www.allmenus.com/wa/bellingham/
Benton City,https://www.allmenus.com/wa/benton-city/
Bickleton,https://www.allmenus.com/wa/bickleton/
Bingen,https://www.allmenus.com/wa/bingen/
Black Diamond,https://www.allmenus.com/wa/black-diamond/
Blaine,https://www.allmenus.com/wa/blaine/
Bonney Lake,https://www.allmenus.com/wa/bonney-lake/
Bothell,https://www.allmenus.com/wa/bothell/
Bow,https://www.allmenus.com/wa/bow/
Bremerton,https://www.allmenus.com/wa/bremerton/
Brewster,https://www.allmenus.com/wa/brewster/
Brush Prairie,https://www.allmenus.com/wa/brush-prairie/
Buckley,https://www.allmenus.com/wa/buckley/
Burlington,https://www.allmenus.com/wa/burlington/
Camas,https://www.allmenus.com/wa/camas/
Carnation,https://www.allmenus.com/wa/carnation/
Cashmere,https://www.allmenus.com/wa/cashmere/
Castle Rock,https://www.allmenus.com/wa/castle-rock/
Centralia,https://www.allmenus.com/wa/centralia/
Chattaroy,https://www.allmenus.com/wa/chattaroy/
Chehalis,https://www.allmenus.com/wa/chehalis/
Chelan,https://www.allmenus.com/wa/chelan/
Cheney,https://www.allmenus.com/wa/cheney/
Chewelah,https://www.allmenus.com/wa/chewelah/
Clarkston,https://www.allmenus.com/wa/clarkston/
Cle Elum,https://www.allmenus.com/wa/cle-elum/
Colbert,https://www.allmenus.com/wa/colbert/
Colfax,https://www.allmenus.com/wa/colfax/
College Place,https://www.allmenus.com/wa/college-place/
Colville,https://www.allmenus.com/wa/colville/
Connell,https://www.allmenus.com/wa/connell/
Coulee Dam,https://www.allmenus.com/wa/coulee-dam/
Coupeville,https://www.allmenus.com/wa/coupeville/
Davenport,https://www.allmenus.com/wa/davenport/
Dayton,https://www.allmenus.com/wa/dayton/
Deer Park,https://www.allmenus.com/wa/deer-park/
Dupont,https://www.allmenus.com/wa/dupont/
Duvall,https://www.allmenus.com/wa/duvall/
Eastsound,https://www.allmenus.com/wa/eastsound/
Eatonville,https://www.allmenus.com/wa/eatonville/
Edmonds,https://www.allmenus.com/wa/edmonds/
Electric City,https://www.allmenus.com/wa/electric-city/
Ellensburg,https://www.allmenus.com/wa/ellensburg/
Elma,https://www.allmenus.com/wa/elma/
Entiat,https://www.allmenus.com/wa/entiat/
Enumclaw,https://www.allmenus.com/wa/enumclaw/
Ephrata,https://www.allmenus.com/wa/ephrata/
Everett,https://www.allmenus.com/wa/everett/
Everson,https://www.allmenus.com/wa/everson/
Fairfield,https://www.allmenus.com/wa/fairfield/
Ferndale,https://www.allmenus.com/wa/ferndale/
Forks,https://www.allmenus.com/wa/forks/
Fort Lewis,https://www.allmenus.com/wa/fort-lewis/
Friday Harbor,https://www.allmenus.com/wa/friday-harbor/
Gig Harbor,https://www.allmenus.com/wa/gig-harbor/
Glenoma,https://www.allmenus.com/wa/glenoma/
Gold Bar,https://www.allmenus.com/wa/gold-bar/
Goldendale,https://www.allmenus.com/wa/goldendale/
Graham,https://www.allmenus.com/wa/graham/
Grandview,https://www.allmenus.com/wa/grandview/
Granite Falls,https://www.allmenus.com/wa/granite-falls/
Greenacres,https://www.allmenus.com/wa/greenacres/
Greenbank,https://www.allmenus.com/wa/greenbank/
Hoodsport,https://www.allmenus.com/wa/hoodsport/
Hoquiam,https://www.allmenus.com/wa/hoquiam/
Issaquah,https://www.allmenus.com/wa/issaquah/
Kalama,https://www.allmenus.com/wa/kalama/
Kelso,https://www.allmenus.com/wa/kelso/
Kenmore,https://www.allmenus.com/wa/kenmore/
Kennewick,https://www.allmenus.com/wa/kennewick/
Kent,https://www.allmenus.com/wa/kent/
Kettle Falls,https://www.allmenus.com/wa/kettle-falls/
Kingston,https://www.allmenus.com/wa/kingston/
Kirkland,https://www.allmenus.com/wa/kirkland/
Klickitat,https://www.allmenus.com/wa/klickitat/
La Conner,https://www.allmenus.com/wa/la-conner/
Lacey,https://www.allmenus.com/wa/lacey/
Lake Stevens,https://www.allmenus.com/wa/lake-stevens/
Lakebay,https://www.allmenus.com/wa/lakebay/
Lakewood,https://www.allmenus.com/wa/lakewood/
Langley,https://www.allmenus.com/wa/langley/
Leavenworth,https://www.allmenus.com/wa/leavenworth/
Liberty Lake,https://www.allmenus.com/wa/liberty-lake/
Lilliwaup,https://www.allmenus.com/wa/lilliwaup/
Long Beach,https://www.allmenus.com/wa/long-beach/
Longview,https://www.allmenus.com/wa/longview/
Lummi Island,https://www.allmenus.com/wa/lummi-island/
Lynden,https://www.allmenus.com/wa/lynden/
Lynnwood,https://www.allmenus.com/wa/lynnwood/
Manson,https://www.allmenus.com/wa/manson/
Maple Valley,https://www.allmenus.com/wa/maple-valley/
Marysville,https://www.allmenus.com/wa/marysville/
Mcchord Afb,https://www.allmenus.com/wa/mcchord-afb/
Mccleary,https://www.allmenus.com/wa/mccleary/
Mead,https://www.allmenus.com/wa/mead/
Medical Lake,https://www.allmenus.com/wa/medical-lake/
Medina,https://www.allmenus.com/wa/medina/
Mercer Island,https://www.allmenus.com/wa/mercer-island/
Mill Creek,https://www.allmenus.com/wa/mill-creek/
Milton,https://www.allmenus.com/wa/milton/
Monroe,https://www.allmenus.com/wa/monroe/
Montesano,https://www.allmenus.com/wa/montesano/
Morton,https://www.allmenus.com/wa/morton/
Moses Lake,https://www.allmenus.com/wa/moses-lake/
Mossyrock,https://www.allmenus.com/wa/mossyrock/
Mount Vernon,https://www.allmenus.com/wa/mount-vernon/
Mountlake Terrace,https://www.allmenus.com/wa/mountlake-terrace/
Mukilteo,https://www.allmenus.com/wa/mukilteo/
Naches,https://www.allmenus.com/wa/naches/
Napavine,https://www.allmenus.com/wa/napavine/
Newport,https://www.allmenus.com/wa/newport/
Nine Mile Falls,https://www.allmenus.com/wa/nine-mile-falls/
North Bend,https://www.allmenus.com/wa/north-bend/
Oak Harbor,https://www.allmenus.com/wa/oak-harbor/
Ocean Park,https://www.allmenus.com/wa/ocean-park/
Ocean Shores,https://www.allmenus.com/wa/ocean-shores/
Olympia,https://www.allmenus.com/wa/olympia/
Omak,https://www.allmenus.com/wa/omak/
Oroville,https://www.allmenus.com/wa/oroville/
Orting,https://www.allmenus.com/wa/orting/
Othello,https://www.allmenus.com/wa/othello/
Otis Orchards,https://www.allmenus.com/wa/otis-orchards/
Parkland,https://www.allmenus.com/wa/parkland/
Pasco,https://www.allmenus.com/wa/pasco/
Point Roberts,https://www.allmenus.com/wa/point-roberts/
Port Angeles,https://www.allmenus.com/wa/port-angeles/
Port Hadlock,https://www.allmenus.com/wa/port-hadlock/
Port Orchard,https://www.allmenus.com/wa/port-orchard/
Port Townsend,https://www.allmenus.com/wa/port-townsend/
Poulsbo,https://www.allmenus.com/wa/poulsbo/
Prosser,https://www.allmenus.com/wa/prosser/
Pullman,https://www.allmenus.com/wa/pullman/
Puyallup,https://www.allmenus.com/wa/puyallup/
Quincy,https://www.allmenus.com/wa/quincy/
Rainier,https://www.allmenus.com/wa/rainier/
Raymond,https://www.allmenus.com/wa/raymond/
Redmond,https://www.allmenus.com/wa/redmond/
Renton,https://www.allmenus.com/wa/renton/
Richland,https://www.allmenus.com/wa/richland/
Ridgefield,https://www.allmenus.com/wa/ridgefield/
Ritzville,https://www.allmenus.com/wa/ritzville/
Rochester,https://www.allmenus.com/wa/rochester/
Roy,https://www.allmenus.com/wa/roy/
Royal City,https://www.allmenus.com/wa/royal-city/
Seattle,https://www.allmenus.com/wa/seattle/
Sedro Woolley,https://www.allmenus.com/wa/sedro-woolley/
Selah,https://www.allmenus.com/wa/selah/
Sequim,https://www.allmenus.com/wa/sequim/
Shelton,https://www.allmenus.com/wa/shelton/
Silverdale,https://www.allmenus.com/wa/silverdale/
Snohomish,https://www.allmenus.com/wa/snohomish/
Snoqualmie,https://www.allmenus.com/wa/snoqualmie/
South Hill,https://www.allmenus.com/wa/south-hill/
Spanaway,https://www.allmenus.com/wa/spanaway/
Spokane,https://www.allmenus.com/wa/spokane/
Sprague,https://www.allmenus.com/wa/sprague/
Stanwood,https://www.allmenus.com/wa/stanwood/
Steilacoom,https://www.allmenus.com/wa/steilacoom/
Stevenson,https://www.allmenus.com/wa/stevenson/
Sultan,https://www.allmenus.com/wa/sultan/
Sumas,https://www.allmenus.com/wa/sumas/
Sumner,https://www.allmenus.com/wa/sumner/
Sunnyside,https://www.allmenus.com/wa/sunnyside/
Suquamish,https://www.allmenus.com/wa/suquamish/
Tacoma,https://www.allmenus.com/wa/tacoma/
Tenino,https://www.allmenus.com/wa/tenino/
Toledo,https://www.allmenus.com/wa/toledo/
Tonasket,https://www.allmenus.com/wa/tonasket/
Toppenish,https://www.allmenus.com/wa/toppenish/
Touchet,https://www.allmenus.com/wa/touchet/
Tumwater,https://www.allmenus.com/wa/tumwater/
Twisp,https://www.allmenus.com/wa/twisp/
Union,https://www.allmenus.com/wa/union/
Union Gap,https://www.allmenus.com/wa/union-gap/
University Place,https://www.allmenus.com/wa/university-place/
Vancouver,https://www.allmenus.com/wa/vancouver/
Vashon,https://www.allmenus.com/wa/vashon/
Veradale,https://www.allmenus.com/wa/veradale/
Waitsburg,https://www.allmenus.com/wa/waitsburg/
Walla Walla,https://www.allmenus.com/wa/walla-walla/
Wapato,https://www.allmenus.com/wa/wapato/
Warden,https://www.allmenus.com/wa/warden/
Washougal,https://www.allmenus.com/wa/washougal/
Wenatchee,https://www.allmenus.com/wa/wenatchee/
Westport,https://www.allmenus.com/wa/westport/
Winthrop,https://www.allmenus.com/wa/winthrop/
Woodinville,https://www.allmenus.com/wa/woodinville/
Woodland,https://www.allmenus.com/wa/woodland/
Yakima,https://www.allmenus.com/wa/yakima/
Yelm,https://www.allmenus.com/wa/yelm/
Zillah,https://www.allmenus.com/wa/zillah/
