City Name,City URL
Abbotsford,https://www.allmenus.com/wi/abbotsford/
Abrams,https://www.allmenus.com/wi/abrams/
Adams,https://www.allmenus.com/wi/adams/
Algoma,https://www.allmenus.com/wi/algoma/
Allenton,https://www.allmenus.com/wi/allenton/
Alma,https://www.allmenus.com/wi/alma/
Altoona,https://www.allmenus.com/wi/altoona/
Amery,https://www.allmenus.com/wi/amery/
Amherst,https://www.allmenus.com/wi/amherst/
Antigo,https://www.allmenus.com/wi/antigo/
Appleton,https://www.allmenus.com/wi/appleton/
Arcadia,https://www.allmenus.com/wi/arcadia/
Ashland,https://www.allmenus.com/wi/ashland/
Auburndale,https://www.allmenus.com/wi/auburndale/
Augusta,https://www.allmenus.com/wi/augusta/
Baileys Harbor,https://www.allmenus.com/wi/baileys-harbor/
Baldwin,https://www.allmenus.com/wi/baldwin/
Balsam Lake,https://www.allmenus.com/wi/balsam-lake/
Baraboo,https://www.allmenus.com/wi/baraboo/
Barneveld,https://www.allmenus.com/wi/barneveld/
Barron,https://www.allmenus.com/wi/barron/
Barronett,https://www.allmenus.com/wi/barronett/
Bear Creek,https://www.allmenus.com/wi/bear-creek/
Beaver Dam,https://www.allmenus.com/wi/beaver-dam/
Belgium,https://www.allmenus.com/wi/belgium/
Belleville,https://www.allmenus.com/wi/belleville/
Belmont,https://www.allmenus.com/wi/belmont/
Beloit,https://www.allmenus.com/wi/beloit/
Berlin,https://www.allmenus.com/wi/berlin/
Big Bend,https://www.allmenus.com/wi/big-bend/
Black Creek,https://www.allmenus.com/wi/black-creek/
Black River Falls,https://www.allmenus.com/wi/black-river-falls/
Blair,https://www.allmenus.com/wi/blair/
Bloomer,https://www.allmenus.com/wi/bloomer/
Bonduel,https://www.allmenus.com/wi/bonduel/
Boscobel,https://www.allmenus.com/wi/boscobel/
Boulder Junction,https://www.allmenus.com/wi/boulder-junction/
Boyceville,https://www.allmenus.com/wi/boyceville/
Brillion,https://www.allmenus.com/wi/brillion/
Bristol,https://www.allmenus.com/wi/bristol/
Brodhead,https://www.allmenus.com/wi/brodhead/
Brookfield,https://www.allmenus.com/wi/brookfield/
Bruce,https://www.allmenus.com/wi/bruce/
Brule,https://www.allmenus.com/wi/brule/
Burlington,https://www.allmenus.com/wi/burlington/
Butler,https://www.allmenus.com/wi/butler/
Cable,https://www.allmenus.com/wi/cable/
Cadott,https://www.allmenus.com/wi/cadott/
Caledonia,https://www.allmenus.com/wi/caledonia/
Cambridge,https://www.allmenus.com/wi/cambridge/
Campbellsport,https://www.allmenus.com/wi/campbellsport/
Cashton,https://www.allmenus.com/wi/cashton/
Cassville,https://www.allmenus.com/wi/cassville/
Cedar Grove,https://www.allmenus.com/wi/cedar-grove/
Cedarburg,https://www.allmenus.com/wi/cedarburg/
Chetek,https://www.allmenus.com/wi/chetek/
Chilton,https://www.allmenus.com/wi/chilton/
Chippewa Falls,https://www.allmenus.com/wi/chippewa-falls/
Cleveland,https://www.allmenus.com/wi/cleveland/
Clinton,https://www.allmenus.com/wi/clinton/
Clintonville,https://www.allmenus.com/wi/clintonville/
Cochrane,https://www.allmenus.com/wi/cochrane/
Colby,https://www.allmenus.com/wi/colby/
Coleman,https://www.allmenus.com/wi/coleman/
Colfax,https://www.allmenus.com/wi/colfax/
Colgate,https://www.allmenus.com/wi/colgate/
Coloma,https://www.allmenus.com/wi/coloma/
Columbus,https://www.allmenus.com/wi/columbus/
Combined Locks,https://www.allmenus.com/wi/combined-locks/
Cornell,https://www.allmenus.com/wi/cornell/
Cottage Grove,https://www.allmenus.com/wi/cottage-grove/
Crandon,https://www.allmenus.com/wi/crandon/
Crivitz,https://www.allmenus.com/wi/crivitz/
Cross Plains,https://www.allmenus.com/wi/cross-plains/
Cuba City,https://www.allmenus.com/wi/cuba-city/
Cudahy,https://www.allmenus.com/wi/cudahy/
Cumberland,https://www.allmenus.com/wi/cumberland/
Danbury,https://www.allmenus.com/wi/danbury/
Darien,https://www.allmenus.com/wi/darien/
Darlington,https://www.allmenus.com/wi/darlington/
De Forest,https://www.allmenus.com/wi/de-forest/
De Pere,https://www.allmenus.com/wi/de-pere/
Deerfield,https://www.allmenus.com/wi/deerfield/
Delafield,https://www.allmenus.com/wi/delafield/
Delavan,https://www.allmenus.com/wi/delavan/
Denmark,https://www.allmenus.com/wi/denmark/
Dodgeville,https://www.allmenus.com/wi/dodgeville/
Dousman,https://www.allmenus.com/wi/dousman/
Dresser,https://www.allmenus.com/wi/dresser/
Durand,https://www.allmenus.com/wi/durand/
Eagle River,https://www.allmenus.com/wi/eagle-river/
East Troy,https://www.allmenus.com/wi/east-troy/
Eau Claire,https://www.allmenus.com/wi/eau-claire/
Eden,https://www.allmenus.com/wi/eden/
Edgar,https://www.allmenus.com/wi/edgar/
Edgerton,https://www.allmenus.com/wi/edgerton/
Egg Harbor,https://www.allmenus.com/wi/egg-harbor/
Elkhart Lake,https://www.allmenus.com/wi/elkhart-lake/
Elkhorn,https://www.allmenus.com/wi/elkhorn/
Ellison Bay,https://www.allmenus.com/wi/ellison-bay/
Ellsworth,https://www.allmenus.com/wi/ellsworth/
Elm Grove,https://www.allmenus.com/wi/elm-grove/
Evansville,https://www.allmenus.com/wi/evansville/
Fennimore,https://www.allmenus.com/wi/fennimore/
Ferryville,https://www.allmenus.com/wi/ferryville/
Fish Creek,https://www.allmenus.com/wi/fish-creek/
Florence,https://www.allmenus.com/wi/florence/
Fond Du Lac,https://www.allmenus.com/wi/fond-du-lac/
Fontana,https://www.allmenus.com/wi/fontana/
Fort Atkinson,https://www.allmenus.com/wi/fort-atkinson/
Fountain City,https://www.allmenus.com/wi/fountain-city/
Fox Lake,https://www.allmenus.com/wi/fox-lake/
Franklin,https://www.allmenus.com/wi/franklin/
Franksville,https://www.allmenus.com/wi/franksville/
Frederic,https://www.allmenus.com/wi/frederic/
Fredonia,https://www.allmenus.com/wi/fredonia/
Fremont,https://www.allmenus.com/wi/fremont/
Friendship,https://www.allmenus.com/wi/friendship/
Galesville,https://www.allmenus.com/wi/galesville/
Germantown,https://www.allmenus.com/wi/germantown/
Gillett,https://www.allmenus.com/wi/gillett/
Gordon,https://www.allmenus.com/wi/gordon/
Grafton,https://www.allmenus.com/wi/grafton/
Grantsburg,https://www.allmenus.com/wi/grantsburg/
Green Bay,https://www.allmenus.com/wi/green-bay/
Green Lake,https://www.allmenus.com/wi/green-lake/
Greendale,https://www.allmenus.com/wi/greendale/
Greenfield,https://www.allmenus.com/wi/greenfield/
Greenleaf,https://www.allmenus.com/wi/greenleaf/
Greenville,https://www.allmenus.com/wi/greenville/
Greenwood,https://www.allmenus.com/wi/greenwood/
Hager City,https://www.allmenus.com/wi/hager-city/
Hales Corners,https://www.allmenus.com/wi/hales-corners/
Hammond,https://www.allmenus.com/wi/hammond/
Harshaw,https://www.allmenus.com/wi/harshaw/
Hartford,https://www.allmenus.com/wi/hartford/
Hartland,https://www.allmenus.com/wi/hartland/
Hatley,https://www.allmenus.com/wi/hatley/
Hayward,https://www.allmenus.com/wi/hayward/
Hazel Green,https://www.allmenus.com/wi/hazel-green/
Hillsboro,https://www.allmenus.com/wi/hillsboro/
Holmen,https://www.allmenus.com/wi/holmen/
Horicon,https://www.allmenus.com/wi/horicon/
Hortonville,https://www.allmenus.com/wi/hortonville/
Hubertus,https://www.allmenus.com/wi/hubertus/
Hudson,https://www.allmenus.com/wi/hudson/
Hurley,https://www.allmenus.com/wi/hurley/
Iola,https://www.allmenus.com/wi/iola/
Iron River,https://www.allmenus.com/wi/iron-river/
Jackson,https://www.allmenus.com/wi/jackson/
Janesville,https://www.allmenus.com/wi/janesville/
Jefferson,https://www.allmenus.com/wi/jefferson/
Johnson Creek,https://www.allmenus.com/wi/johnson-creek/
Juneau,https://www.allmenus.com/wi/juneau/
Kaukauna,https://www.allmenus.com/wi/kaukauna/
Kennan,https://www.allmenus.com/wi/kennan/
Kenosha,https://www.allmenus.com/wi/kenosha/
Keshena,https://www.allmenus.com/wi/keshena/
Kewaskum,https://www.allmenus.com/wi/kewaskum/
Kewaunee,https://www.allmenus.com/wi/kewaunee/
Kiel,https://www.allmenus.com/wi/kiel/
Kimberly,https://www.allmenus.com/wi/kimberly/
Kohler,https://www.allmenus.com/wi/kohler/
La Crosse,https://www.allmenus.com/wi/la-crosse/
Lac Du Flambeau,https://www.allmenus.com/wi/lac-du-flambeau/
Ladysmith,https://www.allmenus.com/wi/ladysmith/
Lake Geneva,https://www.allmenus.com/wi/lake-geneva/
Lake Mills,https://www.allmenus.com/wi/lake-mills/
Lake Tomahawk,https://www.allmenus.com/wi/lake-tomahawk/
Lakewood,https://www.allmenus.com/wi/lakewood/
Lancaster,https://www.allmenus.com/wi/lancaster/
Lannon,https://www.allmenus.com/wi/lannon/
Little Chute,https://www.allmenus.com/wi/little-chute/
Little Suamico,https://www.allmenus.com/wi/little-suamico/
Lodi,https://www.allmenus.com/wi/lodi/
Lomira,https://www.allmenus.com/wi/lomira/
Luxemburg,https://www.allmenus.com/wi/luxemburg/
Lyndon Station,https://www.allmenus.com/wi/lyndon-station/
Madison,https://www.allmenus.com/wi/madison/
Malone,https://www.allmenus.com/wi/malone/
Manawa,https://www.allmenus.com/wi/manawa/
Manitowoc,https://www.allmenus.com/wi/manitowoc/
Marinette,https://www.allmenus.com/wi/marinette/
Marion,https://www.allmenus.com/wi/marion/
Markesan,https://www.allmenus.com/wi/markesan/
Marshall,https://www.allmenus.com/wi/marshall/
Marshfield,https://www.allmenus.com/wi/marshfield/
Mauston,https://www.allmenus.com/wi/mauston/
Mayville,https://www.allmenus.com/wi/mayville/
Mazomanie,https://www.allmenus.com/wi/mazomanie/
Mc Farland,https://www.allmenus.com/wi/mc-farland/
Medford,https://www.allmenus.com/wi/medford/
Menasha,https://www.allmenus.com/wi/menasha/
Menomonee Falls,https://www.allmenus.com/wi/menomonee-falls/
Menomonie,https://www.allmenus.com/wi/menomonie/
Mercer,https://www.allmenus.com/wi/mercer/
Merrill,https://www.allmenus.com/wi/merrill/
Middleton,https://www.allmenus.com/wi/middleton/
Milton,https://www.allmenus.com/wi/milton/
Milwaukee,https://www.allmenus.com/wi/milwaukee/
Mineral Point,https://www.allmenus.com/wi/mineral-point/
Minocqua,https://www.allmenus.com/wi/minocqua/
Minong,https://www.allmenus.com/wi/minong/
Mishicot,https://www.allmenus.com/wi/mishicot/
Mondovi,https://www.allmenus.com/wi/mondovi/
Monona,https://www.allmenus.com/wi/monona/
Monroe,https://www.allmenus.com/wi/monroe/
Montello,https://www.allmenus.com/wi/montello/
Monticello,https://www.allmenus.com/wi/monticello/
Mosinee,https://www.allmenus.com/wi/mosinee/
Mount Horeb,https://www.allmenus.com/wi/mount-horeb/
Mukwonago,https://www.allmenus.com/wi/mukwonago/
Muskego,https://www.allmenus.com/wi/muskego/
Nashotah,https://www.allmenus.com/wi/nashotah/
Necedah,https://www.allmenus.com/wi/necedah/
Neenah,https://www.allmenus.com/wi/neenah/
Neillsville,https://www.allmenus.com/wi/neillsville/
Nekoosa,https://www.allmenus.com/wi/nekoosa/
Nelson,https://www.allmenus.com/wi/nelson/
Neshkoro,https://www.allmenus.com/wi/neshkoro/
New Berlin,https://www.allmenus.com/wi/new-berlin/
New Franken,https://www.allmenus.com/wi/new-franken/
New Glarus,https://www.allmenus.com/wi/new-glarus/
New Holstein,https://www.allmenus.com/wi/new-holstein/
New Lisbon,https://www.allmenus.com/wi/new-lisbon/
New London,https://www.allmenus.com/wi/new-london/
New Richmond,https://www.allmenus.com/wi/new-richmond/
Niagara,https://www.allmenus.com/wi/niagara/
Oak Creek,https://www.allmenus.com/wi/oak-creek/
Oconomowoc,https://www.allmenus.com/wi/oconomowoc/
Oconto,https://www.allmenus.com/wi/oconto/
Oconto Falls,https://www.allmenus.com/wi/oconto-falls/
Okauchee,https://www.allmenus.com/wi/okauchee/
Omro,https://www.allmenus.com/wi/omro/
Onalaska,https://www.allmenus.com/wi/onalaska/
Oostburg,https://www.allmenus.com/wi/oostburg/
Oregon,https://www.allmenus.com/wi/oregon/
Orfordville,https://www.allmenus.com/wi/orfordville/
Osceola,https://www.allmenus.com/wi/osceola/
Oshkosh,https://www.allmenus.com/wi/oshkosh/
Osseo,https://www.allmenus.com/wi/osseo/
Palmyra,https://www.allmenus.com/wi/palmyra/
Pardeeville,https://www.allmenus.com/wi/pardeeville/
Park Falls,https://www.allmenus.com/wi/park-falls/
Peshtigo,https://www.allmenus.com/wi/peshtigo/
Pewaukee,https://www.allmenus.com/wi/pewaukee/
Phillips,https://www.allmenus.com/wi/phillips/
Pittsville,https://www.allmenus.com/wi/pittsville/
Plainfield,https://www.allmenus.com/wi/plainfield/
Platteville,https://www.allmenus.com/wi/platteville/
Pleasant Prairie,https://www.allmenus.com/wi/pleasant-prairie/
Plover,https://www.allmenus.com/wi/plover/
Plymouth,https://www.allmenus.com/wi/plymouth/
Port Washington,https://www.allmenus.com/wi/port-washington/
Portage,https://www.allmenus.com/wi/portage/
Pound,https://www.allmenus.com/wi/pound/
Poynette,https://www.allmenus.com/wi/poynette/
Prairie Du Chien,https://www.allmenus.com/wi/prairie-du-chien/
Prairie Du Sac,https://www.allmenus.com/wi/prairie-du-sac/
Prescott,https://www.allmenus.com/wi/prescott/
Princeton,https://www.allmenus.com/wi/princeton/
Pulaski,https://www.allmenus.com/wi/pulaski/
Racine,https://www.allmenus.com/wi/racine/
Randolph,https://www.allmenus.com/wi/randolph/
Random Lake,https://www.allmenus.com/wi/random-lake/
Redgranite,https://www.allmenus.com/wi/redgranite/
Reedsburg,https://www.allmenus.com/wi/reedsburg/
Rhinelander,https://www.allmenus.com/wi/rhinelander/
Rib Lake,https://www.allmenus.com/wi/rib-lake/
Rice Lake,https://www.allmenus.com/wi/rice-lake/
Richfield,https://www.allmenus.com/wi/richfield/
Richland Center,https://www.allmenus.com/wi/richland-center/
Ripon,https://www.allmenus.com/wi/ripon/
River Falls,https://www.allmenus.com/wi/river-falls/
Roberts,https://www.allmenus.com/wi/roberts/
Rosendale,https://www.allmenus.com/wi/rosendale/
Rothschild,https://www.allmenus.com/wi/rothschild/
Saint Cloud,https://www.allmenus.com/wi/saint-cloud/
Saint Croix Falls,https://www.allmenus.com/wi/saint-croix-falls/
Saint Germain,https://www.allmenus.com/wi/saint-germain/
Salem,https://www.allmenus.com/wi/salem/
Sauk City,https://www.allmenus.com/wi/sauk-city/
Saukville,https://www.allmenus.com/wi/saukville/
Schofield,https://www.allmenus.com/wi/schofield/
Seymour,https://www.allmenus.com/wi/seymour/
Shawano,https://www.allmenus.com/wi/shawano/
Sheboygan,https://www.allmenus.com/wi/sheboygan/
Sheboygan Falls,https://www.allmenus.com/wi/sheboygan-falls/
Sherwood,https://www.allmenus.com/wi/sherwood/
Shiocton,https://www.allmenus.com/wi/shiocton/
Shorewood,https://www.allmenus.com/wi/shorewood/
Shullsburg,https://www.allmenus.com/wi/shullsburg/
Siren,https://www.allmenus.com/wi/siren/
Sister Bay,https://www.allmenus.com/wi/sister-bay/
Slinger,https://www.allmenus.com/wi/slinger/
Solon Springs,https://www.allmenus.com/wi/solon-springs/
Somerset,https://www.allmenus.com/wi/somerset/
South Milwaukee,https://www.allmenus.com/wi/south-milwaukee/
South Range,https://www.allmenus.com/wi/south-range/
Sparta,https://www.allmenus.com/wi/sparta/
Spencer,https://www.allmenus.com/wi/spencer/
Spooner,https://www.allmenus.com/wi/spooner/
Spring Green,https://www.allmenus.com/wi/spring-green/
Spring Valley,https://www.allmenus.com/wi/spring-valley/
Stanley,https://www.allmenus.com/wi/stanley/
Stevens Point,https://www.allmenus.com/wi/stevens-point/
Stoughton,https://www.allmenus.com/wi/stoughton/
Stratford,https://www.allmenus.com/wi/stratford/
Sturgeon Bay,https://www.allmenus.com/wi/sturgeon-bay/
Sturtevant,https://www.allmenus.com/wi/sturtevant/
Suamico,https://www.allmenus.com/wi/suamico/
Sun Prairie,https://www.allmenus.com/wi/sun-prairie/
Superior,https://www.allmenus.com/wi/superior/
Sussex,https://www.allmenus.com/wi/sussex/
Thiensville,https://www.allmenus.com/wi/thiensville/
Thorp,https://www.allmenus.com/wi/thorp/
Three Lakes,https://www.allmenus.com/wi/three-lakes/
Tomah,https://www.allmenus.com/wi/tomah/
Tomahawk,https://www.allmenus.com/wi/tomahawk/
Trego,https://www.allmenus.com/wi/trego/
Trempealeau,https://www.allmenus.com/wi/trempealeau/
Trevor,https://www.allmenus.com/wi/trevor/
Turtle Lake,https://www.allmenus.com/wi/turtle-lake/
Twin Lakes,https://www.allmenus.com/wi/twin-lakes/
Two Rivers,https://www.allmenus.com/wi/two-rivers/
Union Grove,https://www.allmenus.com/wi/union-grove/
Valders,https://www.allmenus.com/wi/valders/
Verona,https://www.allmenus.com/wi/verona/
Viroqua,https://www.allmenus.com/wi/viroqua/
Wales,https://www.allmenus.com/wi/wales/
Walworth,https://www.allmenus.com/wi/walworth/
Warrens,https://www.allmenus.com/wi/warrens/
Washburn,https://www.allmenus.com/wi/washburn/
Washington Island,https://www.allmenus.com/wi/washington-island/
Waterford,https://www.allmenus.com/wi/waterford/
Waterloo,https://www.allmenus.com/wi/waterloo/
Watertown,https://www.allmenus.com/wi/watertown/
Waukesha,https://www.allmenus.com/wi/waukesha/
Waunakee,https://www.allmenus.com/wi/waunakee/
Waupaca,https://www.allmenus.com/wi/waupaca/
Waupun,https://www.allmenus.com/wi/waupun/
Wausau,https://www.allmenus.com/wi/wausau/
Wausaukee,https://www.allmenus.com/wi/wausaukee/
Wautoma,https://www.allmenus.com/wi/wautoma/
Wauwatosa,https://www.allmenus.com/wi/wauwatosa/
Webster,https://www.allmenus.com/wi/webster/
West Allis,https://www.allmenus.com/wi/west-allis/
West Bend,https://www.allmenus.com/wi/west-bend/
West Milwaukee,https://www.allmenus.com/wi/west-milwaukee/
West Salem,https://www.allmenus.com/wi/west-salem/
Westby,https://www.allmenus.com/wi/westby/
Westfield,https://www.allmenus.com/wi/westfield/
Weyauwega,https://www.allmenus.com/wi/weyauwega/
Whitehall,https://www.allmenus.com/wi/whitehall/
Whitewater,https://www.allmenus.com/wi/whitewater/
Willard,https://www.allmenus.com/wi/willard/
Williams Bay,https://www.allmenus.com/wi/williams-bay/
Wilson,https://www.allmenus.com/wi/wilson/
Windsor,https://www.allmenus.com/wi/windsor/
Winneconne,https://www.allmenus.com/wi/winneconne/
Wisconsin Dells,https://www.allmenus.com/wi/wisconsin-dells/
Wisconsin Rapids,https://www.allmenus.com/wi/wisconsin-rapids/
Wittenberg,https://www.allmenus.com/wi/wittenberg/
Woodruff,https://www.allmenus.com/wi/woodruff/
Wrightstown,https://www.allmenus.com/wi/wrightstown/
