City Name,City URL
Afton,https://www.allmenus.com/wy/afton/
Beulah,https://www.allmenus.com/wy/beulah/
Big Piney,https://www.allmenus.com/wy/big-piney/
Buffalo,https://www.allmenus.com/wy/buffalo/
Casper,https://www.allmenus.com/wy/casper/
Cheyenne,https://www.allmenus.com/wy/cheyenne/
Cody,https://www.allmenus.com/wy/cody/
Douglas,https://www.allmenus.com/wy/douglas/
Dubois,https://www.allmenus.com/wy/dubois/
Evanston,https://www.allmenus.com/wy/evanston/
Evansville,https://www.allmenus.com/wy/evansville/
Fe Warren Afb,https://www.allmenus.com/wy/fe-warren-afb/
Gillette,https://www.allmenus.com/wy/gillette/
Glenrock,https://www.allmenus.com/wy/glenrock/
Green River,https://www.allmenus.com/wy/green-river/
Greybull,https://www.allmenus.com/wy/greybull/
Hulett,https://www.allmenus.com/wy/hulett/
Jackson,https://www.allmenus.com/wy/jackson/
Kemmerer,https://www.allmenus.com/wy/kemmerer/
Lander,https://www.allmenus.com/wy/lander/
Laramie,https://www.allmenus.com/wy/laramie/
Lovell,https://www.allmenus.com/wy/lovell/
Lusk,https://www.allmenus.com/wy/lusk/
Lyman,https://www.allmenus.com/wy/lyman/
Mills,https://www.allmenus.com/wy/mills/
Moorcroft,https://www.allmenus.com/wy/moorcroft/
Moose,https://www.allmenus.com/wy/moose/
Moran,https://www.allmenus.com/wy/moran/
Newcastle,https://www.allmenus.com/wy/newcastle/
Pine Bluffs,https://www.allmenus.com/wy/pine-bluffs/
Pinedale,https://www.allmenus.com/wy/pinedale/
Powell,https://www.allmenus.com/wy/powell/
Rawlins,https://www.allmenus.com/wy/rawlins/
Riverton,https://www.allmenus.com/wy/riverton/
Rock Springs,https://www.allmenus.com/wy/rock-springs/
Sheridan,https://www.allmenus.com/wy/sheridan/
Sinclair,https://www.allmenus.com/wy/sinclair/
Story,https://www.allmenus.com/wy/story/
Sundance,https://www.allmenus.com/wy/sundance/
Thermopolis,https://www.allmenus.com/wy/thermopolis/
Torrington,https://www.allmenus.com/wy/torrington/
Wheatland,https://www.allmenus.com/wy/wheatland/
Wilson,https://www.allmenus.com/wy/wilson/
Worland,https://www.allmenus.com/wy/worland/
